category	slug	url_en
biology	acres-per-hour	https://www.omnicalculator.com/biology/acres-per-hour
biology	allele-frequency	https://www.omnicalculator.com/biology/allele-frequency
biology	animal-mortality-rate	https://www.omnicalculator.com/biology/animal-mortality-rate
biology	annealing-temperature	https://www.omnicalculator.com/biology/annealing-temperature
biology	bacteria-growth	https://www.omnicalculator.com/biology/bacteria-growth
biology	basal-area	https://www.omnicalculator.com/biology/basal-area
biology	benadryl-dosage-for-dogs	https://www.omnicalculator.com/biology/benadryl-dosage-for-dogs
biology	bird-age	https://www.omnicalculator.com/biology/bird-age
biology	bulb-spacing	https://www.omnicalculator.com/biology/bulb-spacing
biology	cat-age	https://www.omnicalculator.com/biology/cat-age
biology	cat-benadryl-dosage	https://www.omnicalculator.com/biology/cat-benadryl-dosage
biology	cat-bmi	https://www.omnicalculator.com/biology/cat-bmi
biology	cat-calorie	https://www.omnicalculator.com/biology/cat-calorie
biology	cat-chocolate-toxicity	https://www.omnicalculator.com/biology/cat-chocolate-toxicity
biology	cat-pregnancy	https://www.omnicalculator.com/biology/cat-pregnancy
biology	cat-quality-of-life	https://www.omnicalculator.com/biology/cat-quality-of-life
biology	catculator	https://www.omnicalculator.com/biology/catculator
biology	cattle-per-acre	https://www.omnicalculator.com/biology/cattle-per-acre
biology	cell-dilution	https://www.omnicalculator.com/biology/cell-dilution
biology	cell-doubling-time	https://www.omnicalculator.com/biology/cell-doubling-time
biology	cephalexin-for-cats-dosage	https://www.omnicalculator.com/biology/cephalexin-for-cats-dosage
biology	cephalexin-for-dogs-dosage	https://www.omnicalculator.com/biology/cephalexin-for-dogs-dosage
biology	co2-grow-room	https://www.omnicalculator.com/biology/co2-grow-room
biology	compost	https://www.omnicalculator.com/biology/compost
biology	corn-yield	https://www.omnicalculator.com/biology/corn-yield
biology	cow-gestation	https://www.omnicalculator.com/biology/cow-gestation
biology	cricket-chirp-thermometer	https://www.omnicalculator.com/biology/cricket-chirp-thermometer
biology	daily-light-integral-dli	https://www.omnicalculator.com/biology/daily-light-integral-dli
biology	dihybrid-cross-punnett-square	https://www.omnicalculator.com/biology/dihybrid-cross-punnett-square
biology	dna-concentration	https://www.omnicalculator.com/biology/dna-concentration
biology	dna-copy-number	https://www.omnicalculator.com/biology/dna-copy-number
biology	dna-to-mrna	https://www.omnicalculator.com/biology/dna-to-mrna
biology	dog-age	https://www.omnicalculator.com/biology/dog-age
biology	dog-bmi	https://www.omnicalculator.com/biology/dog-bmi
biology	dog-calorie	https://www.omnicalculator.com/biology/dog-calorie
biology	dog-chocolate-toxicity	https://www.omnicalculator.com/biology/dog-chocolate-toxicity
biology	dog-crate-size	https://www.omnicalculator.com/biology/dog-crate-size
biology	dog-food	https://www.omnicalculator.com/biology/dog-food
biology	dog-harness-size	https://www.omnicalculator.com/biology/dog-harness-size
biology	dog-heat-cycle	https://www.omnicalculator.com/biology/dog-heat-cycle
biology	dog-life-expectancy	https://www.omnicalculator.com/biology/dog-life-expectancy
biology	dog-metacam	https://www.omnicalculator.com/biology/dog-metacam
biology	dog-onion-toxicity	https://www.omnicalculator.com/biology/dog-onion-toxicity
biology	dog-pregnancy	https://www.omnicalculator.com/biology/dog-pregnancy
biology	dog-quality-of-life	https://www.omnicalculator.com/biology/dog-quality-of-life
biology	dog-raisin-toxicity	https://www.omnicalculator.com/biology/dog-raisin-toxicity
biology	dog-size	https://www.omnicalculator.com/biology/dog-size
biology	dog-water-intake	https://www.omnicalculator.com/biology/dog-water-intake
biology	dry-matter	https://www.omnicalculator.com/biology/dry-matter
biology	fcr	https://www.omnicalculator.com/biology/fcr
biology	fertilizer	https://www.omnicalculator.com/biology/fertilizer
biology	fish-oil-dosage-for-cats	https://www.omnicalculator.com/biology/fish-oil-dosage-for-cats
biology	gdu	https://www.omnicalculator.com/biology/gdu
biology	goat-gestation	https://www.omnicalculator.com/biology/goat-gestation
biology	grain-bin	https://www.omnicalculator.com/biology/grain-bin
biology	grain-conversion	https://www.omnicalculator.com/biology/grain-conversion
biology	grass-seed	https://www.omnicalculator.com/biology/grass-seed
biology	guinea-pig-age	https://www.omnicalculator.com/biology/guinea-pig-age
biology	guinea-pig-pregnancy	https://www.omnicalculator.com/biology/guinea-pig-pregnancy
biology	hamster-age	https://www.omnicalculator.com/biology/hamster-age
biology	hardy-weinberg-equilibrium	https://www.omnicalculator.com/biology/hardy-weinberg-equilibrium
biology	horse-gestation	https://www.omnicalculator.com/biology/horse-gestation
biology	horse-weight	https://www.omnicalculator.com/biology/horse-weight
biology	how-big-will-my-cat-get	https://www.omnicalculator.com/biology/how-big-will-my-cat-get
biology	ligation	https://www.omnicalculator.com/biology/ligation
biology	livestock-fence	https://www.omnicalculator.com/biology/livestock-fence
biology	llama	https://www.omnicalculator.com/biology/llama
biology	log-reduction	https://www.omnicalculator.com/biology/log-reduction
biology	metacam-dosage-cat	https://www.omnicalculator.com/biology/metacam-dosage-cat
biology	mlvss	https://www.omnicalculator.com/biology/mlvss
biology	mowing-cost	https://www.omnicalculator.com/biology/mowing-cost
biology	mulch	https://www.omnicalculator.com/biology/mulch
biology	mutation-frequency	https://www.omnicalculator.com/biology/mutation-frequency
biology	omega-3-for-dogs	https://www.omnicalculator.com/biology/omega-3-for-dogs
biology	pet-sitter-rates	https://www.omnicalculator.com/biology/pet-sitter-rates
biology	pine-straw	https://www.omnicalculator.com/biology/pine-straw
biology	plant-population	https://www.omnicalculator.com/biology/plant-population
biology	plants	https://www.omnicalculator.com/biology/plants
biology	potting-soil-calculator	https://www.omnicalculator.com/biology/potting-soil-calculator
biology	protein-concentration	https://www.omnicalculator.com/biology/protein-concentration
biology	protein-molecular-weight	https://www.omnicalculator.com/biology/protein-molecular-weight
biology	punnett-square	https://www.omnicalculator.com/biology/punnett-square
biology	qpcr-efficiency	https://www.omnicalculator.com/biology/qpcr-efficiency
biology	rabbit-cage-size	https://www.omnicalculator.com/biology/rabbit-cage-size
biology	rabbit-color	https://www.omnicalculator.com/biology/rabbit-color
biology	rabbit-gestation	https://www.omnicalculator.com/biology/rabbit-gestation
biology	raised-bed-soil	https://www.omnicalculator.com/biology/raised-bed-soil
biology	rat-cage	https://www.omnicalculator.com/biology/rat-cage
biology	raw-dog-food	https://www.omnicalculator.com/biology/raw-dog-food
biology	sheep-gestation	https://www.omnicalculator.com/biology/sheep-gestation
biology	sod	https://www.omnicalculator.com/biology/sod
biology	soil	https://www.omnicalculator.com/biology/soil
biology	swine-gestation	https://www.omnicalculator.com/biology/swine-gestation
biology	the-cost-of-owning-a-dog	https://www.omnicalculator.com/biology/the-cost-of-owning-a-dog
biology	tramadol-for-dogs	https://www.omnicalculator.com/biology/tramadol-for-dogs
biology	tree-age	https://www.omnicalculator.com/biology/tree-age
biology	tree-diameter	https://www.omnicalculator.com/biology/tree-diameter
biology	tree-height	https://www.omnicalculator.com/biology/tree-height
biology	tree-leaves	https://www.omnicalculator.com/biology/tree-leaves
biology	tree-spacing	https://www.omnicalculator.com/biology/tree-spacing
biology	tree-value	https://www.omnicalculator.com/biology/tree-value
biology	trihybrid-cross-punnett-square	https://www.omnicalculator.com/biology/trihybrid-cross-punnett-square
biology	turtle-tank	https://www.omnicalculator.com/biology/turtle-tank
biology	vapor-pressure-deficit	https://www.omnicalculator.com/biology/vapor-pressure-deficit
biology	vegetable-seed	https://www.omnicalculator.com/biology/vegetable-seed
biology	vegetable-yield	https://www.omnicalculator.com/biology/vegetable-yield
biology	wastewater	https://www.omnicalculator.com/biology/wastewater
biology	water-potential	https://www.omnicalculator.com/biology/water-potential
biology	water-soluble-fertilizer	https://www.omnicalculator.com/biology/water-soluble-fertilizer
chemistry	activation-energy	https://www.omnicalculator.com/chemistry/activation-energy
chemistry	activity-coefficient	https://www.omnicalculator.com/chemistry/activity-coefficient
chemistry	actual-yield	https://www.omnicalculator.com/chemistry/actual-yield
chemistry	air-fuel-ratio-afr	https://www.omnicalculator.com/chemistry/air-fuel-ratio-afr
chemistry	alligation	https://www.omnicalculator.com/chemistry/alligation
chemistry	arrhenius-equation	https://www.omnicalculator.com/chemistry/arrhenius-equation
chemistry	atom	https://www.omnicalculator.com/chemistry/atom
chemistry	atom-economy	https://www.omnicalculator.com/chemistry/atom-economy
chemistry	atomic-mass	https://www.omnicalculator.com/chemistry/atomic-mass
chemistry	average-atomic-mass	https://www.omnicalculator.com/chemistry/average-atomic-mass
chemistry	avogadro	https://www.omnicalculator.com/chemistry/avogadro
chemistry	beer-lambert-law	https://www.omnicalculator.com/chemistry/beer-lambert-law
chemistry	bleach-dilution	https://www.omnicalculator.com/chemistry/bleach-dilution
chemistry	boiling-point	https://www.omnicalculator.com/chemistry/boiling-point
chemistry	boiling-point-altitude	https://www.omnicalculator.com/chemistry/boiling-point-altitude
chemistry	boiling-point-elevation	https://www.omnicalculator.com/chemistry/boiling-point-elevation
chemistry	bond-order	https://www.omnicalculator.com/chemistry/bond-order
chemistry	buffer-capacity	https://www.omnicalculator.com/chemistry/buffer-capacity
chemistry	buffer-ph	https://www.omnicalculator.com/chemistry/buffer-ph
chemistry	calibration-curve	https://www.omnicalculator.com/chemistry/calibration-curve
chemistry	carbon-dating	https://www.omnicalculator.com/chemistry/carbon-dating
chemistry	chemical-equation-balancer	https://www.omnicalculator.com/chemistry/chemical-equation-balancer
chemistry	chemical-name	https://www.omnicalculator.com/chemistry/chemical-name
chemistry	chemical-oxygen-demand	https://www.omnicalculator.com/chemistry/chemical-oxygen-demand
chemistry	combustion-analysis	https://www.omnicalculator.com/chemistry/combustion-analysis
chemistry	combustion-reaction	https://www.omnicalculator.com/chemistry/combustion-reaction
chemistry	concentration	https://www.omnicalculator.com/chemistry/concentration
chemistry	crude-protein	https://www.omnicalculator.com/chemistry/crude-protein
chemistry	cubic-cell	https://www.omnicalculator.com/chemistry/cubic-cell
chemistry	degree-of-unsaturation	https://www.omnicalculator.com/chemistry/degree-of-unsaturation
chemistry	detention-time	https://www.omnicalculator.com/chemistry/detention-time
chemistry	diffusion-coefficient	https://www.omnicalculator.com/chemistry/diffusion-coefficient
chemistry	dilution-factor	https://www.omnicalculator.com/chemistry/dilution-factor
chemistry	double-bond-equivalent	https://www.omnicalculator.com/chemistry/double-bond-equivalent
chemistry	effective-charge	https://www.omnicalculator.com/chemistry/effective-charge
chemistry	electrolysis	https://www.omnicalculator.com/chemistry/electrolysis
chemistry	electromotive-force	https://www.omnicalculator.com/chemistry/electromotive-force
chemistry	electron-configuration	https://www.omnicalculator.com/chemistry/electron-configuration
chemistry	electronegativity	https://www.omnicalculator.com/chemistry/electronegativity
chemistry	empirical-formula	https://www.omnicalculator.com/chemistry/empirical-formula
chemistry	entropy	https://www.omnicalculator.com/chemistry/entropy
chemistry	enzyme-activity	https://www.omnicalculator.com/chemistry/enzyme-activity
chemistry	equilibrium-constant	https://www.omnicalculator.com/chemistry/equilibrium-constant
chemistry	freezing-point-depression	https://www.omnicalculator.com/chemistry/freezing-point-depression
chemistry	gibbs-energy	https://www.omnicalculator.com/chemistry/gibbs-energy
chemistry	grahams-law-of-diffusion	https://www.omnicalculator.com/chemistry/grahams-law-of-diffusion
chemistry	grams-to-moles	https://www.omnicalculator.com/chemistry/grams-to-moles
chemistry	half-life	https://www.omnicalculator.com/chemistry/half-life
chemistry	heat-of-combustion	https://www.omnicalculator.com/chemistry/heat-of-combustion
chemistry	henderson-hasselbalch	https://www.omnicalculator.com/chemistry/henderson-hasselbalch
chemistry	hydraulic-retention-time	https://www.omnicalculator.com/chemistry/hydraulic-retention-time
chemistry	hydrogen-ion-concentration	https://www.omnicalculator.com/chemistry/hydrogen-ion-concentration
chemistry	ionic-strength	https://www.omnicalculator.com/chemistry/ionic-strength
chemistry	isoelectric-point	https://www.omnicalculator.com/chemistry/isoelectric-point
chemistry	kp	https://www.omnicalculator.com/chemistry/kp
chemistry	langmuir-isotherm	https://www.omnicalculator.com/chemistry/langmuir-isotherm
chemistry	lattice-energy	https://www.omnicalculator.com/chemistry/lattice-energy
chemistry	liquid-ethylene-density	https://www.omnicalculator.com/chemistry/liquid-ethylene-density
chemistry	mass-concentration-to-molar-concentration	https://www.omnicalculator.com/chemistry/mass-concentration-to-molar-concentration
chemistry	mass-percent	https://www.omnicalculator.com/chemistry/mass-percent
chemistry	michaelis-menten-equation	https://www.omnicalculator.com/chemistry/michaelis-menten-equation
chemistry	miller-indices	https://www.omnicalculator.com/chemistry/miller-indices
chemistry	mixing-ratio	https://www.omnicalculator.com/chemistry/mixing-ratio
chemistry	molality	https://www.omnicalculator.com/chemistry/molality
chemistry	molar-mass	https://www.omnicalculator.com/chemistry/molar-mass
chemistry	molar-mass-of-gas	https://www.omnicalculator.com/chemistry/molar-mass-of-gas
chemistry	molar-ratio	https://www.omnicalculator.com/chemistry/molar-ratio
chemistry	molarity	https://www.omnicalculator.com/chemistry/molarity
chemistry	mole	https://www.omnicalculator.com/chemistry/mole
chemistry	mole-fraction	https://www.omnicalculator.com/chemistry/mole-fraction
chemistry	molecular-weight	https://www.omnicalculator.com/chemistry/molecular-weight
chemistry	moles-to-atoms	https://www.omnicalculator.com/chemistry/moles-to-atoms
chemistry	nernst-equation	https://www.omnicalculator.com/chemistry/nernst-equation
chemistry	net-ionic-equation	https://www.omnicalculator.com/chemistry/net-ionic-equation
chemistry	neutralization	https://www.omnicalculator.com/chemistry/neutralization
chemistry	normality	https://www.omnicalculator.com/chemistry/normality
chemistry	osmotic-pressure	https://www.omnicalculator.com/chemistry/osmotic-pressure
chemistry	partial-pressure	https://www.omnicalculator.com/chemistry/partial-pressure
chemistry	percent-composition	https://www.omnicalculator.com/chemistry/percent-composition
chemistry	percent-ionic-character	https://www.omnicalculator.com/chemistry/percent-ionic-character
chemistry	percent-solution	https://www.omnicalculator.com/chemistry/percent-solution
chemistry	percent-yield	https://www.omnicalculator.com/chemistry/percent-yield
chemistry	percentage-concentration-to-molarity	https://www.omnicalculator.com/chemistry/percentage-concentration-to-molarity
chemistry	ph	https://www.omnicalculator.com/chemistry/ph
chemistry	phase-rule	https://www.omnicalculator.com/chemistry/phase-rule
chemistry	pka	https://www.omnicalculator.com/chemistry/pka
chemistry	ppm-to-molarity	https://www.omnicalculator.com/chemistry/ppm-to-molarity
chemistry	protein-solubility	https://www.omnicalculator.com/chemistry/protein-solubility
chemistry	q10	https://www.omnicalculator.com/chemistry/q10
chemistry	radioactive-decay	https://www.omnicalculator.com/chemistry/radioactive-decay
chemistry	raoults-law	https://www.omnicalculator.com/chemistry/raoults-law
chemistry	rate-constant	https://www.omnicalculator.com/chemistry/rate-constant
chemistry	reaction-quotient	https://www.omnicalculator.com/chemistry/reaction-quotient
chemistry	reconstitution	https://www.omnicalculator.com/chemistry/reconstitution
chemistry	resuspension	https://www.omnicalculator.com/chemistry/resuspension
chemistry	saponification-value	https://www.omnicalculator.com/chemistry/saponification-value
chemistry	serial-dilution	https://www.omnicalculator.com/chemistry/serial-dilution
chemistry	solution-dilution	https://www.omnicalculator.com/chemistry/solution-dilution
chemistry	standard-temperature-and-pressure	https://www.omnicalculator.com/chemistry/standard-temperature-and-pressure
chemistry	tds	https://www.omnicalculator.com/chemistry/tds
chemistry	theoretical-yield	https://www.omnicalculator.com/chemistry/theoretical-yield
chemistry	titration	https://www.omnicalculator.com/chemistry/titration
chemistry	two-photon-absorption	https://www.omnicalculator.com/chemistry/two-photon-absorption
chemistry	vapor-pressure	https://www.omnicalculator.com/chemistry/vapor-pressure
chemistry	vapour-pressure-of-water	https://www.omnicalculator.com/chemistry/vapour-pressure-of-water
chemistry	water-hardness	https://www.omnicalculator.com/chemistry/water-hardness
chemistry	young-laplace-equation	https://www.omnicalculator.com/chemistry/young-laplace-equation
construction	ac-tonnage	https://www.omnicalculator.com/construction/ac-tonnage
construction	air-changes-per-hour	https://www.omnicalculator.com/construction/air-changes-per-hour
construction	air-conditioner-room-size	https://www.omnicalculator.com/construction/air-conditioner-room-size
construction	aluminum-weight	https://www.omnicalculator.com/construction/aluminum-weight
construction	angle-cut	https://www.omnicalculator.com/construction/angle-cut
construction	angle-of-depression	https://www.omnicalculator.com/construction/angle-of-depression
construction	arch	https://www.omnicalculator.com/construction/arch
construction	asphalt	https://www.omnicalculator.com/construction/asphalt
construction	baluster	https://www.omnicalculator.com/construction/baluster
construction	beam-deflection	https://www.omnicalculator.com/construction/beam-deflection
construction	beam-load	https://www.omnicalculator.com/construction/beam-load
construction	bending-stress	https://www.omnicalculator.com/construction/bending-stress
construction	birdsmouth-cut	https://www.omnicalculator.com/construction/birdsmouth-cut
construction	board-and-batten	https://www.omnicalculator.com/construction/board-and-batten
construction	board-foot	https://www.omnicalculator.com/construction/board-foot
construction	board-on-board-fence	https://www.omnicalculator.com/construction/board-on-board-fence
construction	boiler-size	https://www.omnicalculator.com/construction/boiler-size
construction	bolt-circle	https://www.omnicalculator.com/construction/bolt-circle
construction	bolt-torque	https://www.omnicalculator.com/construction/bolt-torque
construction	bowl-segment	https://www.omnicalculator.com/construction/bowl-segment
construction	box-fill	https://www.omnicalculator.com/construction/box-fill
construction	brick	https://www.omnicalculator.com/construction/brick
construction	carbon-equivalent	https://www.omnicalculator.com/construction/carbon-equivalent
construction	carpet	https://www.omnicalculator.com/construction/carpet
construction	cement	https://www.omnicalculator.com/construction/cement
construction	cfm	https://www.omnicalculator.com/construction/cfm
construction	chicken-coop-size	https://www.omnicalculator.com/construction/chicken-coop-size
construction	clearance-hole	https://www.omnicalculator.com/construction/clearance-hole
construction	concrete-block	https://www.omnicalculator.com/construction/concrete-block
construction	concrete-block-fill	https://www.omnicalculator.com/construction/concrete-block-fill
construction	concrete-column	https://www.omnicalculator.com/construction/concrete-column
construction	concrete-cylinder	https://www.omnicalculator.com/construction/concrete-cylinder
construction	concrete-driveway-cost	https://www.omnicalculator.com/construction/concrete-driveway-cost
construction	concrete-slab	https://www.omnicalculator.com/construction/concrete-slab
construction	concrete-stairs	https://www.omnicalculator.com/construction/concrete-stairs
construction	concrete-tube	https://www.omnicalculator.com/construction/concrete-tube
construction	concrete-weight	https://www.omnicalculator.com/construction/concrete-weight
construction	countersink-depth	https://www.omnicalculator.com/construction/countersink-depth
construction	crushed-stone	https://www.omnicalculator.com/construction/crushed-stone
construction	cubic-yard	https://www.omnicalculator.com/construction/cubic-yard
construction	deck-stain	https://www.omnicalculator.com/construction/deck-stain
construction	decking	https://www.omnicalculator.com/construction/decking
construction	diy-shed-cost	https://www.omnicalculator.com/construction/diy-shed-cost
construction	door-header-size	https://www.omnicalculator.com/construction/door-header-size
construction	drywall	https://www.omnicalculator.com/construction/drywall
construction	elevation-grade	https://www.omnicalculator.com/construction/elevation-grade
construction	epoxy	https://www.omnicalculator.com/construction/epoxy
construction	fence	https://www.omnicalculator.com/construction/fence
construction	fence-cost	https://www.omnicalculator.com/construction/fence-cost
construction	fence-estimate	https://www.omnicalculator.com/construction/fence-estimate
construction	fence-material	https://www.omnicalculator.com/construction/fence-material
construction	fence-perimeter	https://www.omnicalculator.com/construction/fence-perimeter
construction	fence-picket	https://www.omnicalculator.com/construction/fence-picket
construction	fence-post-depth	https://www.omnicalculator.com/construction/fence-post-depth
construction	fire-flow	https://www.omnicalculator.com/construction/fire-flow
construction	fire-glass	https://www.omnicalculator.com/construction/fire-glass
construction	floor-area-ratio	https://www.omnicalculator.com/construction/floor-area-ratio
construction	floor-joist	https://www.omnicalculator.com/construction/floor-joist
construction	flooring	https://www.omnicalculator.com/construction/flooring
construction	framing	https://www.omnicalculator.com/construction/framing
construction	french-drain	https://www.omnicalculator.com/construction/french-drain
construction	ft2-yd3	https://www.omnicalculator.com/construction/ft2-yd3
construction	furnace-size	https://www.omnicalculator.com/construction/furnace-size
construction	gallons-per-minute	https://www.omnicalculator.com/construction/gallons-per-minute
construction	gallons-per-square-foot	https://www.omnicalculator.com/construction/gallons-per-square-foot
construction	gambrel-roof	https://www.omnicalculator.com/construction/gambrel-roof
construction	glass-weight	https://www.omnicalculator.com/construction/glass-weight
construction	gravel	https://www.omnicalculator.com/construction/gravel
construction	gravel-driveway	https://www.omnicalculator.com/construction/gravel-driveway
construction	grout	https://www.omnicalculator.com/construction/grout
construction	heat-loss	https://www.omnicalculator.com/construction/heat-loss
construction	hole-volume	https://www.omnicalculator.com/construction/hole-volume
construction	hoop-house	https://www.omnicalculator.com/construction/hoop-house
construction	insulation	https://www.omnicalculator.com/construction/insulation
construction	junction-box-sizing	https://www.omnicalculator.com/construction/junction-box-sizing
construction	k-factor	https://www.omnicalculator.com/construction/k-factor
construction	ladder-angle	https://www.omnicalculator.com/construction/ladder-angle
construction	landscape-rock	https://www.omnicalculator.com/construction/landscape-rock
construction	limestone	https://www.omnicalculator.com/construction/limestone
construction	liters-per-minute	https://www.omnicalculator.com/construction/liters-per-minute
construction	log-weight	https://www.omnicalculator.com/construction/log-weight
construction	lumber	https://www.omnicalculator.com/construction/lumber
construction	lumber-weight	https://www.omnicalculator.com/construction/lumber-weight
construction	material-removal-rate	https://www.omnicalculator.com/construction/material-removal-rate
construction	metal-roof-cost	https://www.omnicalculator.com/construction/metal-roof-cost
construction	metal-weight	https://www.omnicalculator.com/construction/metal-weight
construction	miter-angle	https://www.omnicalculator.com/construction/miter-angle
construction	mortar	https://www.omnicalculator.com/construction/mortar
construction	paint	https://www.omnicalculator.com/construction/paint
construction	paver	https://www.omnicalculator.com/construction/paver
construction	paver-sand	https://www.omnicalculator.com/construction/paver-sand
construction	pea-gravel	https://www.omnicalculator.com/construction/pea-gravel
construction	pipe-volume	https://www.omnicalculator.com/construction/pipe-volume
construction	pipe-weight	https://www.omnicalculator.com/construction/pipe-weight
construction	pitch-diameter	https://www.omnicalculator.com/construction/pitch-diameter
construction	plate-weight	https://www.omnicalculator.com/construction/plate-weight
construction	plywood	https://www.omnicalculator.com/construction/plywood
construction	pond	https://www.omnicalculator.com/construction/pond
construction	pool	https://www.omnicalculator.com/construction/pool
construction	post-hole-concrete	https://www.omnicalculator.com/construction/post-hole-concrete
construction	privacy-fence	https://www.omnicalculator.com/construction/privacy-fence
construction	punch-force	https://www.omnicalculator.com/construction/punch-force
construction	rafter-length	https://www.omnicalculator.com/construction/rafter-length
construction	ramp-slope	https://www.omnicalculator.com/construction/ramp-slope
construction	rebar	https://www.omnicalculator.com/construction/rebar
construction	retaining-wall	https://www.omnicalculator.com/construction/retaining-wall
construction	rip-rap	https://www.omnicalculator.com/construction/rip-rap
construction	river-rock	https://www.omnicalculator.com/construction/river-rock
construction	rivet-size	https://www.omnicalculator.com/construction/rivet-size
construction	road-base	https://www.omnicalculator.com/construction/road-base
construction	rolling-offset	https://www.omnicalculator.com/construction/rolling-offset
construction	roof-pitch	https://www.omnicalculator.com/construction/roof-pitch
construction	roof-shingle	https://www.omnicalculator.com/construction/roof-shingle
construction	roof-truss	https://www.omnicalculator.com/construction/roof-truss
construction	roofing	https://www.omnicalculator.com/construction/roofing
construction	round-pen	https://www.omnicalculator.com/construction/round-pen
construction	round-pool-volume	https://www.omnicalculator.com/construction/round-pool-volume
construction	sag	https://www.omnicalculator.com/construction/sag
construction	sand	https://www.omnicalculator.com/construction/sand
construction	sealant	https://www.omnicalculator.com/construction/sealant
construction	shiplap	https://www.omnicalculator.com/construction/shiplap
construction	siding	https://www.omnicalculator.com/construction/siding
construction	size-to-weight-rectangular-cuboid	https://www.omnicalculator.com/construction/size-to-weight-rectangular-cuboid
construction	snow-load	https://www.omnicalculator.com/construction/snow-load
construction	sonotube	https://www.omnicalculator.com/construction/sonotube
construction	spindle-spacing	https://www.omnicalculator.com/construction/spindle-spacing
construction	spindle-speed	https://www.omnicalculator.com/construction/spindle-speed
construction	spiral-staircase	https://www.omnicalculator.com/construction/spiral-staircase
construction	square-footage	https://www.omnicalculator.com/construction/square-footage
construction	square-meter	https://www.omnicalculator.com/construction/square-meter
construction	square-yard	https://www.omnicalculator.com/construction/square-yard
construction	square-yards	https://www.omnicalculator.com/construction/square-yards
construction	stair-carpet	https://www.omnicalculator.com/construction/stair-carpet
construction	stairs	https://www.omnicalculator.com/construction/stairs
construction	steel-plate-weight	https://www.omnicalculator.com/construction/steel-plate-weight
construction	steel-weight	https://www.omnicalculator.com/construction/steel-weight
construction	stone	https://www.omnicalculator.com/construction/stone
construction	tank-volume	https://www.omnicalculator.com/construction/tank-volume
construction	taper	https://www.omnicalculator.com/construction/taper
construction	thinset	https://www.omnicalculator.com/construction/thinset
construction	thread	https://www.omnicalculator.com/construction/thread
construction	thread-pitch	https://www.omnicalculator.com/construction/thread-pitch
construction	tile	https://www.omnicalculator.com/construction/tile
construction	tonnage	https://www.omnicalculator.com/construction/tonnage
construction	true-position	https://www.omnicalculator.com/construction/true-position
construction	trump	https://www.omnicalculator.com/construction/trump
construction	vertical-curve	https://www.omnicalculator.com/construction/vertical-curve
construction	vinyl-fence	https://www.omnicalculator.com/construction/vinyl-fence
construction	vinyl-fence-cost	https://www.omnicalculator.com/construction/vinyl-fence-cost
construction	vinyl-siding	https://www.omnicalculator.com/construction/vinyl-siding
construction	wainscoting	https://www.omnicalculator.com/construction/wainscoting
construction	wall-square-footage	https://www.omnicalculator.com/construction/wall-square-footage
construction	wallpaper	https://www.omnicalculator.com/construction/wallpaper
construction	welding	https://www.omnicalculator.com/construction/welding
construction	wood-beam-span	https://www.omnicalculator.com/construction/wood-beam-span
construction	wood-fence	https://www.omnicalculator.com/construction/wood-fence
conversion	acreage	https://www.omnicalculator.com/conversion/acreage
conversion	acres-to-hectares-converter	https://www.omnicalculator.com/conversion/acres-to-hectares-converter
conversion	acres-to-square-feet-converter	https://www.omnicalculator.com/conversion/acres-to-square-feet-converter
conversion	acres-to-square-miles	https://www.omnicalculator.com/conversion/acres-to-square-miles
conversion	angle-converter	https://www.omnicalculator.com/conversion/angle-converter
conversion	angstrom-to-nm-conversion	https://www.omnicalculator.com/conversion/angstrom-to-nm-conversion
conversion	area-converter	https://www.omnicalculator.com/conversion/area-converter
conversion	ares-to-cents	https://www.omnicalculator.com/conversion/ares-to-cents
conversion	ares-to-hectares	https://www.omnicalculator.com/conversion/ares-to-hectares
conversion	astronomical-unit	https://www.omnicalculator.com/conversion/astronomical-unit
conversion	atm-conversion	https://www.omnicalculator.com/conversion/atm-conversion
conversion	atm-to-pascals-conversion	https://www.omnicalculator.com/conversion/atm-to-pascals-conversion
conversion	bar-to-atm-conversion	https://www.omnicalculator.com/conversion/bar-to-atm-conversion
conversion	bar-to-psi-conversion	https://www.omnicalculator.com/conversion/bar-to-psi-conversion
conversion	bar-to-psig-conversion	https://www.omnicalculator.com/conversion/bar-to-psig-conversion
conversion	barometric-pressure-conversion	https://www.omnicalculator.com/conversion/barometric-pressure-conversion
conversion	billion-to-trillion-converter	https://www.omnicalculator.com/conversion/billion-to-trillion-converter
conversion	binary	https://www.omnicalculator.com/conversion/binary
conversion	binary-to-hexadecimal	https://www.omnicalculator.com/conversion/binary-to-hexadecimal
conversion	binary-to-octal	https://www.omnicalculator.com/conversion/binary-to-octal
conversion	byte-converter	https://www.omnicalculator.com/conversion/byte-converter
conversion	capacitance-conversion	https://www.omnicalculator.com/conversion/capacitance-conversion
conversion	cc-to-grams-converter	https://www.omnicalculator.com/conversion/cc-to-grams-converter
conversion	cc-to-liter-converter	https://www.omnicalculator.com/conversion/cc-to-liter-converter
conversion	cc-to-ml-converter	https://www.omnicalculator.com/conversion/cc-to-ml-converter
conversion	cc-to-oz-converter	https://www.omnicalculator.com/conversion/cc-to-oz-converter
conversion	ccf-to-gallons-conversion	https://www.omnicalculator.com/conversion/ccf-to-gallons-conversion
conversion	ccf-to-therms	https://www.omnicalculator.com/conversion/ccf-to-therms
conversion	celsius-converter	https://www.omnicalculator.com/conversion/celsius-converter
conversion	celsius-to-fahrenheit	https://www.omnicalculator.com/conversion/celsius-to-fahrenheit
conversion	cent-to-square-meter-converter	https://www.omnicalculator.com/conversion/cent-to-square-meter-converter
conversion	centigrade-to-celsius	https://www.omnicalculator.com/conversion/centigrade-to-celsius
conversion	centimeter	https://www.omnicalculator.com/conversion/centimeter
conversion	cents-to-dollars	https://www.omnicalculator.com/conversion/cents-to-dollars
conversion	cents-to-euros	https://www.omnicalculator.com/conversion/cents-to-euros
conversion	cgs-system-of-units	https://www.omnicalculator.com/conversion/cgs-system-of-units
conversion	cm-height-conversion	https://www.omnicalculator.com/conversion/cm-height-conversion
conversion	cm-to-ft-in-converter	https://www.omnicalculator.com/conversion/cm-to-ft-in-converter
conversion	cm-to-in	https://www.omnicalculator.com/conversion/cm-to-in
conversion	cm-to-km-conversion	https://www.omnicalculator.com/conversion/cm-to-km-conversion
conversion	cm-to-m	https://www.omnicalculator.com/conversion/cm-to-m
conversion	cm-to-mm-conversion	https://www.omnicalculator.com/conversion/cm-to-mm-conversion
conversion	color-converter	https://www.omnicalculator.com/conversion/color-converter
conversion	conversion-calculator	https://www.omnicalculator.com/conversion/conversion-calculator
conversion	coordinates-converter	https://www.omnicalculator.com/conversion/coordinates-converter
conversion	cps-converter	https://www.omnicalculator.com/conversion/cps-converter
conversion	crore-to-lakh	https://www.omnicalculator.com/conversion/crore-to-lakh
conversion	crore-to-million	https://www.omnicalculator.com/conversion/crore-to-million
conversion	cubic-feet	https://www.omnicalculator.com/conversion/cubic-feet
conversion	cubic-feet-to-cubic-meters	https://www.omnicalculator.com/conversion/cubic-feet-to-cubic-meters
conversion	cubic-feet-to-gallons	https://www.omnicalculator.com/conversion/cubic-feet-to-gallons
conversion	cubic-feet-to-pounds	https://www.omnicalculator.com/conversion/cubic-feet-to-pounds
conversion	cubic-inches-to-gallons	https://www.omnicalculator.com/conversion/cubic-inches-to-gallons
conversion	cubic-meter	https://www.omnicalculator.com/conversion/cubic-meter
conversion	cubic-meter-to-ton	https://www.omnicalculator.com/conversion/cubic-meter-to-ton
conversion	cubic-yards-to-tons	https://www.omnicalculator.com/conversion/cubic-yards-to-tons
conversion	cups-to-gallons-converter	https://www.omnicalculator.com/conversion/cups-to-gallons-converter
conversion	cups-to-oz	https://www.omnicalculator.com/conversion/cups-to-oz
conversion	cups-to-pints-converter	https://www.omnicalculator.com/conversion/cups-to-pints-converter
conversion	cups-to-quarts-converter	https://www.omnicalculator.com/conversion/cups-to-quarts-converter
conversion	day-converter	https://www.omnicalculator.com/conversion/day-converter
conversion	days-to-months	https://www.omnicalculator.com/conversion/days-to-months
conversion	days-to-weeks	https://www.omnicalculator.com/conversion/days-to-weeks
conversion	days-to-years	https://www.omnicalculator.com/conversion/days-to-years
conversion	dbm-to-watts	https://www.omnicalculator.com/conversion/dbm-to-watts
conversion	decagram-to-gram	https://www.omnicalculator.com/conversion/decagram-to-gram
conversion	decimal-to-hexadecimal	https://www.omnicalculator.com/conversion/decimal-to-hexadecimal
conversion	decimal-to-octal	https://www.omnicalculator.com/conversion/decimal-to-octal
conversion	decimeter-to-meter	https://www.omnicalculator.com/conversion/decimeter-to-meter
conversion	degrees-minutes-seconds	https://www.omnicalculator.com/conversion/degrees-minutes-seconds
conversion	degrees-to-minutes	https://www.omnicalculator.com/conversion/degrees-to-minutes
conversion	degrees-to-radians	https://www.omnicalculator.com/conversion/degrees-to-radians
conversion	degrees-to-seconds	https://www.omnicalculator.com/conversion/degrees-to-seconds
conversion	density-converter	https://www.omnicalculator.com/conversion/density-converter
conversion	dimensional-analysis	https://www.omnicalculator.com/conversion/dimensional-analysis
conversion	dimes-to-dollars	https://www.omnicalculator.com/conversion/dimes-to-dollars
conversion	distance-converter	https://www.omnicalculator.com/conversion/distance-converter
conversion	dm-conversion	https://www.omnicalculator.com/conversion/dm-conversion
conversion	drops-to-ml-conversion	https://www.omnicalculator.com/conversion/drops-to-ml-conversion
conversion	energy-conversion	https://www.omnicalculator.com/conversion/energy-conversion
conversion	fahrenheit	https://www.omnicalculator.com/conversion/fahrenheit
conversion	fahrenheit-to-celsius	https://www.omnicalculator.com/conversion/fahrenheit-to-celsius
conversion	feet-and-inches	https://www.omnicalculator.com/conversion/feet-and-inches
conversion	feet-converter	https://www.omnicalculator.com/conversion/feet-converter
conversion	feet-to-inches	https://www.omnicalculator.com/conversion/feet-to-inches
conversion	feet-to-miles	https://www.omnicalculator.com/conversion/feet-to-miles
conversion	feet-to-yards-conversion	https://www.omnicalculator.com/conversion/feet-to-yards-conversion
conversion	fluid-ounces-to-pounds-conversion	https://www.omnicalculator.com/conversion/fluid-ounces-to-pounds-conversion
conversion	foot-to-centimeter-converter	https://www.omnicalculator.com/conversion/foot-to-centimeter-converter
conversion	force-conversion	https://www.omnicalculator.com/conversion/force-conversion
conversion	ft-to-m	https://www.omnicalculator.com/conversion/ft-to-m
conversion	fuel-economy-converter	https://www.omnicalculator.com/conversion/fuel-economy-converter
conversion	g-to-lbs	https://www.omnicalculator.com/conversion/g-to-lbs
conversion	g-to-oz	https://www.omnicalculator.com/conversion/g-to-oz
conversion	gaj-to-square-yard-converter	https://www.omnicalculator.com/conversion/gaj-to-square-yard-converter
conversion	gal-to-kg	https://www.omnicalculator.com/conversion/gal-to-kg
conversion	gallon	https://www.omnicalculator.com/conversion/gallon
conversion	gallon-to-tons	https://www.omnicalculator.com/conversion/gallon-to-tons
conversion	gallons-to-cubic-feet	https://www.omnicalculator.com/conversion/gallons-to-cubic-feet
conversion	gallons-to-cups-converter	https://www.omnicalculator.com/conversion/gallons-to-cups-converter
conversion	gallons-to-grams	https://www.omnicalculator.com/conversion/gallons-to-grams
conversion	gallons-to-pints-converter	https://www.omnicalculator.com/conversion/gallons-to-pints-converter
conversion	gallons-to-pounds	https://www.omnicalculator.com/conversion/gallons-to-pounds
conversion	gallons-to-quarts-converter	https://www.omnicalculator.com/conversion/gallons-to-quarts-converter
conversion	gematria	https://www.omnicalculator.com/conversion/gematria
conversion	gr-to-ml-converter	https://www.omnicalculator.com/conversion/gr-to-ml-converter
conversion	gr-to-tsp-converter	https://www.omnicalculator.com/conversion/gr-to-tsp-converter
conversion	gram-to-liter-conversion	https://www.omnicalculator.com/conversion/gram-to-liter-conversion
conversion	grams-in-ml-converter	https://www.omnicalculator.com/conversion/grams-in-ml-converter
conversion	grams-to-calories	https://www.omnicalculator.com/conversion/grams-to-calories
conversion	grams-to-fl-oz	https://www.omnicalculator.com/conversion/grams-to-fl-oz
conversion	greek-gematria	https://www.omnicalculator.com/conversion/greek-gematria
conversion	hardness-conversion	https://www.omnicalculator.com/conversion/hardness-conversion
conversion	hectares-to-acres-converter	https://www.omnicalculator.com/conversion/hectares-to-acres-converter
conversion	height-converter	https://www.omnicalculator.com/conversion/height-converter
conversion	height-in-inches	https://www.omnicalculator.com/conversion/height-in-inches
conversion	hex-to-rgb	https://www.omnicalculator.com/conversion/hex-to-rgb
conversion	hour-converter	https://www.omnicalculator.com/conversion/hour-converter
conversion	hours-to-days	https://www.omnicalculator.com/conversion/hours-to-days
conversion	hours-to-minutes-converter	https://www.omnicalculator.com/conversion/hours-to-minutes-converter
conversion	hours-to-seconds-converter	https://www.omnicalculator.com/conversion/hours-to-seconds-converter
conversion	hours-to-week	https://www.omnicalculator.com/conversion/hours-to-week
conversion	hours-to-years	https://www.omnicalculator.com/conversion/hours-to-years
conversion	imperial	https://www.omnicalculator.com/conversion/imperial
conversion	imperial-to-metric-conversion	https://www.omnicalculator.com/conversion/imperial-to-metric-conversion
conversion	in-to-cm	https://www.omnicalculator.com/conversion/in-to-cm
conversion	inch-converter	https://www.omnicalculator.com/conversion/inch-converter
conversion	inch-lbs-to-nm	https://www.omnicalculator.com/conversion/inch-lbs-to-nm
conversion	inch-pounds-to-foot-pounds	https://www.omnicalculator.com/conversion/inch-pounds-to-foot-pounds
conversion	inch-to-meter	https://www.omnicalculator.com/conversion/inch-to-meter
conversion	inches-to-fraction	https://www.omnicalculator.com/conversion/inches-to-fraction
conversion	inches-to-yard-conversion	https://www.omnicalculator.com/conversion/inches-to-yard-conversion
conversion	joules-to-volts	https://www.omnicalculator.com/conversion/joules-to-volts
conversion	katha-to-square-feet-converter	https://www.omnicalculator.com/conversion/katha-to-square-feet-converter
conversion	kelvin-converter	https://www.omnicalculator.com/conversion/kelvin-converter
conversion	kelvin-to-celsius	https://www.omnicalculator.com/conversion/kelvin-to-celsius
conversion	kelvin-to-fahrenheit	https://www.omnicalculator.com/conversion/kelvin-to-fahrenheit
conversion	kg-cm2-to-psi-converter	https://www.omnicalculator.com/conversion/kg-cm2-to-psi-converter
conversion	kg-to-gallons	https://www.omnicalculator.com/conversion/kg-to-gallons
conversion	kg-to-lbs-converter	https://www.omnicalculator.com/conversion/kg-to-lbs-converter
conversion	kg-to-liter	https://www.omnicalculator.com/conversion/kg-to-liter
conversion	kg-to-ml	https://www.omnicalculator.com/conversion/kg-to-ml
conversion	kg-to-ounce-converter	https://www.omnicalculator.com/conversion/kg-to-ounce-converter
conversion	kg-to-stones-converter	https://www.omnicalculator.com/conversion/kg-to-stones-converter
conversion	kilobytes-to-megabytes	https://www.omnicalculator.com/conversion/kilobytes-to-megabytes
conversion	kilometer	https://www.omnicalculator.com/conversion/kilometer
conversion	kilometer-meter-conversion	https://www.omnicalculator.com/conversion/kilometer-meter-conversion
conversion	kilometers-to-miles	https://www.omnicalculator.com/conversion/kilometers-to-miles
conversion	km-to-feet-conversion	https://www.omnicalculator.com/conversion/km-to-feet-conversion
conversion	knots-to-kph	https://www.omnicalculator.com/conversion/knots-to-kph
conversion	knots-to-mph	https://www.omnicalculator.com/conversion/knots-to-mph
conversion	kpa-conversion	https://www.omnicalculator.com/conversion/kpa-conversion
conversion	kpa-to-atm-conversion	https://www.omnicalculator.com/conversion/kpa-to-atm-conversion
conversion	kpa-to-mmhg-conversion	https://www.omnicalculator.com/conversion/kpa-to-mmhg-conversion
conversion	kpa-to-psi-conversion	https://www.omnicalculator.com/conversion/kpa-to-psi-conversion
conversion	ksi-to-mpa-conversion	https://www.omnicalculator.com/conversion/ksi-to-mpa-conversion
conversion	ksi-to-psi-conversion	https://www.omnicalculator.com/conversion/ksi-to-psi-conversion
conversion	l-to-gal	https://www.omnicalculator.com/conversion/l-to-gal
conversion	land-area	https://www.omnicalculator.com/conversion/land-area
conversion	lat-long-to-utm	https://www.omnicalculator.com/conversion/lat-long-to-utm
conversion	lbs-to-g	https://www.omnicalculator.com/conversion/lbs-to-g
conversion	lbs-to-kg-converter	https://www.omnicalculator.com/conversion/lbs-to-kg-converter
conversion	lbs-to-newton	https://www.omnicalculator.com/conversion/lbs-to-newton
conversion	lbs-to-pounds	https://www.omnicalculator.com/conversion/lbs-to-pounds
conversion	lbs-to-psi	https://www.omnicalculator.com/conversion/lbs-to-psi
conversion	lbs-to-stone-converter	https://www.omnicalculator.com/conversion/lbs-to-stone-converter
conversion	leet-speak	https://www.omnicalculator.com/conversion/leet-speak
conversion	length-converter	https://www.omnicalculator.com/conversion/length-converter
conversion	light-year-conversion	https://www.omnicalculator.com/conversion/light-year-conversion
conversion	liter-cc	https://www.omnicalculator.com/conversion/liter-cc
conversion	liters-to-cl	https://www.omnicalculator.com/conversion/liters-to-cl
conversion	liters-to-pounds	https://www.omnicalculator.com/conversion/liters-to-pounds
conversion	lot-size-to-acres	https://www.omnicalculator.com/conversion/lot-size-to-acres
conversion	lot-size-to-square-feet	https://www.omnicalculator.com/conversion/lot-size-to-square-feet
conversion	lowercase-to-uppercase-converter	https://www.omnicalculator.com/conversion/lowercase-to-uppercase-converter
conversion	m-to-ft	https://www.omnicalculator.com/conversion/m-to-ft
conversion	mb-to-gb-converter	https://www.omnicalculator.com/conversion/mb-to-gb-converter
conversion	mbps-converter	https://www.omnicalculator.com/conversion/mbps-converter
conversion	mbps-to-gbps	https://www.omnicalculator.com/conversion/mbps-to-gbps
conversion	mcg-to-mg	https://www.omnicalculator.com/conversion/mcg-to-mg
conversion	mcg-to-ml	https://www.omnicalculator.com/conversion/mcg-to-ml
conversion	measurement-converter	https://www.omnicalculator.com/conversion/measurement-converter
conversion	mesh-to-micron-converter	https://www.omnicalculator.com/conversion/mesh-to-micron-converter
conversion	meter-conversion	https://www.omnicalculator.com/conversion/meter-conversion
conversion	meter-to-mile-conversion	https://www.omnicalculator.com/conversion/meter-to-mile-conversion
conversion	meters-to-feet	https://www.omnicalculator.com/conversion/meters-to-feet
conversion	metric-converter	https://www.omnicalculator.com/conversion/metric-converter
conversion	metric-to-imperial-conversion	https://www.omnicalculator.com/conversion/metric-to-imperial-conversion
conversion	metric-to-inches	https://www.omnicalculator.com/conversion/metric-to-inches
conversion	metric-to-sae	https://www.omnicalculator.com/conversion/metric-to-sae
conversion	metric-to-standard-converter	https://www.omnicalculator.com/conversion/metric-to-standard-converter
conversion	mg-to-cc	https://www.omnicalculator.com/conversion/mg-to-cc
conversion	mg-to-lbs	https://www.omnicalculator.com/conversion/mg-to-lbs
conversion	mg-to-ml	https://www.omnicalculator.com/conversion/mg-to-ml
conversion	mg-to-tablespoon-converter	https://www.omnicalculator.com/conversion/mg-to-tablespoon-converter
conversion	mg-to-teaspoon-converter	https://www.omnicalculator.com/conversion/mg-to-teaspoon-converter
conversion	micrometer-conversion	https://www.omnicalculator.com/conversion/micrometer-conversion
conversion	micron-to-mil-conversion	https://www.omnicalculator.com/conversion/micron-to-mil-conversion
conversion	mil-conversion	https://www.omnicalculator.com/conversion/mil-conversion
conversion	mil-to-inch-conversion	https://www.omnicalculator.com/conversion/mil-to-inch-conversion
conversion	mil-to-mm-conversion	https://www.omnicalculator.com/conversion/mil-to-mm-conversion
conversion	mile-conversion	https://www.omnicalculator.com/conversion/mile-conversion
conversion	military-time	https://www.omnicalculator.com/conversion/military-time
conversion	millimeter	https://www.omnicalculator.com/conversion/millimeter
conversion	million-to-billion	https://www.omnicalculator.com/conversion/million-to-billion
conversion	million-to-lakh	https://www.omnicalculator.com/conversion/million-to-lakh
conversion	million-to-thousand-converter	https://www.omnicalculator.com/conversion/million-to-thousand-converter
conversion	milliseconds-converter	https://www.omnicalculator.com/conversion/milliseconds-converter
conversion	minute-converter	https://www.omnicalculator.com/conversion/minute-converter
conversion	minutes-to-days	https://www.omnicalculator.com/conversion/minutes-to-days
conversion	minutes-to-decimal-conversion	https://www.omnicalculator.com/conversion/minutes-to-decimal-conversion
conversion	minutes-to-hours-converter	https://www.omnicalculator.com/conversion/minutes-to-hours-converter
conversion	minutes-to-seconds-converter	https://www.omnicalculator.com/conversion/minutes-to-seconds-converter
conversion	minutes-to-years-conversion	https://www.omnicalculator.com/conversion/minutes-to-years-conversion
conversion	ml-tbsp-converter	https://www.omnicalculator.com/conversion/ml-tbsp-converter
conversion	ml-to-cc-converter	https://www.omnicalculator.com/conversion/ml-to-cc-converter
conversion	ml-to-cups	https://www.omnicalculator.com/conversion/ml-to-cups
conversion	ml-to-kg	https://www.omnicalculator.com/conversion/ml-to-kg
conversion	ml-to-lbs	https://www.omnicalculator.com/conversion/ml-to-lbs
conversion	ml-to-oz-converter	https://www.omnicalculator.com/conversion/ml-to-oz-converter
conversion	ml-to-ul-conversion	https://www.omnicalculator.com/conversion/ml-to-ul-conversion
conversion	ml-tsp-converter	https://www.omnicalculator.com/conversion/ml-tsp-converter
conversion	mm-millimeters	https://www.omnicalculator.com/conversion/mm-millimeters
conversion	mm-to-atm-conversion	https://www.omnicalculator.com/conversion/mm-to-atm-conversion
conversion	mm-to-foot-converter	https://www.omnicalculator.com/conversion/mm-to-foot-converter
conversion	mm-to-inches-conversion	https://www.omnicalculator.com/conversion/mm-to-inches-conversion
conversion	mm-to-km-conversion	https://www.omnicalculator.com/conversion/mm-to-km-conversion
conversion	mm-to-m-conversion	https://www.omnicalculator.com/conversion/mm-to-m-conversion
conversion	mmhg-to-atm-conversion	https://www.omnicalculator.com/conversion/mmhg-to-atm-conversion
conversion	months-to-years	https://www.omnicalculator.com/conversion/months-to-years
conversion	mpa-conversion	https://www.omnicalculator.com/conversion/mpa-conversion
conversion	mpa-to-psi-conversion	https://www.omnicalculator.com/conversion/mpa-to-psi-conversion
conversion	mpa-to-psig-conversion	https://www.omnicalculator.com/conversion/mpa-to-psig-conversion
conversion	ms-to-kmh	https://www.omnicalculator.com/conversion/ms-to-kmh
conversion	ms-to-seconds-conversion	https://www.omnicalculator.com/conversion/ms-to-seconds-conversion
conversion	natural-gas-converter	https://www.omnicalculator.com/conversion/natural-gas-converter
conversion	newton-meter	https://www.omnicalculator.com/conversion/newton-meter
conversion	newton-to-joules	https://www.omnicalculator.com/conversion/newton-to-joules
conversion	nickels-to-dollars	https://www.omnicalculator.com/conversion/nickels-to-dollars
conversion	nm-converter	https://www.omnicalculator.com/conversion/nm-converter
conversion	nm-to-ft-lb	https://www.omnicalculator.com/conversion/nm-to-ft-lb
conversion	nm-to-in-lbs	https://www.omnicalculator.com/conversion/nm-to-in-lbs
conversion	nm-to-m-conversion	https://www.omnicalculator.com/conversion/nm-to-m-conversion
conversion	number-to-billion-converter	https://www.omnicalculator.com/conversion/number-to-billion-converter
conversion	number-to-million	https://www.omnicalculator.com/conversion/number-to-million
conversion	ounce-to-kg-converter	https://www.omnicalculator.com/conversion/ounce-to-kg-converter
conversion	ounces-to-cups	https://www.omnicalculator.com/conversion/ounces-to-cups
conversion	ounces-to-grams-converter	https://www.omnicalculator.com/conversion/ounces-to-grams-converter
conversion	ounces-to-pounds-converter	https://www.omnicalculator.com/conversion/ounces-to-pounds-converter
conversion	oz-ml-converter	https://www.omnicalculator.com/conversion/oz-ml-converter
conversion	oz-to-cc-converter	https://www.omnicalculator.com/conversion/oz-to-cc-converter
conversion	pa-to-psi-converter	https://www.omnicalculator.com/conversion/pa-to-psi-converter
conversion	paper-quantity	https://www.omnicalculator.com/conversion/paper-quantity
conversion	pascal-conversion	https://www.omnicalculator.com/conversion/pascal-conversion
conversion	pennies-to-dollars	https://www.omnicalculator.com/conversion/pennies-to-dollars
conversion	pint-to-pound	https://www.omnicalculator.com/conversion/pint-to-pound
conversion	pints-to-cups-converter	https://www.omnicalculator.com/conversion/pints-to-cups-converter
conversion	pints-to-gallons-converter	https://www.omnicalculator.com/conversion/pints-to-gallons-converter
conversion	pixels-to-inches	https://www.omnicalculator.com/conversion/pixels-to-inches
conversion	pounds-ounces	https://www.omnicalculator.com/conversion/pounds-ounces
conversion	pounds-to-grams	https://www.omnicalculator.com/conversion/pounds-to-grams
conversion	pounds-to-lbs	https://www.omnicalculator.com/conversion/pounds-to-lbs
conversion	pounds-to-ounces-converter	https://www.omnicalculator.com/conversion/pounds-to-ounces-converter
conversion	pounds-to-stone	https://www.omnicalculator.com/conversion/pounds-to-stone
conversion	power-conversion	https://www.omnicalculator.com/conversion/power-conversion
conversion	ppm	https://www.omnicalculator.com/conversion/ppm
conversion	ppm-to-mgl-converter	https://www.omnicalculator.com/conversion/ppm-to-mgl-converter
conversion	pressure-converter	https://www.omnicalculator.com/conversion/pressure-converter
conversion	pressure-unit-conversion	https://www.omnicalculator.com/conversion/pressure-unit-conversion
conversion	psi-conversion	https://www.omnicalculator.com/conversion/psi-conversion
conversion	psi-to-atm-conversion	https://www.omnicalculator.com/conversion/psi-to-atm-conversion
conversion	psi-to-gpm	https://www.omnicalculator.com/conversion/psi-to-gpm
conversion	psi-to-inches-of-water-conversion	https://www.omnicalculator.com/conversion/psi-to-inches-of-water-conversion
conversion	psig-to-psia-conversion	https://www.omnicalculator.com/conversion/psig-to-psia-conversion
conversion	px-to-em	https://www.omnicalculator.com/conversion/px-to-em
conversion	quantity-converter	https://www.omnicalculator.com/conversion/quantity-converter
conversion	quarters-to-dollars	https://www.omnicalculator.com/conversion/quarters-to-dollars
conversion	quarts-to-cups-converter	https://www.omnicalculator.com/conversion/quarts-to-cups-converter
conversion	quarts-to-gallons-converter	https://www.omnicalculator.com/conversion/quarts-to-gallons-converter
conversion	quarts-to-pounds	https://www.omnicalculator.com/conversion/quarts-to-pounds
conversion	radians-to-degrees	https://www.omnicalculator.com/conversion/radians-to-degrees
conversion	radiation-converter	https://www.omnicalculator.com/conversion/radiation-converter
conversion	rgb-to-hex	https://www.omnicalculator.com/conversion/rgb-to-hex
conversion	rms-to-watts	https://www.omnicalculator.com/conversion/rms-to-watts
conversion	roman-numerals	https://www.omnicalculator.com/conversion/roman-numerals
conversion	scale-conversion	https://www.omnicalculator.com/conversion/scale-conversion
conversion	seconds-converter	https://www.omnicalculator.com/conversion/seconds-converter
conversion	seconds-to-days-converter	https://www.omnicalculator.com/conversion/seconds-to-days-converter
conversion	seconds-to-hours-converter	https://www.omnicalculator.com/conversion/seconds-to-hours-converter
conversion	seconds-to-minutes-converter	https://www.omnicalculator.com/conversion/seconds-to-minutes-converter
conversion	seconds-to-years-conversion	https://www.omnicalculator.com/conversion/seconds-to-years-conversion
conversion	speed-converter	https://www.omnicalculator.com/conversion/speed-converter
conversion	square-centimeters-to-square-millimeters-converter	https://www.omnicalculator.com/conversion/square-centimeters-to-square-millimeters-converter
conversion	square-feet-converter	https://www.omnicalculator.com/conversion/square-feet-converter
conversion	square-feet-to-acres-converter	https://www.omnicalculator.com/conversion/square-feet-to-acres-converter
conversion	square-inch-to-square-foot-converter	https://www.omnicalculator.com/conversion/square-inch-to-square-foot-converter
conversion	square-meter-converter	https://www.omnicalculator.com/conversion/square-meter-converter
conversion	square-meters-to-square-feet-converter	https://www.omnicalculator.com/conversion/square-meters-to-square-feet-converter
conversion	square-miles-to-square-km-converter	https://www.omnicalculator.com/conversion/square-miles-to-square-km-converter
conversion	square-yard-converter	https://www.omnicalculator.com/conversion/square-yard-converter
conversion	stone-to-kg	https://www.omnicalculator.com/conversion/stone-to-kg
conversion	stone-to-lbs	https://www.omnicalculator.com/conversion/stone-to-lbs
conversion	tbsp-to-grams	https://www.omnicalculator.com/conversion/tbsp-to-grams
conversion	tbsp-to-ml	https://www.omnicalculator.com/conversion/tbsp-to-ml
conversion	temperature-converter	https://www.omnicalculator.com/conversion/temperature-converter
conversion	time-unit-converter	https://www.omnicalculator.com/conversion/time-unit-converter
conversion	time-zones	https://www.omnicalculator.com/conversion/time-zones
conversion	torque-to-horsepower	https://www.omnicalculator.com/conversion/torque-to-horsepower
conversion	torr-to-atm	https://www.omnicalculator.com/conversion/torr-to-atm
conversion	tsp-ml-converter	https://www.omnicalculator.com/conversion/tsp-ml-converter
conversion	tsp-to-grams	https://www.omnicalculator.com/conversion/tsp-to-grams
conversion	unicode-text	https://www.omnicalculator.com/conversion/unicode-text
conversion	unix-time	https://www.omnicalculator.com/conversion/unix-time
conversion	uppercase-to-lowercase-converter	https://www.omnicalculator.com/conversion/uppercase-to-lowercase-converter
conversion	volume-conversion	https://www.omnicalculator.com/conversion/volume-conversion
conversion	weeks-to-months	https://www.omnicalculator.com/conversion/weeks-to-months
conversion	weeks-to-years-converter	https://www.omnicalculator.com/conversion/weeks-to-years-converter
conversion	weight-converter	https://www.omnicalculator.com/conversion/weight-converter
conversion	weird-units	https://www.omnicalculator.com/conversion/weird-units
conversion	yard-conversion	https://www.omnicalculator.com/conversion/yard-conversion
conversion	yard-to-meter-conversion	https://www.omnicalculator.com/conversion/yard-to-meter-conversion
conversion	yard-to-mile-converter	https://www.omnicalculator.com/conversion/yard-to-mile-converter
conversion	yards-to-acres	https://www.omnicalculator.com/conversion/yards-to-acres
conversion	yards-to-meters	https://www.omnicalculator.com/conversion/yards-to-meters
conversion	years-to-decades	https://www.omnicalculator.com/conversion/years-to-decades
conversion	zulu-time-converter	https://www.omnicalculator.com/conversion/zulu-time-converter
ecology	ai-water-footprint	https://www.omnicalculator.com/ecology/ai-water-footprint
ecology	benzoapyrene	https://www.omnicalculator.com/ecology/benzoapyrene
ecology	books-vs-ebooks	https://www.omnicalculator.com/ecology/books-vs-ebooks
ecology	car-vs-bike	https://www.omnicalculator.com/ecology/car-vs-bike
ecology	carrying-capacity	https://www.omnicalculator.com/ecology/carrying-capacity
ecology	cigarette-butts	https://www.omnicalculator.com/ecology/cigarette-butts
ecology	co2-breathing-emission	https://www.omnicalculator.com/ecology/co2-breathing-emission
ecology	covid-pollution	https://www.omnicalculator.com/ecology/covid-pollution
ecology	cryptocurrency-footprint	https://www.omnicalculator.com/ecology/cryptocurrency-footprint
ecology	drip-faucet	https://www.omnicalculator.com/ecology/drip-faucet
ecology	eco-friendly-bags	https://www.omnicalculator.com/ecology/eco-friendly-bags
ecology	fish-mercury	https://www.omnicalculator.com/ecology/fish-mercury
ecology	flight-emissions	https://www.omnicalculator.com/ecology/flight-emissions
ecology	global-plastic-policy	https://www.omnicalculator.com/ecology/global-plastic-policy
ecology	hand-dryers-vs-paper-towels	https://www.omnicalculator.com/ecology/hand-dryers-vs-paper-towels
ecology	hydroelectric-power	https://www.omnicalculator.com/ecology/hydroelectric-power
ecology	kaya-identity	https://www.omnicalculator.com/ecology/kaya-identity
ecology	lotka-volterra-equations	https://www.omnicalculator.com/ecology/lotka-volterra-equations
ecology	meat-footprint	https://www.omnicalculator.com/ecology/meat-footprint
ecology	olympic-games-sustainability	https://www.omnicalculator.com/ecology/olympic-games-sustainability
ecology	passive-house	https://www.omnicalculator.com/ecology/passive-house
ecology	phev-economy	https://www.omnicalculator.com/ecology/phev-economy
ecology	plastic-footprint	https://www.omnicalculator.com/ecology/plastic-footprint
ecology	reduce-your-plastic	https://www.omnicalculator.com/ecology/reduce-your-plastic
ecology	shannon-index	https://www.omnicalculator.com/ecology/shannon-index
ecology	solar-panel	https://www.omnicalculator.com/ecology/solar-panel
ecology	solar-panel-wattage	https://www.omnicalculator.com/ecology/solar-panel-wattage
ecology	tap-water	https://www.omnicalculator.com/ecology/tap-water
ecology	tree-benefits	https://www.omnicalculator.com/ecology/tree-benefits
ecology	vegan-footprint	https://www.omnicalculator.com/ecology/vegan-footprint
ecology	water-demand	https://www.omnicalculator.com/ecology/water-demand
ecology	wind-turbine	https://www.omnicalculator.com/ecology/wind-turbine
ecology	wind-turbine-profit	https://www.omnicalculator.com/ecology/wind-turbine-profit
ecology	zero-waste-christmas-tree	https://www.omnicalculator.com/ecology/zero-waste-christmas-tree
everyday-life	0-60	https://www.omnicalculator.com/everyday-life/0-60
everyday-life	100-day	https://www.omnicalculator.com/everyday-life/100-day
everyday-life	120-day	https://www.omnicalculator.com/everyday-life/120-day
everyday-life	180-day	https://www.omnicalculator.com/everyday-life/180-day
everyday-life	30-day	https://www.omnicalculator.com/everyday-life/30-day
everyday-life	30-min	https://www.omnicalculator.com/everyday-life/30-min
everyday-life	45-day	https://www.omnicalculator.com/everyday-life/45-day
everyday-life	6-month	https://www.omnicalculator.com/everyday-life/6-month
everyday-life	60-day	https://www.omnicalculator.com/everyday-life/60-day
everyday-life	8-hour-shift	https://www.omnicalculator.com/everyday-life/8-hour-shift
everyday-life	90-day	https://www.omnicalculator.com/everyday-life/90-day
everyday-life	acceptance-rate	https://www.omnicalculator.com/everyday-life/acceptance-rate
everyday-life	add-days	https://www.omnicalculator.com/everyday-life/add-days
everyday-life	add-minutes	https://www.omnicalculator.com/everyday-life/add-minutes
everyday-life	add-time	https://www.omnicalculator.com/everyday-life/add-time
everyday-life	adding-hours	https://www.omnicalculator.com/everyday-life/adding-hours
everyday-life	adding-hours-and-minutes	https://www.omnicalculator.com/everyday-life/adding-hours-and-minutes
everyday-life	age	https://www.omnicalculator.com/everyday-life/age
everyday-life	age-difference	https://www.omnicalculator.com/everyday-life/age-difference
everyday-life	age-in-days	https://www.omnicalculator.com/everyday-life/age-in-days
everyday-life	age-in-hours	https://www.omnicalculator.com/everyday-life/age-in-hours
everyday-life	age-in-minutes	https://www.omnicalculator.com/everyday-life/age-in-minutes
everyday-life	age-in-months	https://www.omnicalculator.com/everyday-life/age-in-months
everyday-life	age-in-seconds	https://www.omnicalculator.com/everyday-life/age-in-seconds
everyday-life	age-in-weeks	https://www.omnicalculator.com/everyday-life/age-in-weeks
everyday-life	age-in-years	https://www.omnicalculator.com/everyday-life/age-in-years
everyday-life	age-in-years-months-and-days	https://www.omnicalculator.com/everyday-life/age-in-years-months-and-days
everyday-life	age-to-birthday	https://www.omnicalculator.com/everyday-life/age-to-birthday
everyday-life	anniversary	https://www.omnicalculator.com/everyday-life/anniversary
everyday-life	appliance-depreciation	https://www.omnicalculator.com/everyday-life/appliance-depreciation
everyday-life	appliance-wattage	https://www.omnicalculator.com/everyday-life/appliance-wattage
everyday-life	audiobook-speed	https://www.omnicalculator.com/everyday-life/audiobook-speed
everyday-life	audiobooks	https://www.omnicalculator.com/everyday-life/audiobooks
everyday-life	baby-age	https://www.omnicalculator.com/everyday-life/baby-age
everyday-life	back-to-school	https://www.omnicalculator.com/everyday-life/back-to-school
everyday-life	bag	https://www.omnicalculator.com/everyday-life/bag
everyday-life	balloon-arch	https://www.omnicalculator.com/everyday-life/balloon-arch
everyday-life	bath-vs-shower-footprint	https://www.omnicalculator.com/everyday-life/bath-vs-shower-footprint
everyday-life	bathroom-mirror-size	https://www.omnicalculator.com/everyday-life/bathroom-mirror-size
everyday-life	battery-charge-time	https://www.omnicalculator.com/everyday-life/battery-charge-time
everyday-life	bc-to-ad	https://www.omnicalculator.com/everyday-life/bc-to-ad
everyday-life	beach-price-index	https://www.omnicalculator.com/everyday-life/beach-price-index
everyday-life	bean-bag-filling	https://www.omnicalculator.com/everyday-life/bean-bag-filling
everyday-life	beauty-products	https://www.omnicalculator.com/everyday-life/beauty-products
everyday-life	bed-size	https://www.omnicalculator.com/everyday-life/bed-size
everyday-life	belt-size	https://www.omnicalculator.com/everyday-life/belt-size
everyday-life	bikini	https://www.omnicalculator.com/everyday-life/bikini
everyday-life	binge-watching	https://www.omnicalculator.com/everyday-life/binge-watching
everyday-life	birth-from-death-date	https://www.omnicalculator.com/everyday-life/birth-from-death-date
everyday-life	birth-year	https://www.omnicalculator.com/everyday-life/birth-year
everyday-life	birthday	https://www.omnicalculator.com/everyday-life/birthday
everyday-life	birthday-countdown	https://www.omnicalculator.com/everyday-life/birthday-countdown
everyday-life	blind-size	https://www.omnicalculator.com/everyday-life/blind-size
everyday-life	boat-speed	https://www.omnicalculator.com/everyday-life/boat-speed
everyday-life	bold-text	https://www.omnicalculator.com/everyday-life/bold-text
everyday-life	book-challenge	https://www.omnicalculator.com/everyday-life/book-challenge
everyday-life	boost-horsepower	https://www.omnicalculator.com/everyday-life/boost-horsepower
everyday-life	bra-size	https://www.omnicalculator.com/everyday-life/bra-size
everyday-life	brake-specific-fuel-consumption	https://www.omnicalculator.com/everyday-life/brake-specific-fuel-consumption
everyday-life	business-days	https://www.omnicalculator.com/everyday-life/business-days
everyday-life	calendar	https://www.omnicalculator.com/everyday-life/calendar
everyday-life	calendar-countdown	https://www.omnicalculator.com/everyday-life/calendar-countdown
everyday-life	carpooling	https://www.omnicalculator.com/everyday-life/carpooling
everyday-life	child-cost	https://www.omnicalculator.com/everyday-life/child-cost
everyday-life	chronological-age	https://www.omnicalculator.com/everyday-life/chronological-age
everyday-life	circle-skirt	https://www.omnicalculator.com/everyday-life/circle-skirt
everyday-life	clay-shrinkage	https://www.omnicalculator.com/everyday-life/clay-shrinkage
everyday-life	cleaning-cost	https://www.omnicalculator.com/everyday-life/cleaning-cost
everyday-life	clock-duration	https://www.omnicalculator.com/everyday-life/clock-duration
everyday-life	cm-to-mm-ring-size-converter	https://www.omnicalculator.com/everyday-life/cm-to-mm-ring-size-converter
everyday-life	cm-to-ring-size-converter	https://www.omnicalculator.com/everyday-life/cm-to-ring-size-converter
everyday-life	commute	https://www.omnicalculator.com/everyday-life/commute
everyday-life	compression-ratio	https://www.omnicalculator.com/everyday-life/compression-ratio
everyday-life	compression-ratio-to-psi	https://www.omnicalculator.com/everyday-life/compression-ratio-to-psi
everyday-life	cord-wood	https://www.omnicalculator.com/everyday-life/cord-wood
everyday-life	coronavirus-mask	https://www.omnicalculator.com/everyday-life/coronavirus-mask
everyday-life	cost-per-mile	https://www.omnicalculator.com/everyday-life/cost-per-mile
everyday-life	cost-per-minute	https://www.omnicalculator.com/everyday-life/cost-per-minute
everyday-life	count-hours	https://www.omnicalculator.com/everyday-life/count-hours
everyday-life	countdown	https://www.omnicalculator.com/everyday-life/countdown
everyday-life	cross-stitch	https://www.omnicalculator.com/everyday-life/cross-stitch
everyday-life	crosswind	https://www.omnicalculator.com/everyday-life/crosswind
everyday-life	cursive-font	https://www.omnicalculator.com/everyday-life/cursive-font
everyday-life	curtain-panel	https://www.omnicalculator.com/everyday-life/curtain-panel
everyday-life	curtain-size	https://www.omnicalculator.com/everyday-life/curtain-size
everyday-life	cycle-time	https://www.omnicalculator.com/everyday-life/cycle-time
everyday-life	data-usage	https://www.omnicalculator.com/everyday-life/data-usage
everyday-life	date	https://www.omnicalculator.com/everyday-life/date
everyday-life	date-countdown	https://www.omnicalculator.com/everyday-life/date-countdown
everyday-life	date-of-birth	https://www.omnicalculator.com/everyday-life/date-of-birth
everyday-life	date-to-date	https://www.omnicalculator.com/everyday-life/date-to-date
everyday-life	day-countdown	https://www.omnicalculator.com/everyday-life/day-countdown
everyday-life	day-counter	https://www.omnicalculator.com/everyday-life/day-counter
everyday-life	day-of-the-year	https://www.omnicalculator.com/everyday-life/day-of-the-year
everyday-life	days-between-dates	https://www.omnicalculator.com/everyday-life/days-between-dates
everyday-life	days-old	https://www.omnicalculator.com/everyday-life/days-old
everyday-life	days-until	https://www.omnicalculator.com/everyday-life/days-until
everyday-life	days-until-december	https://www.omnicalculator.com/everyday-life/days-until-december
everyday-life	days-until-june	https://www.omnicalculator.com/everyday-life/days-until-june
everyday-life	deadline	https://www.omnicalculator.com/everyday-life/deadline
everyday-life	decimal-time-conversion	https://www.omnicalculator.com/everyday-life/decimal-time-conversion
everyday-life	desk-height	https://www.omnicalculator.com/everyday-life/desk-height
everyday-life	diaper	https://www.omnicalculator.com/everyday-life/diaper
everyday-life	dilution-ratio	https://www.omnicalculator.com/everyday-life/dilution-ratio
everyday-life	drake-equation-for-love	https://www.omnicalculator.com/everyday-life/drake-equation-for-love
everyday-life	dress-size	https://www.omnicalculator.com/everyday-life/dress-size
everyday-life	drive-time	https://www.omnicalculator.com/everyday-life/drive-time
everyday-life	elapsed-time	https://www.omnicalculator.com/everyday-life/elapsed-time
everyday-life	electricity-cost	https://www.omnicalculator.com/everyday-life/electricity-cost
everyday-life	electricity-cost-single-usage	https://www.omnicalculator.com/everyday-life/electricity-cost-single-usage
everyday-life	email-alternatives	https://www.omnicalculator.com/everyday-life/email-alternatives
everyday-life	engine-hours-to-miles-converter	https://www.omnicalculator.com/everyday-life/engine-hours-to-miles-converter
everyday-life	english-learning	https://www.omnicalculator.com/everyday-life/english-learning
everyday-life	eu-us-shoe-size	https://www.omnicalculator.com/everyday-life/eu-us-shoe-size
everyday-life	eui	https://www.omnicalculator.com/everyday-life/eui
everyday-life	every-second	https://www.omnicalculator.com/everyday-life/every-second
everyday-life	expiration-date	https://www.omnicalculator.com/everyday-life/expiration-date
everyday-life	fabric	https://www.omnicalculator.com/everyday-life/fabric
everyday-life	flight-radiation	https://www.omnicalculator.com/everyday-life/flight-radiation
everyday-life	fuel-consumption	https://www.omnicalculator.com/everyday-life/fuel-consumption
everyday-life	fuel-cost	https://www.omnicalculator.com/everyday-life/fuel-cost
everyday-life	fuel-distance	https://www.omnicalculator.com/everyday-life/fuel-distance
everyday-life	fuel-mileage	https://www.omnicalculator.com/everyday-life/fuel-mileage
everyday-life	fuel-pump	https://www.omnicalculator.com/everyday-life/fuel-pump
everyday-life	garbage-bag-size	https://www.omnicalculator.com/everyday-life/garbage-bag-size
everyday-life	gas	https://www.omnicalculator.com/everyday-life/gas
everyday-life	gas-oil-ratio	https://www.omnicalculator.com/everyday-life/gas-oil-ratio
everyday-life	gas-vs-electric-dryer	https://www.omnicalculator.com/everyday-life/gas-vs-electric-dryer
everyday-life	generator-wattage	https://www.omnicalculator.com/everyday-life/generator-wattage
everyday-life	glitch-text	https://www.omnicalculator.com/everyday-life/glitch-text
everyday-life	glove-size	https://www.omnicalculator.com/everyday-life/glove-size
everyday-life	gmat-score	https://www.omnicalculator.com/everyday-life/gmat-score
everyday-life	grocery	https://www.omnicalculator.com/everyday-life/grocery
everyday-life	gvwr	https://www.omnicalculator.com/everyday-life/gvwr
everyday-life	gwam	https://www.omnicalculator.com/everyday-life/gwam
everyday-life	hair-growth	https://www.omnicalculator.com/everyday-life/hair-growth
everyday-life	half-birthday	https://www.omnicalculator.com/everyday-life/half-birthday
everyday-life	half-square-triangle	https://www.omnicalculator.com/everyday-life/half-square-triangle
everyday-life	hammock-hang	https://www.omnicalculator.com/everyday-life/hammock-hang
everyday-life	hat-size	https://www.omnicalculator.com/everyday-life/hat-size
everyday-life	headphone-power	https://www.omnicalculator.com/everyday-life/headphone-power
everyday-life	helium-balloons	https://www.omnicalculator.com/everyday-life/helium-balloons
everyday-life	hexagon-quilt	https://www.omnicalculator.com/everyday-life/hexagon-quilt
everyday-life	horsepower	https://www.omnicalculator.com/everyday-life/horsepower
everyday-life	hot-tub-cost	https://www.omnicalculator.com/everyday-life/hot-tub-cost
everyday-life	hour-countdown	https://www.omnicalculator.com/everyday-life/hour-countdown
everyday-life	hours	https://www.omnicalculator.com/everyday-life/hours
everyday-life	hours-between-two-times	https://www.omnicalculator.com/everyday-life/hours-between-two-times
everyday-life	hours-minutes	https://www.omnicalculator.com/everyday-life/hours-minutes
everyday-life	hours-to-decimal	https://www.omnicalculator.com/everyday-life/hours-to-decimal
everyday-life	how-many-tables	https://www.omnicalculator.com/everyday-life/how-many-tables
everyday-life	how-old-am-i	https://www.omnicalculator.com/everyday-life/how-old-am-i
everyday-life	how-old-was-i	https://www.omnicalculator.com/everyday-life/how-old-was-i
everyday-life	idling-fuel-consumption	https://www.omnicalculator.com/everyday-life/idling-fuel-consumption
everyday-life	inches-to-ring-size-converter	https://www.omnicalculator.com/everyday-life/inches-to-ring-size-converter
everyday-life	italic-text	https://www.omnicalculator.com/everyday-life/italic-text
everyday-life	jacket-size	https://www.omnicalculator.com/everyday-life/jacket-size
everyday-life	jeans-size	https://www.omnicalculator.com/everyday-life/jeans-size
everyday-life	keystrokes-per-hour	https://www.omnicalculator.com/everyday-life/keystrokes-per-hour
everyday-life	korean-age	https://www.omnicalculator.com/everyday-life/korean-age
everyday-life	lead-time	https://www.omnicalculator.com/everyday-life/lead-time
everyday-life	leap-year	https://www.omnicalculator.com/everyday-life/leap-year
everyday-life	led-savings	https://www.omnicalculator.com/everyday-life/led-savings
everyday-life	lighting	https://www.omnicalculator.com/everyday-life/lighting
everyday-life	linear-inches	https://www.omnicalculator.com/everyday-life/linear-inches
everyday-life	lord-of-the-rings	https://www.omnicalculator.com/everyday-life/lord-of-the-rings
everyday-life	louise-gluck-poetry	https://www.omnicalculator.com/everyday-life/louise-gluck-poetry
everyday-life	lumens-to-watts	https://www.omnicalculator.com/everyday-life/lumens-to-watts
everyday-life	lunar-age	https://www.omnicalculator.com/everyday-life/lunar-age
everyday-life	meeting-cost	https://www.omnicalculator.com/everyday-life/meeting-cost
everyday-life	microwave-wattage	https://www.omnicalculator.com/everyday-life/microwave-wattage
everyday-life	miles-per-year	https://www.omnicalculator.com/everyday-life/miles-per-year
everyday-life	miles-to-dollars	https://www.omnicalculator.com/everyday-life/miles-to-dollars
everyday-life	minute	https://www.omnicalculator.com/everyday-life/minute
everyday-life	minutes-between-two-times	https://www.omnicalculator.com/everyday-life/minutes-between-two-times
everyday-life	mm-to-ring-size-converter	https://www.omnicalculator.com/everyday-life/mm-to-ring-size-converter
everyday-life	money-weight	https://www.omnicalculator.com/everyday-life/money-weight
everyday-life	month-counter	https://www.omnicalculator.com/everyday-life/month-counter
everyday-life	months-between-dates	https://www.omnicalculator.com/everyday-life/months-between-dates
everyday-life	moon-phase	https://www.omnicalculator.com/everyday-life/moon-phase
everyday-life	mpg	https://www.omnicalculator.com/everyday-life/mpg
everyday-life	nato-phonetic-alphabet	https://www.omnicalculator.com/everyday-life/nato-phonetic-alphabet
everyday-life	nautical-mile	https://www.omnicalculator.com/everyday-life/nautical-mile
everyday-life	number-days	https://www.omnicalculator.com/everyday-life/number-days
everyday-life	numbers-to-words	https://www.omnicalculator.com/everyday-life/numbers-to-words
everyday-life	olga-tokarczuk-books	https://www.omnicalculator.com/everyday-life/olga-tokarczuk-books
everyday-life	oscar-marathon	https://www.omnicalculator.com/everyday-life/oscar-marathon
everyday-life	palindrome-date	https://www.omnicalculator.com/everyday-life/palindrome-date
everyday-life	paper-thickness	https://www.omnicalculator.com/everyday-life/paper-thickness
everyday-life	paper-weight	https://www.omnicalculator.com/everyday-life/paper-weight
everyday-life	period-products-cost	https://www.omnicalculator.com/everyday-life/period-products-cost
everyday-life	picture-frame	https://www.omnicalculator.com/everyday-life/picture-frame
everyday-life	pig-latin-translator	https://www.omnicalculator.com/everyday-life/pig-latin-translator
everyday-life	pleated-skirt	https://www.omnicalculator.com/everyday-life/pleated-skirt
everyday-life	podcasts	https://www.omnicalculator.com/everyday-life/podcasts
everyday-life	pomodoro-technique	https://www.omnicalculator.com/everyday-life/pomodoro-technique
everyday-life	pool-salt	https://www.omnicalculator.com/everyday-life/pool-salt
everyday-life	pool-shock	https://www.omnicalculator.com/everyday-life/pool-shock
everyday-life	pregnancy-countdown	https://www.omnicalculator.com/everyday-life/pregnancy-countdown
everyday-life	price-per-acre	https://www.omnicalculator.com/everyday-life/price-per-acre
everyday-life	price-per-linear-foot	https://www.omnicalculator.com/everyday-life/price-per-linear-foot
everyday-life	price-per-ounce	https://www.omnicalculator.com/everyday-life/price-per-ounce
everyday-life	price-per-pound	https://www.omnicalculator.com/everyday-life/price-per-pound
everyday-life	price-per-round	https://www.omnicalculator.com/everyday-life/price-per-round
everyday-life	price-per-square-inch	https://www.omnicalculator.com/everyday-life/price-per-square-inch
everyday-life	price-per-unit	https://www.omnicalculator.com/everyday-life/price-per-unit
everyday-life	price-per-weight	https://www.omnicalculator.com/everyday-life/price-per-weight
everyday-life	quarantine-books	https://www.omnicalculator.com/everyday-life/quarantine-books
everyday-life	quilt	https://www.omnicalculator.com/everyday-life/quilt
everyday-life	quilt-binding	https://www.omnicalculator.com/everyday-life/quilt-binding
everyday-life	quit-smoking	https://www.omnicalculator.com/everyday-life/quit-smoking
everyday-life	reading-speed	https://www.omnicalculator.com/everyday-life/reading-speed
everyday-life	reading-time	https://www.omnicalculator.com/everyday-life/reading-time
everyday-life	recessed-lighting	https://www.omnicalculator.com/everyday-life/recessed-lighting
everyday-life	retirement-countdown	https://www.omnicalculator.com/everyday-life/retirement-countdown
everyday-life	reverse-text-generator	https://www.omnicalculator.com/everyday-life/reverse-text-generator
everyday-life	reverse-time	https://www.omnicalculator.com/everyday-life/reverse-time
everyday-life	ring-size	https://www.omnicalculator.com/everyday-life/ring-size
everyday-life	roll-length	https://www.omnicalculator.com/everyday-life/roll-length
everyday-life	rpm	https://www.omnicalculator.com/everyday-life/rpm
everyday-life	rug-size	https://www.omnicalculator.com/everyday-life/rug-size
everyday-life	sat-score	https://www.omnicalculator.com/everyday-life/sat-score
everyday-life	sex	https://www.omnicalculator.com/everyday-life/sex
everyday-life	shoe-size-conversion	https://www.omnicalculator.com/everyday-life/shoe-size-conversion
everyday-life	shoelace-length	https://www.omnicalculator.com/everyday-life/shoelace-length
everyday-life	shower-cost	https://www.omnicalculator.com/everyday-life/shower-cost
everyday-life	sidereal-time	https://www.omnicalculator.com/everyday-life/sidereal-time
everyday-life	silver-lining	https://www.omnicalculator.com/everyday-life/silver-lining
everyday-life	slack-time	https://www.omnicalculator.com/everyday-life/slack-time
everyday-life	social-media-ban-impact	https://www.omnicalculator.com/everyday-life/social-media-ban-impact
everyday-life	social-media-time-alternatives	https://www.omnicalculator.com/everyday-life/social-media-time-alternatives
everyday-life	sock-size	https://www.omnicalculator.com/everyday-life/sock-size
everyday-life	socks-loss-index	https://www.omnicalculator.com/everyday-life/socks-loss-index
everyday-life	sofa-size	https://www.omnicalculator.com/everyday-life/sofa-size
everyday-life	speed	https://www.omnicalculator.com/everyday-life/speed
everyday-life	speedometer-gear	https://www.omnicalculator.com/everyday-life/speedometer-gear
everyday-life	standing-desk-height	https://www.omnicalculator.com/everyday-life/standing-desk-height
everyday-life	star-wars-marathon	https://www.omnicalculator.com/everyday-life/star-wars-marathon
everyday-life	subtract-time	https://www.omnicalculator.com/everyday-life/subtract-time
everyday-life	sunglasses	https://www.omnicalculator.com/everyday-life/sunglasses
everyday-life	sunscreen-amount	https://www.omnicalculator.com/everyday-life/sunscreen-amount
everyday-life	tablecloth-size	https://www.omnicalculator.com/everyday-life/tablecloth-size
everyday-life	tent-size	https://www.omnicalculator.com/everyday-life/tent-size
everyday-life	tesla-charging-cost	https://www.omnicalculator.com/everyday-life/tesla-charging-cost
everyday-life	tickets	https://www.omnicalculator.com/everyday-life/tickets
everyday-life	tie-length	https://www.omnicalculator.com/everyday-life/tie-length
everyday-life	tiktok-time-alternatives	https://www.omnicalculator.com/everyday-life/tiktok-time-alternatives
everyday-life	time	https://www.omnicalculator.com/everyday-life/time
everyday-life	time-adder	https://www.omnicalculator.com/everyday-life/time-adder
everyday-life	time-between-dates	https://www.omnicalculator.com/everyday-life/time-between-dates
everyday-life	time-card	https://www.omnicalculator.com/everyday-life/time-card
everyday-life	time-difference	https://www.omnicalculator.com/everyday-life/time-difference
everyday-life	time-duration	https://www.omnicalculator.com/everyday-life/time-duration
everyday-life	time-in-between	https://www.omnicalculator.com/everyday-life/time-in-between
everyday-life	time-to-decimal	https://www.omnicalculator.com/everyday-life/time-to-decimal
everyday-life	time-to-hours-conversion	https://www.omnicalculator.com/everyday-life/time-to-hours-conversion
everyday-life	time-until	https://www.omnicalculator.com/everyday-life/time-until
everyday-life	tire-size	https://www.omnicalculator.com/everyday-life/tire-size
everyday-life	toilet-paper	https://www.omnicalculator.com/everyday-life/toilet-paper
everyday-life	toothpaste	https://www.omnicalculator.com/everyday-life/toothpaste
everyday-life	traffic-density	https://www.omnicalculator.com/everyday-life/traffic-density
everyday-life	turbo-size	https://www.omnicalculator.com/everyday-life/turbo-size
everyday-life	tv-alternatives	https://www.omnicalculator.com/everyday-life/tv-alternatives
everyday-life	tv-series-duration	https://www.omnicalculator.com/everyday-life/tv-series-duration
everyday-life	uk-us-shoe-size	https://www.omnicalculator.com/everyday-life/uk-us-shoe-size
everyday-life	underline-text	https://www.omnicalculator.com/everyday-life/underline-text
everyday-life	unit-price	https://www.omnicalculator.com/everyday-life/unit-price
everyday-life	upside-down-text	https://www.omnicalculator.com/everyday-life/upside-down-text
everyday-life	us-eu-shoe-size	https://www.omnicalculator.com/everyday-life/us-eu-shoe-size
everyday-life	us-uk-shoe-size	https://www.omnicalculator.com/everyday-life/us-uk-shoe-size
everyday-life	vacation-countdown	https://www.omnicalculator.com/everyday-life/vacation-countdown
everyday-life	wedding-countdown	https://www.omnicalculator.com/everyday-life/wedding-countdown
everyday-life	week	https://www.omnicalculator.com/everyday-life/week
everyday-life	weighted-blanket	https://www.omnicalculator.com/everyday-life/weighted-blanket
everyday-life	well-volume	https://www.omnicalculator.com/everyday-life/well-volume
everyday-life	wheel-horsepower	https://www.omnicalculator.com/everyday-life/wheel-horsepower
everyday-life	wheel-offset	https://www.omnicalculator.com/everyday-life/wheel-offset
everyday-life	winch-size	https://www.omnicalculator.com/everyday-life/winch-size
everyday-life	windsock	https://www.omnicalculator.com/everyday-life/windsock
everyday-life	witcher	https://www.omnicalculator.com/everyday-life/witcher
everyday-life	wizarding-currency	https://www.omnicalculator.com/everyday-life/wizarding-currency
everyday-life	words-per-minute	https://www.omnicalculator.com/everyday-life/words-per-minute
everyday-life	working-days	https://www.omnicalculator.com/everyday-life/working-days
everyday-life	years-between-dates	https://www.omnicalculator.com/everyday-life/years-between-dates
everyday-life	yes-or-no	https://www.omnicalculator.com/everyday-life/yes-or-no
finance	10-1-arm	https://www.omnicalculator.com/finance/10-1-arm
finance	12-hour-shift	https://www.omnicalculator.com/finance/12-hour-shift
finance	28-36-rule	https://www.omnicalculator.com/finance/28-36-rule
finance	3d-printer-buy-vs-outsource	https://www.omnicalculator.com/finance/3d-printer-buy-vs-outsource
finance	3x-rent	https://www.omnicalculator.com/finance/3x-rent
finance	401k	https://www.omnicalculator.com/finance/401k
finance	403b	https://www.omnicalculator.com/finance/403b
finance	50-30-20-rule	https://www.omnicalculator.com/finance/50-30-20-rule
finance	529	https://www.omnicalculator.com/finance/529
finance	70-20-10-rule-money	https://www.omnicalculator.com/finance/70-20-10-rule-money
finance	absence-percentage	https://www.omnicalculator.com/finance/absence-percentage
finance	accounting-profit	https://www.omnicalculator.com/finance/accounting-profit
finance	accrual-ratio	https://www.omnicalculator.com/finance/accrual-ratio
finance	accumulated-depreciation	https://www.omnicalculator.com/finance/accumulated-depreciation
finance	actual-cash-value	https://www.omnicalculator.com/finance/actual-cash-value
finance	adr	https://www.omnicalculator.com/finance/adr
finance	affo	https://www.omnicalculator.com/finance/affo
finance	afn	https://www.omnicalculator.com/finance/afn
finance	after-tax-cost-of-debt	https://www.omnicalculator.com/finance/after-tax-cost-of-debt
finance	agi	https://www.omnicalculator.com/finance/agi
finance	alabama-tax	https://www.omnicalculator.com/finance/alabama-tax
finance	alternative-minimum-tax	https://www.omnicalculator.com/finance/alternative-minimum-tax
finance	altman-z-score	https://www.omnicalculator.com/finance/altman-z-score
finance	american-rescue-plan	https://www.omnicalculator.com/finance/american-rescue-plan
finance	amortization	https://www.omnicalculator.com/finance/amortization
finance	annual-income	https://www.omnicalculator.com/finance/annual-income
finance	annual-pay	https://www.omnicalculator.com/finance/annual-pay
finance	annual-salary	https://www.omnicalculator.com/finance/annual-salary
finance	annual-salary-per-hour	https://www.omnicalculator.com/finance/annual-salary-per-hour
finance	annual-to-monthly-salary	https://www.omnicalculator.com/finance/annual-to-monthly-salary
finance	annualized-rate-of-return	https://www.omnicalculator.com/finance/annualized-rate-of-return
finance	annuity	https://www.omnicalculator.com/finance/annuity
finance	annuity-future-value	https://www.omnicalculator.com/finance/annuity-future-value
finance	annuity-payout	https://www.omnicalculator.com/finance/annuity-payout
finance	annuity-present-value	https://www.omnicalculator.com/finance/annuity-present-value
finance	apc	https://www.omnicalculator.com/finance/apc
finance	appreciation	https://www.omnicalculator.com/finance/appreciation
finance	apr	https://www.omnicalculator.com/finance/apr
finance	apy	https://www.omnicalculator.com/finance/apy
finance	ar-days	https://www.omnicalculator.com/finance/ar-days
finance	arm-mortgage	https://www.omnicalculator.com/finance/arm-mortgage
finance	arv	https://www.omnicalculator.com/finance/arv
finance	atal-pension-yojana	https://www.omnicalculator.com/finance/atal-pension-yojana
finance	attrition-rate	https://www.omnicalculator.com/finance/attrition-rate
finance	auto-loan	https://www.omnicalculator.com/finance/auto-loan
finance	avc	https://www.omnicalculator.com/finance/avc
finance	average-collection	https://www.omnicalculator.com/finance/average-collection
finance	average-fixed-cost	https://www.omnicalculator.com/finance/average-fixed-cost
finance	balance-transfer	https://www.omnicalculator.com/finance/balance-transfer
finance	balloon-payment	https://www.omnicalculator.com/finance/balloon-payment
finance	bank-reconciliation	https://www.omnicalculator.com/finance/bank-reconciliation
finance	basis-point	https://www.omnicalculator.com/finance/basis-point
finance	beta-stock	https://www.omnicalculator.com/finance/beta-stock
finance	bi-weekly-mortgage-payment	https://www.omnicalculator.com/finance/bi-weekly-mortgage-payment
finance	biden-tax-plan	https://www.omnicalculator.com/finance/biden-tax-plan
finance	bike-emi	https://www.omnicalculator.com/finance/bike-emi
finance	bill-rate	https://www.omnicalculator.com/finance/bill-rate
finance	billable-hours	https://www.omnicalculator.com/finance/billable-hours
finance	bitcoin-etf	https://www.omnicalculator.com/finance/bitcoin-etf
finance	biweekly-mortgage	https://www.omnicalculator.com/finance/biweekly-mortgage
finance	biweekly-pay	https://www.omnicalculator.com/finance/biweekly-pay
finance	black-friday	https://www.omnicalculator.com/finance/black-friday
finance	black-scholes	https://www.omnicalculator.com/finance/black-scholes
finance	blended-rate	https://www.omnicalculator.com/finance/blended-rate
finance	boat-loan	https://www.omnicalculator.com/finance/boat-loan
finance	bond-convexity	https://www.omnicalculator.com/finance/bond-convexity
finance	bond-current-yield	https://www.omnicalculator.com/finance/bond-current-yield
finance	bond-equivalent-yield	https://www.omnicalculator.com/finance/bond-equivalent-yield
finance	bond-price	https://www.omnicalculator.com/finance/bond-price
finance	bond-yield	https://www.omnicalculator.com/finance/bond-yield
finance	bond-ytm	https://www.omnicalculator.com/finance/bond-ytm
finance	bounce-rate	https://www.omnicalculator.com/finance/bounce-rate
finance	bradford-factor	https://www.omnicalculator.com/finance/bradford-factor
finance	break-even	https://www.omnicalculator.com/finance/break-even
finance	brexit	https://www.omnicalculator.com/finance/brexit
finance	budget	https://www.omnicalculator.com/finance/budget
finance	build-back-better	https://www.omnicalculator.com/finance/build-back-better
finance	build-or-buy	https://www.omnicalculator.com/finance/build-or-buy
finance	burn-rate	https://www.omnicalculator.com/finance/burn-rate
finance	burndown-chart	https://www.omnicalculator.com/finance/burndown-chart
finance	business-budget	https://www.omnicalculator.com/finance/business-budget
finance	business-loan	https://www.omnicalculator.com/finance/business-loan
finance	business-valuation	https://www.omnicalculator.com/finance/business-valuation
finance	buying-power	https://www.omnicalculator.com/finance/buying-power
finance	cac	https://www.omnicalculator.com/finance/cac
finance	cagr	https://www.omnicalculator.com/finance/cagr
finance	california-overtime	https://www.omnicalculator.com/finance/california-overtime
finance	california-sales-tax	https://www.omnicalculator.com/finance/california-sales-tax
finance	california-stimulus-check	https://www.omnicalculator.com/finance/california-stimulus-check
finance	california-tax	https://www.omnicalculator.com/finance/california-tax
finance	call-put-option	https://www.omnicalculator.com/finance/call-put-option
finance	cap-rate	https://www.omnicalculator.com/finance/cap-rate
finance	capital-gains-tax-uk	https://www.omnicalculator.com/finance/capital-gains-tax-uk
finance	capital-gains-yield	https://www.omnicalculator.com/finance/capital-gains-yield
finance	capm	https://www.omnicalculator.com/finance/capm
finance	car-affordability	https://www.omnicalculator.com/finance/car-affordability
finance	car-depreciation	https://www.omnicalculator.com/finance/car-depreciation
finance	car-interest	https://www.omnicalculator.com/finance/car-interest
finance	car-lease	https://www.omnicalculator.com/finance/car-lease
finance	car-loan-emi	https://www.omnicalculator.com/finance/car-loan-emi
finance	car-refinance	https://www.omnicalculator.com/finance/car-refinance
finance	carried-interest	https://www.omnicalculator.com/finance/carried-interest
finance	carry-trade	https://www.omnicalculator.com/finance/carry-trade
finance	cash-act-2020	https://www.omnicalculator.com/finance/cash-act-2020
finance	cash-back	https://www.omnicalculator.com/finance/cash-back
finance	cash-conversion-cycle	https://www.omnicalculator.com/finance/cash-conversion-cycle
finance	cash-flow-to-debt	https://www.omnicalculator.com/finance/cash-flow-to-debt
finance	cash-out-refinance	https://www.omnicalculator.com/finance/cash-out-refinance
finance	cash-ratio	https://www.omnicalculator.com/finance/cash-ratio
finance	cd	https://www.omnicalculator.com/finance/cd
finance	cell-phone-plan	https://www.omnicalculator.com/finance/cell-phone-plan
finance	child-tax-credit	https://www.omnicalculator.com/finance/child-tax-credit
finance	churn-rate	https://www.omnicalculator.com/finance/churn-rate
finance	cltv	https://www.omnicalculator.com/finance/cltv
finance	cobb-douglas-production-function	https://www.omnicalculator.com/finance/cobb-douglas-production-function
finance	cogs	https://www.omnicalculator.com/finance/cogs
finance	combined-ratio	https://www.omnicalculator.com/finance/combined-ratio
finance	commercial-lease	https://www.omnicalculator.com/finance/commercial-lease
finance	commission	https://www.omnicalculator.com/finance/commission
finance	comparative-advantage	https://www.omnicalculator.com/finance/comparative-advantage
finance	compound-growth	https://www.omnicalculator.com/finance/compound-growth
finance	compound-interest	https://www.omnicalculator.com/finance/compound-interest
finance	compound-interest-rate	https://www.omnicalculator.com/finance/compound-interest-rate
finance	consulting-fees	https://www.omnicalculator.com/finance/consulting-fees
finance	consumer-surplus	https://www.omnicalculator.com/finance/consumer-surplus
finance	continuous-compound	https://www.omnicalculator.com/finance/continuous-compound
finance	contribution-margin	https://www.omnicalculator.com/finance/contribution-margin
finance	cost-of-capital	https://www.omnicalculator.com/finance/cost-of-capital
finance	cost-of-doing-business	https://www.omnicalculator.com/finance/cost-of-doing-business
finance	cost-of-equity	https://www.omnicalculator.com/finance/cost-of-equity
finance	coupon-payment	https://www.omnicalculator.com/finance/coupon-payment
finance	coupon-rate	https://www.omnicalculator.com/finance/coupon-rate
finance	cpa	https://www.omnicalculator.com/finance/cpa
finance	cpc-cpm	https://www.omnicalculator.com/finance/cpc-cpm
finance	cpi-inflation	https://www.omnicalculator.com/finance/cpi-inflation
finance	cpm	https://www.omnicalculator.com/finance/cpm
finance	credit-card	https://www.omnicalculator.com/finance/credit-card
finance	credit-card-interest	https://www.omnicalculator.com/finance/credit-card-interest
finance	credit-card-minimum-payment	https://www.omnicalculator.com/finance/credit-card-minimum-payment
finance	credit-card-payment	https://www.omnicalculator.com/finance/credit-card-payment
finance	credit-card-payoff	https://www.omnicalculator.com/finance/credit-card-payoff
finance	credit-spread	https://www.omnicalculator.com/finance/credit-spread
finance	credit-utilization	https://www.omnicalculator.com/finance/credit-utilization
finance	cross-exchange-rate	https://www.omnicalculator.com/finance/cross-exchange-rate
finance	cross-price-elasticity	https://www.omnicalculator.com/finance/cross-price-elasticity
finance	ctr	https://www.omnicalculator.com/finance/ctr
finance	currency-converter	https://www.omnicalculator.com/finance/currency-converter
finance	currency-forward	https://www.omnicalculator.com/finance/currency-forward
finance	current-ratio	https://www.omnicalculator.com/finance/current-ratio
finance	customer-effort-score	https://www.omnicalculator.com/finance/customer-effort-score
finance	customer-retention-rate	https://www.omnicalculator.com/finance/customer-retention-rate
finance	cyber-monday	https://www.omnicalculator.com/finance/cyber-monday
finance	dart-rate	https://www.omnicalculator.com/finance/dart-rate
finance	days-inventory-outstanding	https://www.omnicalculator.com/finance/days-inventory-outstanding
finance	days-payable-outstanding	https://www.omnicalculator.com/finance/days-payable-outstanding
finance	days-sales-outstanding	https://www.omnicalculator.com/finance/days-sales-outstanding
finance	dcf	https://www.omnicalculator.com/finance/dcf
finance	deadweight-loss	https://www.omnicalculator.com/finance/deadweight-loss
finance	debt	https://www.omnicalculator.com/finance/debt
finance	debt-avalanche	https://www.omnicalculator.com/finance/debt-avalanche
finance	debt-consolidation	https://www.omnicalculator.com/finance/debt-consolidation
finance	debt-payoff	https://www.omnicalculator.com/finance/debt-payoff
finance	debt-snowball	https://www.omnicalculator.com/finance/debt-snowball
finance	debt-to-asset	https://www.omnicalculator.com/finance/debt-to-asset
finance	debt-to-capital	https://www.omnicalculator.com/finance/debt-to-capital
finance	debt-to-equity	https://www.omnicalculator.com/finance/debt-to-equity
finance	defensive-interval-ratio	https://www.omnicalculator.com/finance/defensive-interval-ratio
finance	deferred-annuity	https://www.omnicalculator.com/finance/deferred-annuity
finance	deferred-payment-loan	https://www.omnicalculator.com/finance/deferred-payment-loan
finance	degree-of-operating-leverage	https://www.omnicalculator.com/finance/degree-of-operating-leverage
finance	depreciation	https://www.omnicalculator.com/finance/depreciation
finance	direct-material-price-variance	https://www.omnicalculator.com/finance/direct-material-price-variance
finance	discount	https://www.omnicalculator.com/finance/discount
finance	discount-rate	https://www.omnicalculator.com/finance/discount-rate
finance	discretionary-income	https://www.omnicalculator.com/finance/discretionary-income
finance	disposable-income	https://www.omnicalculator.com/finance/disposable-income
finance	divdend-discount-model	https://www.omnicalculator.com/finance/divdend-discount-model
finance	dividend	https://www.omnicalculator.com/finance/dividend
finance	dividend-payout-ratio	https://www.omnicalculator.com/finance/dividend-payout-ratio
finance	dividend-yield	https://www.omnicalculator.com/finance/dividend-yield
finance	double-discount	https://www.omnicalculator.com/finance/double-discount
finance	down-payment	https://www.omnicalculator.com/finance/down-payment
finance	dream-come-true	https://www.omnicalculator.com/finance/dream-come-true
finance	dscr	https://www.omnicalculator.com/finance/dscr
finance	dti	https://www.omnicalculator.com/finance/dti
finance	dupont-analysis	https://www.omnicalculator.com/finance/dupont-analysis
finance	ear	https://www.omnicalculator.com/finance/ear
finance	early-retirement	https://www.omnicalculator.com/finance/early-retirement
finance	earned-value-management	https://www.omnicalculator.com/finance/earned-value-management
finance	earnest-money	https://www.omnicalculator.com/finance/earnest-money
finance	ebit	https://www.omnicalculator.com/finance/ebit
finance	ebitda	https://www.omnicalculator.com/finance/ebitda
finance	ebitda-margin	https://www.omnicalculator.com/finance/ebitda-margin
finance	ebitda-multiple	https://www.omnicalculator.com/finance/ebitda-multiple
finance	ebt	https://www.omnicalculator.com/finance/ebt
finance	economic-injury-disaster-loan	https://www.omnicalculator.com/finance/economic-injury-disaster-loan
finance	economic-profit	https://www.omnicalculator.com/finance/economic-profit
finance	economic-value-added	https://www.omnicalculator.com/finance/economic-value-added
finance	effective-annual-yield	https://www.omnicalculator.com/finance/effective-annual-yield
finance	effective-corporate-tax-rate	https://www.omnicalculator.com/finance/effective-corporate-tax-rate
finance	effective-duration	https://www.omnicalculator.com/finance/effective-duration
finance	effective-interest-rate	https://www.omnicalculator.com/finance/effective-interest-rate
finance	elss	https://www.omnicalculator.com/finance/elss
finance	emergency-fund	https://www.omnicalculator.com/finance/emergency-fund
finance	emi	https://www.omnicalculator.com/finance/emi
finance	emv	https://www.omnicalculator.com/finance/emv
finance	ending-inventory	https://www.omnicalculator.com/finance/ending-inventory
finance	enterprise-value	https://www.omnicalculator.com/finance/enterprise-value
finance	eoq	https://www.omnicalculator.com/finance/eoq
finance	epf	https://www.omnicalculator.com/finance/epf
finance	eps	https://www.omnicalculator.com/finance/eps
finance	eps-growth	https://www.omnicalculator.com/finance/eps-growth
finance	equivalent-rate	https://www.omnicalculator.com/finance/equivalent-rate
finance	ev-to-sales	https://www.omnicalculator.com/finance/ev-to-sales
finance	exit-rate	https://www.omnicalculator.com/finance/exit-rate
finance	expected-return	https://www.omnicalculator.com/finance/expected-return
finance	expected-utility	https://www.omnicalculator.com/finance/expected-utility
finance	expense-ratio	https://www.omnicalculator.com/finance/expense-ratio
finance	ffo	https://www.omnicalculator.com/finance/ffo
finance	fha-loan	https://www.omnicalculator.com/finance/fha-loan
finance	fibonacci-retracement	https://www.omnicalculator.com/finance/fibonacci-retracement
finance	fica-tax	https://www.omnicalculator.com/finance/fica-tax
finance	fifo-for-inventories	https://www.omnicalculator.com/finance/fifo-for-inventories
finance	finance-charge	https://www.omnicalculator.com/finance/finance-charge
finance	financial-leverage-ratio	https://www.omnicalculator.com/finance/financial-leverage-ratio
finance	fire	https://www.omnicalculator.com/finance/fire
finance	fisher-effect	https://www.omnicalculator.com/finance/fisher-effect
finance	fisher-equation	https://www.omnicalculator.com/finance/fisher-equation
finance	fixed-asset-turnover	https://www.omnicalculator.com/finance/fixed-asset-turnover
finance	fixed-deposit	https://www.omnicalculator.com/finance/fixed-deposit
finance	florida-overtime	https://www.omnicalculator.com/finance/florida-overtime
finance	florida-sales-tax	https://www.omnicalculator.com/finance/florida-sales-tax
finance	forward-premium	https://www.omnicalculator.com/finance/forward-premium
finance	forward-rate	https://www.omnicalculator.com/finance/forward-rate
finance	free-cash-flow	https://www.omnicalculator.com/finance/free-cash-flow
finance	free-cash-flow-to-equity	https://www.omnicalculator.com/finance/free-cash-flow-to-equity
finance	free-cash-flow-to-firm	https://www.omnicalculator.com/finance/free-cash-flow-to-firm
finance	free-float	https://www.omnicalculator.com/finance/free-float
finance	full-time-equivalent	https://www.omnicalculator.com/finance/full-time-equivalent
finance	future-salary	https://www.omnicalculator.com/finance/future-salary
finance	future-value	https://www.omnicalculator.com/finance/future-value
finance	futures-contract	https://www.omnicalculator.com/finance/futures-contract
finance	gdp	https://www.omnicalculator.com/finance/gdp
finance	gdp-deflator	https://www.omnicalculator.com/finance/gdp-deflator
finance	gdp-gap	https://www.omnicalculator.com/finance/gdp-gap
finance	gdp-growth	https://www.omnicalculator.com/finance/gdp-growth
finance	gdp-per-capita	https://www.omnicalculator.com/finance/gdp-per-capita
finance	georgia-overtime	https://www.omnicalculator.com/finance/georgia-overtime
finance	gift-of-equity	https://www.omnicalculator.com/finance/gift-of-equity
finance	gini-coefficient	https://www.omnicalculator.com/finance/gini-coefficient
finance	gmroi	https://www.omnicalculator.com/finance/gmroi
finance	gold-melt	https://www.omnicalculator.com/finance/gold-melt
finance	goodwill	https://www.omnicalculator.com/finance/goodwill
finance	google-adsense	https://www.omnicalculator.com/finance/google-adsense
finance	graham-number	https://www.omnicalculator.com/finance/graham-number
finance	gratuity	https://www.omnicalculator.com/finance/gratuity
finance	gross-margin	https://www.omnicalculator.com/finance/gross-margin
finance	gross-rent-multiplier	https://www.omnicalculator.com/finance/gross-rent-multiplier
finance	gross-to-net	https://www.omnicalculator.com/finance/gross-to-net
finance	growing-annuity	https://www.omnicalculator.com/finance/growing-annuity
finance	grp	https://www.omnicalculator.com/finance/grp
finance	gst	https://www.omnicalculator.com/finance/gst
finance	gst-qst	https://www.omnicalculator.com/finance/gst-qst
finance	gtin-check-digit	https://www.omnicalculator.com/finance/gtin-check-digit
finance	hedge-ratio	https://www.omnicalculator.com/finance/hedge-ratio
finance	heloc	https://www.omnicalculator.com/finance/heloc
finance	hhi	https://www.omnicalculator.com/finance/hhi
finance	high-low-method	https://www.omnicalculator.com/finance/high-low-method
finance	holding-period-return	https://www.omnicalculator.com/finance/holding-period-return
finance	home-affordability	https://www.omnicalculator.com/finance/home-affordability
finance	home-improvement-loan	https://www.omnicalculator.com/finance/home-improvement-loan
finance	home-loan	https://www.omnicalculator.com/finance/home-loan
finance	home-loan-emi	https://www.omnicalculator.com/finance/home-loan-emi
finance	home-mortgage	https://www.omnicalculator.com/finance/home-mortgage
finance	home-value-us	https://www.omnicalculator.com/finance/home-value-us
finance	hourly-to-annual-salary	https://www.omnicalculator.com/finance/hourly-to-annual-salary
finance	hourly-to-salary	https://www.omnicalculator.com/finance/hourly-to-salary
finance	hourly-to-salary-with-overtime	https://www.omnicalculator.com/finance/hourly-to-salary-with-overtime
finance	hourly-wage	https://www.omnicalculator.com/finance/hourly-wage
finance	hours-pay	https://www.omnicalculator.com/finance/hours-pay
finance	hr-software-roi	https://www.omnicalculator.com/finance/hr-software-roi
finance	hra-exemption	https://www.omnicalculator.com/finance/hra-exemption
finance	illinois-overtime	https://www.omnicalculator.com/finance/illinois-overtime
finance	illinois-tax	https://www.omnicalculator.com/finance/illinois-tax
finance	immediate-annuity	https://www.omnicalculator.com/finance/immediate-annuity
finance	income-elasticity-demand	https://www.omnicalculator.com/finance/income-elasticity-demand
finance	income-tax-australia	https://www.omnicalculator.com/finance/income-tax-australia
finance	income-tax-pakistan	https://www.omnicalculator.com/finance/income-tax-pakistan
finance	income-tax-philippines	https://www.omnicalculator.com/finance/income-tax-philippines
finance	inflation	https://www.omnicalculator.com/finance/inflation
finance	information-ratio	https://www.omnicalculator.com/finance/information-ratio
finance	interest-coverage-ratio	https://www.omnicalculator.com/finance/interest-coverage-ratio
finance	interest-only-mortgage	https://www.omnicalculator.com/finance/interest-only-mortgage
finance	interest-per-day	https://www.omnicalculator.com/finance/interest-per-day
finance	interest-rate	https://www.omnicalculator.com/finance/interest-rate
finance	interest-rate-parity	https://www.omnicalculator.com/finance/interest-rate-parity
finance	internal-rate-of-return	https://www.omnicalculator.com/finance/internal-rate-of-return
finance	intrinsic-value	https://www.omnicalculator.com/finance/intrinsic-value
finance	inventory-turnover	https://www.omnicalculator.com/finance/inventory-turnover
finance	investment	https://www.omnicalculator.com/finance/investment
finance	investment-fees	https://www.omnicalculator.com/finance/investment-fees
finance	ira	https://www.omnicalculator.com/finance/ira
finance	jensen-alpha	https://www.omnicalculator.com/finance/jensen-alpha
finance	jumbo-loan	https://www.omnicalculator.com/finance/jumbo-loan
finance	labor-cost	https://www.omnicalculator.com/finance/labor-cost
finance	labor-force-participation-rate	https://www.omnicalculator.com/finance/labor-force-participation-rate
finance	land-loan-payment	https://www.omnicalculator.com/finance/land-loan-payment
finance	lcr	https://www.omnicalculator.com/finance/lcr
finance	lease	https://www.omnicalculator.com/finance/lease
finance	lease-mileage	https://www.omnicalculator.com/finance/lease-mileage
finance	lemonade-stand	https://www.omnicalculator.com/finance/lemonade-stand
finance	lerner-index	https://www.omnicalculator.com/finance/lerner-index
finance	levered-free-cash-flow	https://www.omnicalculator.com/finance/levered-free-cash-flow
finance	lgd	https://www.omnicalculator.com/finance/lgd
finance	lifetime-earnings	https://www.omnicalculator.com/finance/lifetime-earnings
finance	lifo-for-inventories	https://www.omnicalculator.com/finance/lifo-for-inventories
finance	liquid-net-worth	https://www.omnicalculator.com/finance/liquid-net-worth
finance	loan	https://www.omnicalculator.com/finance/loan
finance	loan-balance	https://www.omnicalculator.com/finance/loan-balance
finance	loan-comparison	https://www.omnicalculator.com/finance/loan-comparison
finance	loan-interest	https://www.omnicalculator.com/finance/loan-interest
finance	loan-payment	https://www.omnicalculator.com/finance/loan-payment
finance	loan-repayment	https://www.omnicalculator.com/finance/loan-repayment
finance	long-term-care	https://www.omnicalculator.com/finance/long-term-care
finance	loss-ratio	https://www.omnicalculator.com/finance/loss-ratio
finance	lost-wages-assistance	https://www.omnicalculator.com/finance/lost-wages-assistance
finance	lottery-annuity	https://www.omnicalculator.com/finance/lottery-annuity
finance	lottery-tax	https://www.omnicalculator.com/finance/lottery-tax
finance	ltv	https://www.omnicalculator.com/finance/ltv
finance	lumpsum	https://www.omnicalculator.com/finance/lumpsum
finance	lumpsum-plus-sip	https://www.omnicalculator.com/finance/lumpsum-plus-sip
finance	magi	https://www.omnicalculator.com/finance/magi
finance	man-hours	https://www.omnicalculator.com/finance/man-hours
finance	margin	https://www.omnicalculator.com/finance/margin
finance	margin-2-sets	https://www.omnicalculator.com/finance/margin-2-sets
finance	margin-and-vat	https://www.omnicalculator.com/finance/margin-and-vat
finance	margin-call	https://www.omnicalculator.com/finance/margin-call
finance	margin-discount	https://www.omnicalculator.com/finance/margin-discount
finance	margin-interest	https://www.omnicalculator.com/finance/margin-interest
finance	margin-of-safety	https://www.omnicalculator.com/finance/margin-of-safety
finance	margin-sales-tax	https://www.omnicalculator.com/finance/margin-sales-tax
finance	marginal-cost	https://www.omnicalculator.com/finance/marginal-cost
finance	marginal-revenue	https://www.omnicalculator.com/finance/marginal-revenue
finance	markdown	https://www.omnicalculator.com/finance/markdown
finance	market-capitalization	https://www.omnicalculator.com/finance/market-capitalization
finance	marketing-conversion	https://www.omnicalculator.com/finance/marketing-conversion
finance	markup	https://www.omnicalculator.com/finance/markup
finance	maturity-value	https://www.omnicalculator.com/finance/maturity-value
finance	maximum-drawdown	https://www.omnicalculator.com/finance/maximum-drawdown
finance	mega-millions-payout	https://www.omnicalculator.com/finance/mega-millions-payout
finance	mileage-reimbursement	https://www.omnicalculator.com/finance/mileage-reimbursement
finance	millionaire	https://www.omnicalculator.com/finance/millionaire
finance	missouri-sales-tax	https://www.omnicalculator.com/finance/missouri-sales-tax
finance	modified-irr	https://www.omnicalculator.com/finance/modified-irr
finance	money-counter	https://www.omnicalculator.com/finance/money-counter
finance	money-factor	https://www.omnicalculator.com/finance/money-factor
finance	money-market-account	https://www.omnicalculator.com/finance/money-market-account
finance	money-multiplier	https://www.omnicalculator.com/finance/money-multiplier
finance	money-per-hour	https://www.omnicalculator.com/finance/money-per-hour
finance	money-supply	https://www.omnicalculator.com/finance/money-supply
finance	month-over-month	https://www.omnicalculator.com/finance/month-over-month
finance	monthly-income	https://www.omnicalculator.com/finance/monthly-income
finance	monthly-income-hourly	https://www.omnicalculator.com/finance/monthly-income-hourly
finance	moratorium-emi	https://www.omnicalculator.com/finance/moratorium-emi
finance	mortgage	https://www.omnicalculator.com/finance/mortgage
finance	mortgage-acceleration	https://www.omnicalculator.com/finance/mortgage-acceleration
finance	mortgage-amortization	https://www.omnicalculator.com/finance/mortgage-amortization
finance	mortgage-calculator-with-taxes-and-insurance	https://www.omnicalculator.com/finance/mortgage-calculator-with-taxes-and-insurance
finance	mortgage-comparison	https://www.omnicalculator.com/finance/mortgage-comparison
finance	mortgage-extra-payments	https://www.omnicalculator.com/finance/mortgage-extra-payments
finance	mortgage-interest	https://www.omnicalculator.com/finance/mortgage-interest
finance	mortgage-payoff	https://www.omnicalculator.com/finance/mortgage-payoff
finance	mortgage-penalty	https://www.omnicalculator.com/finance/mortgage-penalty
finance	mortgage-points	https://www.omnicalculator.com/finance/mortgage-points
finance	mortgage-prepayment	https://www.omnicalculator.com/finance/mortgage-prepayment
finance	mortgage-rate	https://www.omnicalculator.com/finance/mortgage-rate
finance	mortgage-refinance	https://www.omnicalculator.com/finance/mortgage-refinance
finance	moving-average	https://www.omnicalculator.com/finance/moving-average
finance	mpc	https://www.omnicalculator.com/finance/mpc
finance	mps	https://www.omnicalculator.com/finance/mps
finance	mutual-fund	https://www.omnicalculator.com/finance/mutual-fund
finance	mva	https://www.omnicalculator.com/finance/mva
finance	national-insurance-uk	https://www.omnicalculator.com/finance/national-insurance-uk
finance	national-pension-scheme	https://www.omnicalculator.com/finance/national-pension-scheme
finance	natural-rate-of-unemployment	https://www.omnicalculator.com/finance/natural-rate-of-unemployment
finance	nav	https://www.omnicalculator.com/finance/nav
finance	net-debt	https://www.omnicalculator.com/finance/net-debt
finance	net-effective-rent	https://www.omnicalculator.com/finance/net-effective-rent
finance	net-income	https://www.omnicalculator.com/finance/net-income
finance	net-operating-assets	https://www.omnicalculator.com/finance/net-operating-assets
finance	net-operating-income	https://www.omnicalculator.com/finance/net-operating-income
finance	net-operating-working-capital	https://www.omnicalculator.com/finance/net-operating-working-capital
finance	net-present-value	https://www.omnicalculator.com/finance/net-present-value
finance	net-profit-margin	https://www.omnicalculator.com/finance/net-profit-margin
finance	net-to-gross	https://www.omnicalculator.com/finance/net-to-gross
finance	net-worth	https://www.omnicalculator.com/finance/net-worth
finance	new-jersey-sales-tax	https://www.omnicalculator.com/finance/new-jersey-sales-tax
finance	new-york-overtime	https://www.omnicalculator.com/finance/new-york-overtime
finance	new-york-tax	https://www.omnicalculator.com/finance/new-york-tax
finance	nopat	https://www.omnicalculator.com/finance/nopat
finance	nps	https://www.omnicalculator.com/finance/nps
finance	nsfr	https://www.omnicalculator.com/finance/nsfr
finance	occupancy-rate	https://www.omnicalculator.com/finance/occupancy-rate
finance	off-day	https://www.omnicalculator.com/finance/off-day
finance	ohio-sales-tax	https://www.omnicalculator.com/finance/ohio-sales-tax
finance	okun-law	https://www.omnicalculator.com/finance/okun-law
finance	online-marketing-roi	https://www.omnicalculator.com/finance/online-marketing-roi
finance	operating-asset-turnover	https://www.omnicalculator.com/finance/operating-asset-turnover
finance	operating-cash-flow	https://www.omnicalculator.com/finance/operating-cash-flow
finance	operating-cash-flow-ratio	https://www.omnicalculator.com/finance/operating-cash-flow-ratio
finance	operating-margin	https://www.omnicalculator.com/finance/operating-margin
finance	opportunity-cost	https://www.omnicalculator.com/finance/opportunity-cost
finance	optimal-hedge-ratio	https://www.omnicalculator.com/finance/optimal-hedge-ratio
finance	optimal-price	https://www.omnicalculator.com/finance/optimal-price
finance	options-spread	https://www.omnicalculator.com/finance/options-spread
finance	overtime	https://www.omnicalculator.com/finance/overtime
finance	overtime-paycheck	https://www.omnicalculator.com/finance/overtime-paycheck
finance	pag-ibig-housing-loan	https://www.omnicalculator.com/finance/pag-ibig-housing-loan
finance	parking-ratio	https://www.omnicalculator.com/finance/parking-ratio
finance	partially-amortized-loan	https://www.omnicalculator.com/finance/partially-amortized-loan
finance	pay-raise	https://www.omnicalculator.com/finance/pay-raise
finance	payback-period	https://www.omnicalculator.com/finance/payback-period
finance	paycheck-protection-program	https://www.omnicalculator.com/finance/paycheck-protection-program
finance	payday-loan	https://www.omnicalculator.com/finance/payday-loan
finance	paypal-fee	https://www.omnicalculator.com/finance/paypal-fee
finance	peg-ratio	https://www.omnicalculator.com/finance/peg-ratio
finance	pence-to-pounds	https://www.omnicalculator.com/finance/pence-to-pounds
finance	percent-off	https://www.omnicalculator.com/finance/percent-off
finance	percentage-discount	https://www.omnicalculator.com/finance/percentage-discount
finance	percentage-return	https://www.omnicalculator.com/finance/percentage-return
finance	perpetuity	https://www.omnicalculator.com/finance/perpetuity
finance	personal-loan	https://www.omnicalculator.com/finance/personal-loan
finance	personal-loan-emi	https://www.omnicalculator.com/finance/personal-loan-emi
finance	phillips-curve	https://www.omnicalculator.com/finance/phillips-curve
finance	piti	https://www.omnicalculator.com/finance/piti
finance	pivot-point	https://www.omnicalculator.com/finance/pivot-point
finance	pmi	https://www.omnicalculator.com/finance/pmi
finance	portfolio-beta	https://www.omnicalculator.com/finance/portfolio-beta
finance	post-judgment-interest	https://www.omnicalculator.com/finance/post-judgment-interest
finance	post-office-monthly-income-scheme	https://www.omnicalculator.com/finance/post-office-monthly-income-scheme
finance	powerball	https://www.omnicalculator.com/finance/powerball
finance	ppf	https://www.omnicalculator.com/finance/ppf
finance	ppp	https://www.omnicalculator.com/finance/ppp
finance	pre-and-post-money-valuation	https://www.omnicalculator.com/finance/pre-and-post-money-valuation
finance	present-value	https://www.omnicalculator.com/finance/present-value
finance	price-elasticity-demand	https://www.omnicalculator.com/finance/price-elasticity-demand
finance	price-elasticity-supply	https://www.omnicalculator.com/finance/price-elasticity-supply
finance	price-per-share	https://www.omnicalculator.com/finance/price-per-share
finance	price-per-sqft	https://www.omnicalculator.com/finance/price-per-sqft
finance	price-per-square-meter	https://www.omnicalculator.com/finance/price-per-square-meter
finance	price-quantity	https://www.omnicalculator.com/finance/price-quantity
finance	price-to-book-ratio	https://www.omnicalculator.com/finance/price-to-book-ratio
finance	price-to-cash-flow-ratio	https://www.omnicalculator.com/finance/price-to-cash-flow-ratio
finance	price-to-earnings	https://www.omnicalculator.com/finance/price-to-earnings
finance	price-to-sales-ratio	https://www.omnicalculator.com/finance/price-to-sales-ratio
finance	private-savings	https://www.omnicalculator.com/finance/private-savings
finance	productivity	https://www.omnicalculator.com/finance/productivity
finance	profit	https://www.omnicalculator.com/finance/profit
finance	profitability-index	https://www.omnicalculator.com/finance/profitability-index
finance	prorated-rent	https://www.omnicalculator.com/finance/prorated-rent
finance	prorated-salary	https://www.omnicalculator.com/finance/prorated-salary
finance	put-call-parity	https://www.omnicalculator.com/finance/put-call-parity
finance	pvgo	https://www.omnicalculator.com/finance/pvgo
finance	pvifa	https://www.omnicalculator.com/finance/pvifa
finance	quick-ratio	https://www.omnicalculator.com/finance/quick-ratio
finance	rate-of-pay	https://www.omnicalculator.com/finance/rate-of-pay
finance	rate-of-return	https://www.omnicalculator.com/finance/rate-of-return
finance	rd	https://www.omnicalculator.com/finance/rd
finance	real-estate-commission	https://www.omnicalculator.com/finance/real-estate-commission
finance	real-estate-commission-vat	https://www.omnicalculator.com/finance/real-estate-commission-vat
finance	real-gdp	https://www.omnicalculator.com/finance/real-gdp
finance	real-interest-rate	https://www.omnicalculator.com/finance/real-interest-rate
finance	real-rate-of-return	https://www.omnicalculator.com/finance/real-rate-of-return
finance	receivables-turnover	https://www.omnicalculator.com/finance/receivables-turnover
finance	refinance	https://www.omnicalculator.com/finance/refinance
finance	refinance-break-even	https://www.omnicalculator.com/finance/refinance-break-even
finance	remote-vs-on-location-workers	https://www.omnicalculator.com/finance/remote-vs-on-location-workers
finance	rent	https://www.omnicalculator.com/finance/rent
finance	rent-increase	https://www.omnicalculator.com/finance/rent-increase
finance	rent-or-buy	https://www.omnicalculator.com/finance/rent-or-buy
finance	rental-commission	https://www.omnicalculator.com/finance/rental-commission
finance	rental-property	https://www.omnicalculator.com/finance/rental-property
finance	reserve-ratio	https://www.omnicalculator.com/finance/reserve-ratio
finance	residual-income	https://www.omnicalculator.com/finance/residual-income
finance	retained-earnings	https://www.omnicalculator.com/finance/retained-earnings
finance	retention-ratio	https://www.omnicalculator.com/finance/retention-ratio
finance	retirement	https://www.omnicalculator.com/finance/retirement
finance	retirement-withdrawal	https://www.omnicalculator.com/finance/retirement-withdrawal
finance	return-on-capital-employed	https://www.omnicalculator.com/finance/return-on-capital-employed
finance	revenue	https://www.omnicalculator.com/finance/revenue
finance	revenue-growth	https://www.omnicalculator.com/finance/revenue-growth
finance	revenue-per-employee	https://www.omnicalculator.com/finance/revenue-per-employee
finance	rmd	https://www.omnicalculator.com/finance/rmd
finance	roa	https://www.omnicalculator.com/finance/roa
finance	roas	https://www.omnicalculator.com/finance/roas
finance	roe	https://www.omnicalculator.com/finance/roe
finance	roi	https://www.omnicalculator.com/finance/roi
finance	roic	https://www.omnicalculator.com/finance/roic
finance	ros	https://www.omnicalculator.com/finance/ros
finance	roth-ira	https://www.omnicalculator.com/finance/roth-ira
finance	rsi	https://www.omnicalculator.com/finance/rsi
finance	rule-of-72	https://www.omnicalculator.com/finance/rule-of-72
finance	rv-loan	https://www.omnicalculator.com/finance/rv-loan
finance	saas-ltv	https://www.omnicalculator.com/finance/saas-ltv
finance	saas-metrics	https://www.omnicalculator.com/finance/saas-metrics
finance	sabbatical	https://www.omnicalculator.com/finance/sabbatical
finance	safety-stock	https://www.omnicalculator.com/finance/safety-stock
finance	salary	https://www.omnicalculator.com/finance/salary
finance	salary-inflation	https://www.omnicalculator.com/finance/salary-inflation
finance	salary-to-hourly	https://www.omnicalculator.com/finance/salary-to-hourly
finance	salary-with-overtime	https://www.omnicalculator.com/finance/salary-with-overtime
finance	sales	https://www.omnicalculator.com/finance/sales
finance	sales-commission	https://www.omnicalculator.com/finance/sales-commission
finance	sales-tax	https://www.omnicalculator.com/finance/sales-tax
finance	savings	https://www.omnicalculator.com/finance/savings
finance	savings-goal	https://www.omnicalculator.com/finance/savings-goal
finance	savings-interest-rate	https://www.omnicalculator.com/finance/savings-interest-rate
finance	savings-plan	https://www.omnicalculator.com/finance/savings-plan
finance	savings-withdrawal	https://www.omnicalculator.com/finance/savings-withdrawal
finance	scrap-gold	https://www.omnicalculator.com/finance/scrap-gold
finance	scrap-silver	https://www.omnicalculator.com/finance/scrap-silver
finance	sdlt-uk	https://www.omnicalculator.com/finance/sdlt-uk
finance	second-stimulus-check	https://www.omnicalculator.com/finance/second-stimulus-check
finance	sell-through-rate	https://www.omnicalculator.com/finance/sell-through-rate
finance	semi-monthly-pay	https://www.omnicalculator.com/finance/semi-monthly-pay
finance	sharpe-ratio	https://www.omnicalculator.com/finance/sharpe-ratio
finance	silver-melt	https://www.omnicalculator.com/finance/silver-melt
finance	simple-interest	https://www.omnicalculator.com/finance/simple-interest
finance	simple-mortgage	https://www.omnicalculator.com/finance/simple-mortgage
finance	simple-savings	https://www.omnicalculator.com/finance/simple-savings
finance	sinking-fund	https://www.omnicalculator.com/finance/sinking-fund
finance	sip-india	https://www.omnicalculator.com/finance/sip-india
finance	smokers-ctc	https://www.omnicalculator.com/finance/smokers-ctc
finance	software-contract-value	https://www.omnicalculator.com/finance/software-contract-value
finance	sortino-ratio	https://www.omnicalculator.com/finance/sortino-ratio
finance	spending-multiplier	https://www.omnicalculator.com/finance/spending-multiplier
finance	ssy	https://www.omnicalculator.com/finance/ssy
finance	state-tax	https://www.omnicalculator.com/finance/state-tax
finance	stimulus-check-40k-cap	https://www.omnicalculator.com/finance/stimulus-check-40k-cap
finance	stimulus-check-heals	https://www.omnicalculator.com/finance/stimulus-check-heals
finance	stimulus-heals-vs-heroes	https://www.omnicalculator.com/finance/stimulus-heals-vs-heroes
finance	stimulus-heroes	https://www.omnicalculator.com/finance/stimulus-heroes
finance	stimulus-payment	https://www.omnicalculator.com/finance/stimulus-payment
finance	stock	https://www.omnicalculator.com/finance/stock
finance	stock-average	https://www.omnicalculator.com/finance/stock-average
finance	stock-split	https://www.omnicalculator.com/finance/stock-split
finance	student-loan	https://www.omnicalculator.com/finance/student-loan
finance	student-loan-forgiveness	https://www.omnicalculator.com/finance/student-loan-forgiveness
finance	student-loan-payment	https://www.omnicalculator.com/finance/student-loan-payment
finance	student-loan-repayment-us	https://www.omnicalculator.com/finance/student-loan-repayment-us
finance	subscription-waste	https://www.omnicalculator.com/finance/subscription-waste
finance	sustainable-growth-rate	https://www.omnicalculator.com/finance/sustainable-growth-rate
finance	swp	https://www.omnicalculator.com/finance/swp
finance	tax-bracket	https://www.omnicalculator.com/finance/tax-bracket
finance	taxable-equivalent-yield	https://www.omnicalculator.com/finance/taxable-equivalent-yield
finance	taylor-rule	https://www.omnicalculator.com/finance/taylor-rule
finance	tds-interest	https://www.omnicalculator.com/finance/tds-interest
finance	tenure	https://www.omnicalculator.com/finance/tenure
finance	texas-overtime	https://www.omnicalculator.com/finance/texas-overtime
finance	texas-tax	https://www.omnicalculator.com/finance/texas-tax
finance	time-and-a-half	https://www.omnicalculator.com/finance/time-and-a-half
finance	time-value-of-money	https://www.omnicalculator.com/finance/time-value-of-money
finance	times-interest-earned-ratio	https://www.omnicalculator.com/finance/times-interest-earned-ratio
finance	total-asset-turnover	https://www.omnicalculator.com/finance/total-asset-turnover
finance	treynor-ratio	https://www.omnicalculator.com/finance/treynor-ratio
finance	triple-discount	https://www.omnicalculator.com/finance/triple-discount
finance	trir	https://www.omnicalculator.com/finance/trir
finance	true-cost-of-real-estate-commission	https://www.omnicalculator.com/finance/true-cost-of-real-estate-commission
finance	trump-tariff	https://www.omnicalculator.com/finance/trump-tariff
finance	trump-tax	https://www.omnicalculator.com/finance/trump-tax
finance	trumps-account	https://www.omnicalculator.com/finance/trumps-account
finance	ttm-trailing-twelve-months	https://www.omnicalculator.com/finance/ttm-trailing-twelve-months
finance	turnover-rate	https://www.omnicalculator.com/finance/turnover-rate
finance	uk-coin-weight	https://www.omnicalculator.com/finance/uk-coin-weight
finance	uk-take-home-pay	https://www.omnicalculator.com/finance/uk-take-home-pay
finance	unemployment-benefit	https://www.omnicalculator.com/finance/unemployment-benefit
finance	unemployment-benefit-heals	https://www.omnicalculator.com/finance/unemployment-benefit-heals
finance	unemployment-rate	https://www.omnicalculator.com/finance/unemployment-rate
finance	unlevered-beta	https://www.omnicalculator.com/finance/unlevered-beta
finance	unlevered-free-cash-flow	https://www.omnicalculator.com/finance/unlevered-free-cash-flow
finance	unpaid-work	https://www.omnicalculator.com/finance/unpaid-work
finance	us-income-percentile	https://www.omnicalculator.com/finance/us-income-percentile
finance	va-disability	https://www.omnicalculator.com/finance/va-disability
finance	va-loan	https://www.omnicalculator.com/finance/va-loan
finance	var	https://www.omnicalculator.com/finance/var
finance	variable-annuity	https://www.omnicalculator.com/finance/variable-annuity
finance	vat	https://www.omnicalculator.com/finance/vat
finance	velocity-of-money	https://www.omnicalculator.com/finance/velocity-of-money
finance	wacc	https://www.omnicalculator.com/finance/wacc
finance	wage	https://www.omnicalculator.com/finance/wage
finance	wage-to-salary	https://www.omnicalculator.com/finance/wage-to-salary
finance	website-ad-revenue	https://www.omnicalculator.com/finance/website-ad-revenue
finance	wedding-budget	https://www.omnicalculator.com/finance/wedding-budget
finance	week-over-week	https://www.omnicalculator.com/finance/week-over-week
finance	weekly-pay	https://www.omnicalculator.com/finance/weekly-pay
finance	what-to-offer-on-a-house	https://www.omnicalculator.com/finance/what-to-offer-on-a-house
finance	working-capital	https://www.omnicalculator.com/finance/working-capital
finance	working-capital-turnover-ratio	https://www.omnicalculator.com/finance/working-capital-turnover-ratio
finance	year-over-year-growth	https://www.omnicalculator.com/finance/year-over-year-growth
finance	yearly-wage	https://www.omnicalculator.com/finance/yearly-wage
finance	yield-to-call	https://www.omnicalculator.com/finance/yield-to-call
finance	yield-to-maturity	https://www.omnicalculator.com/finance/yield-to-maturity
finance	youtube-money	https://www.omnicalculator.com/finance/youtube-money
finance	zakat	https://www.omnicalculator.com/finance/zakat
food	alcohol-by-volume	https://www.omnicalculator.com/food/alcohol-by-volume
food	alcohol-dilution	https://www.omnicalculator.com/food/alcohol-dilution
food	bacon-curing	https://www.omnicalculator.com/food/bacon-curing
food	bakers-percentage	https://www.omnicalculator.com/food/bakers-percentage
food	bbq-grill-size	https://www.omnicalculator.com/food/bbq-grill-size
food	bbq-party	https://www.omnicalculator.com/food/bbq-party
food	beer-pong	https://www.omnicalculator.com/food/beer-pong
food	bread-spreads	https://www.omnicalculator.com/food/bread-spreads
food	brine	https://www.omnicalculator.com/food/brine
food	butter	https://www.omnicalculator.com/food/butter
food	cake-pans	https://www.omnicalculator.com/food/cake-pans
food	cake-pricing	https://www.omnicalculator.com/food/cake-pricing
food	cake-serving	https://www.omnicalculator.com/food/cake-serving
food	chilled-drink	https://www.omnicalculator.com/food/chilled-drink
food	chocolate	https://www.omnicalculator.com/food/chocolate
food	coffee	https://www.omnicalculator.com/food/coffee
food	coffee-footprint	https://www.omnicalculator.com/food/coffee-footprint
food	coffee-kick	https://www.omnicalculator.com/food/coffee-kick
food	coffee-ratio	https://www.omnicalculator.com/food/coffee-ratio
food	coffee-to-water-ratio	https://www.omnicalculator.com/food/coffee-to-water-ratio
food	cold-brew-ratio	https://www.omnicalculator.com/food/cold-brew-ratio
food	cooking-measurement	https://www.omnicalculator.com/food/cooking-measurement
food	cups-to-pounds	https://www.omnicalculator.com/food/cups-to-pounds
food	donut	https://www.omnicalculator.com/food/donut
food	dry-to-cooked-pasta	https://www.omnicalculator.com/food/dry-to-cooked-pasta
food	egg-boiling	https://www.omnicalculator.com/food/egg-boiling
food	fresh-to-dry-herb-conversion	https://www.omnicalculator.com/food/fresh-to-dry-herb-conversion
food	garlic-converter	https://www.omnicalculator.com/food/garlic-converter
food	grams-to-cups	https://www.omnicalculator.com/food/grams-to-cups
food	grams-to-tbsp	https://www.omnicalculator.com/food/grams-to-tbsp
food	grams-to-tsp	https://www.omnicalculator.com/food/grams-to-tsp
food	ham-cooking	https://www.omnicalculator.com/food/ham-cooking
food	healthy-coffee	https://www.omnicalculator.com/food/healthy-coffee
food	how-much-ham-per-person	https://www.omnicalculator.com/food/how-much-ham-per-person
food	ice-cream	https://www.omnicalculator.com/food/ice-cream
food	mashed-potatoes	https://www.omnicalculator.com/food/mashed-potatoes
food	ml-to-grams	https://www.omnicalculator.com/food/ml-to-grams
food	molecular-so2	https://www.omnicalculator.com/food/molecular-so2
food	oil-to-butter	https://www.omnicalculator.com/food/oil-to-butter
food	pancake-recipe	https://www.omnicalculator.com/food/pancake-recipe
food	party-drink	https://www.omnicalculator.com/food/party-drink
food	perfect-pancake	https://www.omnicalculator.com/food/perfect-pancake
food	perfect-pizza	https://www.omnicalculator.com/food/perfect-pizza
food	pizza	https://www.omnicalculator.com/food/pizza
food	pizza-comparison	https://www.omnicalculator.com/food/pizza-comparison
food	pizza-party	https://www.omnicalculator.com/food/pizza-party
food	popcorn	https://www.omnicalculator.com/food/popcorn
food	pounds-to-cups	https://www.omnicalculator.com/food/pounds-to-cups
food	priming-sugar	https://www.omnicalculator.com/food/priming-sugar
food	quarantine-food	https://www.omnicalculator.com/food/quarantine-food
food	rice-water-ratio	https://www.omnicalculator.com/food/rice-water-ratio
food	salad-calories	https://www.omnicalculator.com/food/salad-calories
food	self-rising-flour	https://www.omnicalculator.com/food/self-rising-flour
food	sourdough	https://www.omnicalculator.com/food/sourdough
food	steak-cook-time	https://www.omnicalculator.com/food/steak-cook-time
food	sulfur	https://www.omnicalculator.com/food/sulfur
food	taco-bar	https://www.omnicalculator.com/food/taco-bar
food	tea-brewing	https://www.omnicalculator.com/food/tea-brewing
food	thanksgiving	https://www.omnicalculator.com/food/thanksgiving
food	thanksgiving-calories	https://www.omnicalculator.com/food/thanksgiving-calories
food	turkey-cooking-time	https://www.omnicalculator.com/food/turkey-cooking-time
food	turkey-defrost	https://www.omnicalculator.com/food/turkey-defrost
food	turkey-size	https://www.omnicalculator.com/food/turkey-size
food	turkey-thawing	https://www.omnicalculator.com/food/turkey-thawing
food	uncooked-to-cooked-rice	https://www.omnicalculator.com/food/uncooked-to-cooked-rice
food	water-cooling	https://www.omnicalculator.com/food/water-cooling
food	wedding-alcohol	https://www.omnicalculator.com/food/wedding-alcohol
food	yeast-converter	https://www.omnicalculator.com/food/yeast-converter
health	2020-vision	https://www.omnicalculator.com/health/2020-vision
health	4ts-score	https://www.omnicalculator.com/health/4ts-score
health	6-minute-walk-test	https://www.omnicalculator.com/health/6-minute-walk-test
health	90-minute-sleep-cycle	https://www.omnicalculator.com/health/90-minute-sleep-cycle
health	a-body-shape-index	https://www.omnicalculator.com/health/a-body-shape-index
health	aa-gradient	https://www.omnicalculator.com/health/aa-gradient
health	abi	https://www.omnicalculator.com/health/abi
health	acft	https://www.omnicalculator.com/health/acft
health	acid-base	https://www.omnicalculator.com/health/acid-base
health	acr	https://www.omnicalculator.com/health/acr
health	adderall-dosage	https://www.omnicalculator.com/health/adderall-dosage
health	addiction	https://www.omnicalculator.com/health/addiction
health	adjusted-age	https://www.omnicalculator.com/health/adjusted-age
health	adjusted-weight	https://www.omnicalculator.com/health/adjusted-weight
health	adrenal-washout	https://www.omnicalculator.com/health/adrenal-washout
health	aft	https://www.omnicalculator.com/health/aft
health	age-adjusted-d-dimer	https://www.omnicalculator.com/health/age-adjusted-d-dimer
health	ahi	https://www.omnicalculator.com/health/ahi
health	air-force-pt	https://www.omnicalculator.com/health/air-force-pt
health	albumin-globulin-ratio	https://www.omnicalculator.com/health/albumin-globulin-ratio
health	alcohol-units	https://www.omnicalculator.com/health/alcohol-units
health	aldrete-score	https://www.omnicalculator.com/health/aldrete-score
health	aleve-dosage	https://www.omnicalculator.com/health/aleve-dosage
health	alvarado	https://www.omnicalculator.com/health/alvarado
health	alzheimers-life-expectancy	https://www.omnicalculator.com/health/alzheimers-life-expectancy
health	amoxicillin-pediatric-dosage	https://www.omnicalculator.com/health/amoxicillin-pediatric-dosage
health	anc	https://www.omnicalculator.com/health/anc
health	anc-without-bands	https://www.omnicalculator.com/health/anc-without-bands
health	anion-gap	https://www.omnicalculator.com/health/anion-gap
health	aortic-valve-area	https://www.omnicalculator.com/health/aortic-valve-area
health	apache-ii	https://www.omnicalculator.com/health/apache-ii
health	apft	https://www.omnicalculator.com/health/apft
health	apgar-score	https://www.omnicalculator.com/health/apgar-score
health	apri	https://www.omnicalculator.com/health/apri
health	army-body-fat	https://www.omnicalculator.com/health/army-body-fat
health	arterial-age	https://www.omnicalculator.com/health/arterial-age
health	arterial-blood-ph	https://www.omnicalculator.com/health/arterial-blood-ph
health	ast-alt-ratio	https://www.omnicalculator.com/health/ast-alt-ratio
health	audit-c	https://www.omnicalculator.com/health/audit-c
health	audit-test	https://www.omnicalculator.com/health/audit-test
health	baby-eye-color	https://www.omnicalculator.com/health/baby-eye-color
health	baby-formula	https://www.omnicalculator.com/health/baby-formula
health	baby-percentile	https://www.omnicalculator.com/health/baby-percentile
health	babys-milk-intake	https://www.omnicalculator.com/health/babys-milk-intake
health	bac	https://www.omnicalculator.com/health/bac
health	back-to-normal-life	https://www.omnicalculator.com/health/back-to-normal-life
health	bai	https://www.omnicalculator.com/health/bai
health	barthel-index	https://www.omnicalculator.com/health/barthel-index
health	basdai	https://www.omnicalculator.com/health/basdai
health	bbt	https://www.omnicalculator.com/health/bbt
health	bed	https://www.omnicalculator.com/health/bed
health	bee	https://www.omnicalculator.com/health/bee
health	beighton-score	https://www.omnicalculator.com/health/beighton-score
health	benadryl	https://www.omnicalculator.com/health/benadryl
health	benzodiazepine-conversion	https://www.omnicalculator.com/health/benzodiazepine-conversion
health	berg-balance-test	https://www.omnicalculator.com/health/berg-balance-test
health	bicarbonate-deficit	https://www.omnicalculator.com/health/bicarbonate-deficit
health	bims	https://www.omnicalculator.com/health/bims
health	birth-control-cost	https://www.omnicalculator.com/health/birth-control-cost
health	birthweight-percentile	https://www.omnicalculator.com/health/birthweight-percentile
health	bishop-score	https://www.omnicalculator.com/health/bishop-score
health	bladder-volume	https://www.omnicalculator.com/health/bladder-volume
health	blood-donation-due-date	https://www.omnicalculator.com/health/blood-donation-due-date
health	blood-donor	https://www.omnicalculator.com/health/blood-donor
health	blood-loss	https://www.omnicalculator.com/health/blood-loss
health	blood-pregnancy-test	https://www.omnicalculator.com/health/blood-pregnancy-test
health	blood-pressure	https://www.omnicalculator.com/health/blood-pressure
health	blood-sugar	https://www.omnicalculator.com/health/blood-sugar
health	blood-type	https://www.omnicalculator.com/health/blood-type
health	blood-volume	https://www.omnicalculator.com/health/blood-volume
health	bmi	https://www.omnicalculator.com/health/bmi
health	bmi-in-pregnancy	https://www.omnicalculator.com/health/bmi-in-pregnancy
health	bmi-kids	https://www.omnicalculator.com/health/bmi-kids
health	bmi-men	https://www.omnicalculator.com/health/bmi-men
health	bmi-percentile-child	https://www.omnicalculator.com/health/bmi-percentile-child
health	bmi-teens	https://www.omnicalculator.com/health/bmi-teens
health	bmi-weight-loss	https://www.omnicalculator.com/health/bmi-weight-loss
health	bmi-women	https://www.omnicalculator.com/health/bmi-women
health	bmr	https://www.omnicalculator.com/health/bmr
health	bmr-harris-benedict-equation	https://www.omnicalculator.com/health/bmr-harris-benedict-equation
health	bmr-katch-mcardle	https://www.omnicalculator.com/health/bmr-katch-mcardle
health	bode-index	https://www.omnicalculator.com/health/bode-index
health	body-fat	https://www.omnicalculator.com/health/body-fat
health	body-frame-size	https://www.omnicalculator.com/health/body-frame-size
health	body-shape	https://www.omnicalculator.com/health/body-shape
health	body-water	https://www.omnicalculator.com/health/body-water
health	braden-score	https://www.omnicalculator.com/health/braden-score
health	breast-cancer-recurrence-risk	https://www.omnicalculator.com/health/breast-cancer-recurrence-risk
health	breast-cancer-risk	https://www.omnicalculator.com/health/breast-cancer-risk
health	breastfeeding-calorie	https://www.omnicalculator.com/health/breastfeeding-calorie
health	bri	https://www.omnicalculator.com/health/bri
health	bsa	https://www.omnicalculator.com/health/bsa
health	bun-creatinine-ratio	https://www.omnicalculator.com/health/bun-creatinine-ratio
health	caffeine	https://www.omnicalculator.com/health/caffeine
health	cage-questionnaire	https://www.omnicalculator.com/health/cage-questionnaire
health	calorie	https://www.omnicalculator.com/health/calorie
health	calorie-deficit	https://www.omnicalculator.com/health/calorie-deficit
health	car-heat	https://www.omnicalculator.com/health/car-heat
health	carb	https://www.omnicalculator.com/health/carb
health	carboplatin	https://www.omnicalculator.com/health/carboplatin
health	cardiac-index	https://www.omnicalculator.com/health/cardiac-index
health	cardiac-output	https://www.omnicalculator.com/health/cardiac-output
health	cci	https://www.omnicalculator.com/health/cci
health	cdai	https://www.omnicalculator.com/health/cdai
health	cefdinir-dosage	https://www.omnicalculator.com/health/cefdinir-dosage
health	centor	https://www.omnicalculator.com/health/centor
health	cerebral-perfusion-pressure	https://www.omnicalculator.com/health/cerebral-perfusion-pressure
health	cha2ds2-vasc	https://www.omnicalculator.com/health/cha2ds2-vasc
health	child-height-percentile	https://www.omnicalculator.com/health/child-height-percentile
health	child-pugh	https://www.omnicalculator.com/health/child-pugh
health	child-weight-percentile	https://www.omnicalculator.com/health/child-weight-percentile
health	cholesterol-ratio	https://www.omnicalculator.com/health/cholesterol-ratio
health	cholesterol-units	https://www.omnicalculator.com/health/cholesterol-units
health	cigarette	https://www.omnicalculator.com/health/cigarette
health	circadian-rhythm	https://www.omnicalculator.com/health/circadian-rhythm
health	ciwa	https://www.omnicalculator.com/health/ciwa
health	clomid-ovulation	https://www.omnicalculator.com/health/clomid-ovulation
health	conception-date	https://www.omnicalculator.com/health/conception-date
health	corrected-calcium	https://www.omnicalculator.com/health/corrected-calcium
health	corrected-mg	https://www.omnicalculator.com/health/corrected-mg
health	covid-event-risk	https://www.omnicalculator.com/health/covid-event-risk
health	covid-mortality-risk	https://www.omnicalculator.com/health/covid-mortality-risk
health	crc	https://www.omnicalculator.com/health/crc
health	crcl	https://www.omnicalculator.com/health/crcl
health	crown-rump-length	https://www.omnicalculator.com/health/crown-rump-length
health	curb	https://www.omnicalculator.com/health/curb
health	cvd-risk	https://www.omnicalculator.com/health/cvd-risk
health	dapt	https://www.omnicalculator.com/health/dapt
health	dasi	https://www.omnicalculator.com/health/dasi
health	dead-space	https://www.omnicalculator.com/health/dead-space
health	denver-hiv-risk	https://www.omnicalculator.com/health/denver-hiv-risk
health	depression-phq	https://www.omnicalculator.com/health/depression-phq
health	diabetic-ketoacidosis	https://www.omnicalculator.com/health/diabetic-ketoacidosis
health	dic-syndrome	https://www.omnicalculator.com/health/dic-syndrome
health	diet-risk-score	https://www.omnicalculator.com/health/diet-risk-score
health	diffuse-large-b-cell-lymphoma-prognosis	https://www.omnicalculator.com/health/diffuse-large-b-cell-lymphoma-prognosis
health	discriminant-function	https://www.omnicalculator.com/health/discriminant-function
health	dog-walking-benefits	https://www.omnicalculator.com/health/dog-walking-benefits
health	doppler-echo-cardiac-output	https://www.omnicalculator.com/health/doppler-echo-cardiac-output
health	dosage	https://www.omnicalculator.com/health/dosage
health	draw-length	https://www.omnicalculator.com/health/draw-length
health	dri	https://www.omnicalculator.com/health/dri
health	drip-rate	https://www.omnicalculator.com/health/drip-rate
health	drops-per-minute	https://www.omnicalculator.com/health/drops-per-minute
health	drug-half-life	https://www.omnicalculator.com/health/drug-half-life
health	dudit	https://www.omnicalculator.com/health/dudit
health	duke-score	https://www.omnicalculator.com/health/duke-score
health	easi-score	https://www.omnicalculator.com/health/easi-score
health	ecg-boxes-seconds	https://www.omnicalculator.com/health/ecg-boxes-seconds
health	ecg-heart-rate	https://www.omnicalculator.com/health/ecg-heart-rate
health	edd	https://www.omnicalculator.com/health/edd
health	eer-estimated-energy-requirement	https://www.omnicalculator.com/health/eer-estimated-energy-requirement
health	egg-freezing	https://www.omnicalculator.com/health/egg-freezing
health	ejection-fraction	https://www.omnicalculator.com/health/ejection-fraction
health	eortc-bladder-cancer	https://www.omnicalculator.com/health/eortc-bladder-cancer
health	eosinophil-count	https://www.omnicalculator.com/health/eosinophil-count
health	epds	https://www.omnicalculator.com/health/epds
health	epworth-sleepiness-scale	https://www.omnicalculator.com/health/epworth-sleepiness-scale
health	eroa	https://www.omnicalculator.com/health/eroa
health	estimate-height-in-bedridden-patients	https://www.omnicalculator.com/health/estimate-height-in-bedridden-patients
health	estimated-average-glucose	https://www.omnicalculator.com/health/estimated-average-glucose
health	etg	https://www.omnicalculator.com/health/etg
health	ett-size	https://www.omnicalculator.com/health/ett-size
health	excessive-weight-gain-pregnancy	https://www.omnicalculator.com/health/excessive-weight-gain-pregnancy
health	exclusive-pumping	https://www.omnicalculator.com/health/exclusive-pumping
health	face-shape	https://www.omnicalculator.com/health/face-shape
health	fagerstrom-test-for-nicotine-dependence	https://www.omnicalculator.com/health/fagerstrom-test-for-nicotine-dependence
health	false-negative-pregnancy-test	https://www.omnicalculator.com/health/false-negative-pregnancy-test
health	fat	https://www.omnicalculator.com/health/fat
health	fatigue-severity-scale	https://www.omnicalculator.com/health/fatigue-severity-scale
health	fena	https://www.omnicalculator.com/health/fena
health	fertility-by-age	https://www.omnicalculator.com/health/fertility-by-age
health	fetal-weight-percentile	https://www.omnicalculator.com/health/fetal-weight-percentile
health	feurea	https://www.omnicalculator.com/health/feurea
health	fev1-fvc-ratio	https://www.omnicalculator.com/health/fev1-fvc-ratio
health	ffmi	https://www.omnicalculator.com/health/ffmi
health	fib-4	https://www.omnicalculator.com/health/fib-4
health	fiber	https://www.omnicalculator.com/health/fiber
health	finnegan-nas	https://www.omnicalculator.com/health/finnegan-nas
health	fish-oil	https://www.omnicalculator.com/health/fish-oil
health	flange-size	https://www.omnicalculator.com/health/flange-size
health	frailty-index	https://www.omnicalculator.com/health/frailty-index
health	framingham-risk	https://www.omnicalculator.com/health/framingham-risk
health	free-testosterone	https://www.omnicalculator.com/health/free-testosterone
health	fresh-frozen-plasma-dose	https://www.omnicalculator.com/health/fresh-frozen-plasma-dose
health	fundal-height	https://www.omnicalculator.com/health/fundal-height
health	gabapentin-dosage	https://www.omnicalculator.com/health/gabapentin-dosage
health	gad-7	https://www.omnicalculator.com/health/gad-7
health	gastric-sleeve-weight-loss	https://www.omnicalculator.com/health/gastric-sleeve-weight-loss
health	gcs	https://www.omnicalculator.com/health/gcs
health	geriatric-bmi	https://www.omnicalculator.com/health/geriatric-bmi
health	gestational-age	https://www.omnicalculator.com/health/gestational-age
health	gi	https://www.omnicalculator.com/health/gi
health	gir	https://www.omnicalculator.com/health/gir
health	glomerular-filtration-rate	https://www.omnicalculator.com/health/glomerular-filtration-rate
health	glycemic-load	https://www.omnicalculator.com/health/glycemic-load
health	gorlin-formula	https://www.omnicalculator.com/health/gorlin-formula
health	gout-diagnosis	https://www.omnicalculator.com/health/gout-diagnosis
health	grace	https://www.omnicalculator.com/health/grace
health	gut-microbiome-score	https://www.omnicalculator.com/health/gut-microbiome-score
health	hand-sanitizer	https://www.omnicalculator.com/health/hand-sanitizer
health	happiness	https://www.omnicalculator.com/health/happiness
health	has-bled	https://www.omnicalculator.com/health/has-bled
health	hcg-levels	https://www.omnicalculator.com/health/hcg-levels
health	hct-hgb	https://www.omnicalculator.com/health/hct-hgb
health	head-percentile	https://www.omnicalculator.com/health/head-percentile
health	heart-failure-life-expectancy	https://www.omnicalculator.com/health/heart-failure-life-expectancy
health	heart-score	https://www.omnicalculator.com/health/heart-score
health	height	https://www.omnicalculator.com/health/height
health	hemoglobin-a1c	https://www.omnicalculator.com/health/hemoglobin-a1c
health	homa-ir	https://www.omnicalculator.com/health/homa-ir
health	how-to-maintain-weight-in-pregnancy	https://www.omnicalculator.com/health/how-to-maintain-weight-in-pregnancy
health	hsi	https://www.omnicalculator.com/health/hsi
health	hydroxychloroquine-dose	https://www.omnicalculator.com/health/hydroxychloroquine-dose
health	ibuprofen-dosage	https://www.omnicalculator.com/health/ibuprofen-dosage
health	ich	https://www.omnicalculator.com/health/ich
health	ich-volume	https://www.omnicalculator.com/health/ich-volume
health	ideal-weight	https://www.omnicalculator.com/health/ideal-weight
health	iifym	https://www.omnicalculator.com/health/iifym
health	implantation	https://www.omnicalculator.com/health/implantation
health	incidence-rate	https://www.omnicalculator.com/health/incidence-rate
health	infant-tylenol-dosage	https://www.omnicalculator.com/health/infant-tylenol-dosage
health	inr	https://www.omnicalculator.com/health/inr
health	insulin-dosage	https://www.omnicalculator.com/health/insulin-dosage
health	iq-percentile	https://www.omnicalculator.com/health/iq-percentile
health	ireland-vaccine-queue	https://www.omnicalculator.com/health/ireland-vaccine-queue
health	iron-deficiency	https://www.omnicalculator.com/health/iron-deficiency
health	isotretinoin	https://www.omnicalculator.com/health/isotretinoin
health	iss	https://www.omnicalculator.com/health/iss
health	iv-flow-rate	https://www.omnicalculator.com/health/iv-flow-rate
health	ivf-due-date	https://www.omnicalculator.com/health/ivf-due-date
health	ivig-dose	https://www.omnicalculator.com/health/ivig-dose
health	karvonen-formula	https://www.omnicalculator.com/health/karvonen-formula
health	keto	https://www.omnicalculator.com/health/keto
health	kidney-failure-risk	https://www.omnicalculator.com/health/kidney-failure-risk
health	kidney-stone	https://www.omnicalculator.com/health/kidney-stone
health	kt-v	https://www.omnicalculator.com/health/kt-v
health	ldl	https://www.omnicalculator.com/health/ldl
health	lean-body-mass	https://www.omnicalculator.com/health/lean-body-mass
health	levothyroxine-dosage	https://www.omnicalculator.com/health/levothyroxine-dosage
health	lidocaine-dose	https://www.omnicalculator.com/health/lidocaine-dose
health	lights-criteria	https://www.omnicalculator.com/health/lights-criteria
health	lille-score	https://www.omnicalculator.com/health/lille-score
health	local-anesthetic	https://www.omnicalculator.com/health/local-anesthetic
health	lrinec-score	https://www.omnicalculator.com/health/lrinec-score
health	lung-cancer-risk-calculator-for-smokers	https://www.omnicalculator.com/health/lung-cancer-risk-calculator-for-smokers
health	lung-capacity	https://www.omnicalculator.com/health/lung-capacity
health	lung-nodule-growth-rate	https://www.omnicalculator.com/health/lung-nodule-growth-rate
health	luteal-phase	https://www.omnicalculator.com/health/luteal-phase
health	lv-mass-index	https://www.omnicalculator.com/health/lv-mass-index
health	lymphocyte-count	https://www.omnicalculator.com/health/lymphocyte-count
health	macro	https://www.omnicalculator.com/health/macro
health	maintenance-calorie	https://www.omnicalculator.com/health/maintenance-calorie
health	maintenance-fluids-children	https://www.omnicalculator.com/health/maintenance-fluids-children
health	mask-vs-no-mask	https://www.omnicalculator.com/health/mask-vs-no-mask
health	mca	https://www.omnicalculator.com/health/mca
health	mcg-to-iu-converter	https://www.omnicalculator.com/health/mcg-to-iu-converter
health	meal-calorie	https://www.omnicalculator.com/health/meal-calorie
health	mean-airway-pressure	https://www.omnicalculator.com/health/mean-airway-pressure
health	mean-arterial-pressure	https://www.omnicalculator.com/health/mean-arterial-pressure
health	mean-sac-diameter	https://www.omnicalculator.com/health/mean-sac-diameter
health	medical-radiation	https://www.omnicalculator.com/health/medical-radiation
health	medicine-3-times-a-day	https://www.omnicalculator.com/health/medicine-3-times-a-day
health	melatonin-dosage	https://www.omnicalculator.com/health/melatonin-dosage
health	meld	https://www.omnicalculator.com/health/meld
health	mentzer-index	https://www.omnicalculator.com/health/mentzer-index
health	metabolic-syndrome	https://www.omnicalculator.com/health/metabolic-syndrome
health	metastatic-prostate-cancer-prognosis	https://www.omnicalculator.com/health/metastatic-prostate-cancer-prognosis
health	mews-score	https://www.omnicalculator.com/health/mews-score
health	mica	https://www.omnicalculator.com/health/mica
health	micronutrient	https://www.omnicalculator.com/health/micronutrient
health	mipi	https://www.omnicalculator.com/health/mipi
health	mitral-valve-area	https://www.omnicalculator.com/health/mitral-valve-area
health	mme	https://www.omnicalculator.com/health/mme
health	mmol-l-to-mg-dl	https://www.omnicalculator.com/health/mmol-l-to-mg-dl
health	morse-fall-scale	https://www.omnicalculator.com/health/morse-fall-scale
health	mortality-rate	https://www.omnicalculator.com/health/mortality-rate
health	nafld-fibrosis-score	https://www.omnicalculator.com/health/nafld-fibrosis-score
health	navy-body-fat	https://www.omnicalculator.com/health/navy-body-fat
health	navy-prt	https://www.omnicalculator.com/health/navy-prt
health	nedocs	https://www.omnicalculator.com/health/nedocs
health	net-carbs	https://www.omnicalculator.com/health/net-carbs
health	newborn-hyperbilirubinemia-assessment	https://www.omnicalculator.com/health/newborn-hyperbilirubinemia-assessment
health	nih-stroke	https://www.omnicalculator.com/health/nih-stroke
health	nlr	https://www.omnicalculator.com/health/nlr
health	nnt	https://www.omnicalculator.com/health/nnt
health	noise-pollution	https://www.omnicalculator.com/health/noise-pollution
health	nuchal-translucency	https://www.omnicalculator.com/health/nuchal-translucency
health	opioid	https://www.omnicalculator.com/health/opioid
health	osteoporosis-risk-score	https://www.omnicalculator.com/health/osteoporosis-risk-score
health	overweight	https://www.omnicalculator.com/health/overweight
health	ovulation	https://www.omnicalculator.com/health/ovulation
health	oxygenation-index	https://www.omnicalculator.com/health/oxygenation-index
health	pack-years	https://www.omnicalculator.com/health/pack-years
health	padua-score	https://www.omnicalculator.com/health/padua-score
health	pao2-fio2-ratio	https://www.omnicalculator.com/health/pao2-fio2-ratio
health	paracetamol-dosage	https://www.omnicalculator.com/health/paracetamol-dosage
health	parkland-formula	https://www.omnicalculator.com/health/parkland-formula
health	peak-flow	https://www.omnicalculator.com/health/peak-flow
health	pearl-index	https://www.omnicalculator.com/health/pearl-index
health	pecarn	https://www.omnicalculator.com/health/pecarn
health	pediatric-blood-pressure	https://www.omnicalculator.com/health/pediatric-blood-pressure
health	pediatric-blood-volume	https://www.omnicalculator.com/health/pediatric-blood-volume
health	pediatric-dose	https://www.omnicalculator.com/health/pediatric-dose
health	pediatric-epinephrine-dose	https://www.omnicalculator.com/health/pediatric-epinephrine-dose
health	pediatric-epworth-sleepiness-scale	https://www.omnicalculator.com/health/pediatric-epworth-sleepiness-scale
health	pediatric-glomerular-filtration-rate	https://www.omnicalculator.com/health/pediatric-glomerular-filtration-rate
health	pediatric-transfusion	https://www.omnicalculator.com/health/pediatric-transfusion
health	peptide-dosage	https://www.omnicalculator.com/health/peptide-dosage
health	perc	https://www.omnicalculator.com/health/perc
health	period	https://www.omnicalculator.com/health/period
health	pg-e2-ratio	https://www.omnicalculator.com/health/pg-e2-ratio
health	pisa	https://www.omnicalculator.com/health/pisa
health	plasma-osmolality	https://www.omnicalculator.com/health/plasma-osmolality
health	plasma-volume	https://www.omnicalculator.com/health/plasma-volume
health	pokemon-go	https://www.omnicalculator.com/health/pokemon-go
health	ponderal-index	https://www.omnicalculator.com/health/ponderal-index
health	positive-pregnancy-test	https://www.omnicalculator.com/health/positive-pregnancy-test
health	pregnancy-due-date	https://www.omnicalculator.com/health/pregnancy-due-date
health	pregnancy-test	https://www.omnicalculator.com/health/pregnancy-test
health	pregnancy-test-at-3-weeks	https://www.omnicalculator.com/health/pregnancy-test-at-3-weeks
health	pregnancy-weight-gain	https://www.omnicalculator.com/health/pregnancy-weight-gain
health	prescription-refill	https://www.omnicalculator.com/health/prescription-refill
health	protein	https://www.omnicalculator.com/health/protein
health	protein-cr-ratio	https://www.omnicalculator.com/health/protein-cr-ratio
health	psa-density	https://www.omnicalculator.com/health/psa-density
health	psa-doubling-time	https://www.omnicalculator.com/health/psa-doubling-time
health	psi	https://www.omnicalculator.com/health/psi
health	pvr	https://www.omnicalculator.com/health/pvr
health	q-sofa	https://www.omnicalculator.com/health/q-sofa
health	qp-qs-ratio	https://www.omnicalculator.com/health/qp-qs-ratio
health	qtc	https://www.omnicalculator.com/health/qtc
health	quarantine-activity	https://www.omnicalculator.com/health/quarantine-activity
health	quicki	https://www.omnicalculator.com/health/quicki
health	radiation-dose	https://www.omnicalculator.com/health/radiation-dose
health	rate-pressure-product	https://www.omnicalculator.com/health/rate-pressure-product
health	rbc-indices	https://www.omnicalculator.com/health/rbc-indices
health	rcri	https://www.omnicalculator.com/health/rcri
health	relative-fat-mass	https://www.omnicalculator.com/health/relative-fat-mass
health	rem-sleep	https://www.omnicalculator.com/health/rem-sleep
health	reticulocyte-count	https://www.omnicalculator.com/health/reticulocyte-count
health	reverse-due-date	https://www.omnicalculator.com/health/reverse-due-date
health	revised-geneva-score	https://www.omnicalculator.com/health/revised-geneva-score
health	revised-trauma-score	https://www.omnicalculator.com/health/revised-trauma-score
health	risk-dm	https://www.omnicalculator.com/health/risk-dm
health	rmr	https://www.omnicalculator.com/health/rmr
health	rsbi	https://www.omnicalculator.com/health/rsbi
health	saag	https://www.omnicalculator.com/health/saag
health	saps-ii	https://www.omnicalculator.com/health/saps-ii
health	scorad	https://www.omnicalculator.com/health/scorad
health	sepsis	https://www.omnicalculator.com/health/sepsis
health	serum-osmolality	https://www.omnicalculator.com/health/serum-osmolality
health	shock-index	https://www.omnicalculator.com/health/shock-index
health	simple-calorie-intake	https://www.omnicalculator.com/health/simple-calorie-intake
health	skinfold-body-fat	https://www.omnicalculator.com/health/skinfold-body-fat
health	sleep	https://www.omnicalculator.com/health/sleep
health	sleep-cycle	https://www.omnicalculator.com/health/sleep-cycle
health	sleep-debt	https://www.omnicalculator.com/health/sleep-debt
health	sleep-time	https://www.omnicalculator.com/health/sleep-time
health	smoking-recovery	https://www.omnicalculator.com/health/smoking-recovery
health	snap-score	https://www.omnicalculator.com/health/snap-score
health	sobriety	https://www.omnicalculator.com/health/sobriety
health	social-distancing	https://www.omnicalculator.com/health/social-distancing
health	sodium-change	https://www.omnicalculator.com/health/sodium-change
health	sodium-correction	https://www.omnicalculator.com/health/sodium-correction
health	sodium-correction-rate	https://www.omnicalculator.com/health/sodium-correction-rate
health	sodium-deficit	https://www.omnicalculator.com/health/sodium-deficit
health	sodium-in-salt	https://www.omnicalculator.com/health/sodium-in-salt
health	sofa-score	https://www.omnicalculator.com/health/sofa-score
health	sperm-analysis	https://www.omnicalculator.com/health/sperm-analysis
health	standard-drink	https://www.omnicalculator.com/health/standard-drink
health	steroid	https://www.omnicalculator.com/health/steroid
health	stillbirth-risk	https://www.omnicalculator.com/health/stillbirth-risk
health	stop-bang	https://www.omnicalculator.com/health/stop-bang
health	stroke-volume	https://www.omnicalculator.com/health/stroke-volume
health	sugar-intake	https://www.omnicalculator.com/health/sugar-intake
health	swiss-cheese-coronavirus	https://www.omnicalculator.com/health/swiss-cheese-coronavirus
health	t-e2-ratio	https://www.omnicalculator.com/health/t-e2-ratio
health	tdee	https://www.omnicalculator.com/health/tdee
health	tidal-volume	https://www.omnicalculator.com/health/tidal-volume
health	time-of-death	https://www.omnicalculator.com/health/time-of-death
health	timi-stemi	https://www.omnicalculator.com/health/timi-stemi
health	timi-ua-nstemi	https://www.omnicalculator.com/health/timi-ua-nstemi
health	tinetti	https://www.omnicalculator.com/health/tinetti
health	tirads	https://www.omnicalculator.com/health/tirads
health	tpa	https://www.omnicalculator.com/health/tpa
health	tramadol-dosage	https://www.omnicalculator.com/health/tramadol-dosage
health	transferrin	https://www.omnicalculator.com/health/transferrin
health	ttkg	https://www.omnicalculator.com/health/ttkg
health	twin-pregnancy-weight-gain	https://www.omnicalculator.com/health/twin-pregnancy-weight-gain
health	twinning	https://www.omnicalculator.com/health/twinning
health	tylenol-dosage	https://www.omnicalculator.com/health/tylenol-dosage
health	tylenol-overdose	https://www.omnicalculator.com/health/tylenol-overdose
health	urine-anion-gap	https://www.omnicalculator.com/health/urine-anion-gap
health	urine-output	https://www.omnicalculator.com/health/urine-output
health	urine-pregnancy-test	https://www.omnicalculator.com/health/urine-pregnancy-test
health	urr	https://www.omnicalculator.com/health/urr
health	us-vaccine-strategy	https://www.omnicalculator.com/health/us-vaccine-strategy
health	vaccine-efficacy	https://www.omnicalculator.com/health/vaccine-efficacy
health	vaccine-immunity	https://www.omnicalculator.com/health/vaccine-immunity
health	vaccine-production	https://www.omnicalculator.com/health/vaccine-production
health	vaccine-queue-australia	https://www.omnicalculator.com/health/vaccine-queue-australia
health	vaccine-queue-ca	https://www.omnicalculator.com/health/vaccine-queue-ca
health	vaccine-queue-england	https://www.omnicalculator.com/health/vaccine-queue-england
health	vaccine-queue-india	https://www.omnicalculator.com/health/vaccine-queue-india
health	vaccine-queue-malaysia	https://www.omnicalculator.com/health/vaccine-queue-malaysia
health	vaccine-queue-netherlands	https://www.omnicalculator.com/health/vaccine-queue-netherlands
health	vaccine-queue-northern-ireland	https://www.omnicalculator.com/health/vaccine-queue-northern-ireland
health	vaccine-queue-philippines	https://www.omnicalculator.com/health/vaccine-queue-philippines
health	vaccine-queue-sa	https://www.omnicalculator.com/health/vaccine-queue-sa
health	vaccine-queue-scotland	https://www.omnicalculator.com/health/vaccine-queue-scotland
health	vaccine-queue-uk	https://www.omnicalculator.com/health/vaccine-queue-uk
health	vaccine-queue-wales	https://www.omnicalculator.com/health/vaccine-queue-wales
health	vbac-risk-score	https://www.omnicalculator.com/health/vbac-risk-score
health	venous-blood-ph	https://www.omnicalculator.com/health/venous-blood-ph
health	viral-infection-sir	https://www.omnicalculator.com/health/viral-infection-sir
health	vital-capacity	https://www.omnicalculator.com/health/vital-capacity
health	vitamin	https://www.omnicalculator.com/health/vitamin
health	vitamin-a	https://www.omnicalculator.com/health/vitamin-a
health	vitamin-d	https://www.omnicalculator.com/health/vitamin-d
health	vldl	https://www.omnicalculator.com/health/vldl
health	vte-risk-pregnancy	https://www.omnicalculator.com/health/vte-risk-pregnancy
health	waist-height-ratio	https://www.omnicalculator.com/health/waist-height-ratio
health	waist-hip-ratio	https://www.omnicalculator.com/health/waist-hip-ratio
health	wake-up	https://www.omnicalculator.com/health/wake-up
health	warfarin-dosing	https://www.omnicalculator.com/health/warfarin-dosing
health	warsaw-method	https://www.omnicalculator.com/health/warsaw-method
health	water-deficit	https://www.omnicalculator.com/health/water-deficit
health	water-intake	https://www.omnicalculator.com/health/water-intake
health	weight-gain	https://www.omnicalculator.com/health/weight-gain
health	weight-loss-percentage	https://www.omnicalculator.com/health/weight-loss-percentage
health	weight-watchers-points	https://www.omnicalculator.com/health/weight-watchers-points
health	weight-week-by-week	https://www.omnicalculator.com/health/weight-week-by-week
health	wells-pe	https://www.omnicalculator.com/health/wells-pe
health	winters-formula	https://www.omnicalculator.com/health/winters-formula
math	2d-distance	https://www.omnicalculator.com/math/2d-distance
math	3-sides-triangle-area	https://www.omnicalculator.com/math/3-sides-triangle-area
math	3d-distance	https://www.omnicalculator.com/math/3d-distance
math	a-bi-form	https://www.omnicalculator.com/math/a-bi-form
math	aaa-triangle	https://www.omnicalculator.com/math/aaa-triangle
math	aas-triangle	https://www.omnicalculator.com/math/aas-triangle
math	abc-triangle	https://www.omnicalculator.com/math/abc-triangle
math	absolute-change	https://www.omnicalculator.com/math/absolute-change
math	absolute-value	https://www.omnicalculator.com/math/absolute-value
math	absolute-value-equation	https://www.omnicalculator.com/math/absolute-value-equation
math	absolute-value-inequalities	https://www.omnicalculator.com/math/absolute-value-inequalities
math	acute-triangle	https://www.omnicalculator.com/math/acute-triangle
math	add-subtract-polynomials	https://www.omnicalculator.com/math/add-subtract-polynomials
math	adding-and-subtracting-fractions	https://www.omnicalculator.com/math/adding-and-subtracting-fractions
math	adding-fractions	https://www.omnicalculator.com/math/adding-fractions
math	addition	https://www.omnicalculator.com/math/addition
math	adjoint-matrix	https://www.omnicalculator.com/math/adjoint-matrix
math	and	https://www.omnicalculator.com/math/and
math	angle-between-two-vectors	https://www.omnicalculator.com/math/angle-between-two-vectors
math	angle-of-right-triangle	https://www.omnicalculator.com/math/angle-of-right-triangle
math	antilog	https://www.omnicalculator.com/math/antilog
math	arc-length	https://www.omnicalculator.com/math/arc-length
math	arccos	https://www.omnicalculator.com/math/arccos
math	arcsin	https://www.omnicalculator.com/math/arcsin
math	arctan	https://www.omnicalculator.com/math/arctan
math	arcus-tangent	https://www.omnicalculator.com/math/arcus-tangent
math	area	https://www.omnicalculator.com/math/area
math	area-oblique-triangle	https://www.omnicalculator.com/math/area-oblique-triangle
math	area-obtuse-triangle	https://www.omnicalculator.com/math/area-obtuse-triangle
math	area-of-a-circle	https://www.omnicalculator.com/math/area-of-a-circle
math	area-of-a-trapezoid	https://www.omnicalculator.com/math/area-of-a-trapezoid
math	area-of-hemisphere	https://www.omnicalculator.com/math/area-of-hemisphere
math	area-of-sphere	https://www.omnicalculator.com/math/area-of-sphere
math	area-quadrilateral	https://www.omnicalculator.com/math/area-quadrilateral
math	area-triangle-coordinates	https://www.omnicalculator.com/math/area-triangle-coordinates
math	area-triangle-sas	https://www.omnicalculator.com/math/area-triangle-sas
math	arithmetic-sequence	https://www.omnicalculator.com/math/arithmetic-sequence
math	asa-triangle	https://www.omnicalculator.com/math/asa-triangle
math	associative-property	https://www.omnicalculator.com/math/associative-property
math	average	https://www.omnicalculator.com/math/average
math	average-percentage	https://www.omnicalculator.com/math/average-percentage
math	average-rate-of-change	https://www.omnicalculator.com/math/average-rate-of-change
math	babylonian-numbers	https://www.omnicalculator.com/math/babylonian-numbers
math	base-of-a-triangle	https://www.omnicalculator.com/math/base-of-a-triangle
math	bessel-function	https://www.omnicalculator.com/math/bessel-function
math	bilinear-interpolation	https://www.omnicalculator.com/math/bilinear-interpolation
math	binary-addition	https://www.omnicalculator.com/math/binary-addition
math	binary-division	https://www.omnicalculator.com/math/binary-division
math	binary-fraction	https://www.omnicalculator.com/math/binary-fraction
math	binary-multiplication	https://www.omnicalculator.com/math/binary-multiplication
math	binary-operations	https://www.omnicalculator.com/math/binary-operations
math	binary-subtraction	https://www.omnicalculator.com/math/binary-subtraction
math	binomial-coefficient	https://www.omnicalculator.com/math/binomial-coefficient
math	bit-shift	https://www.omnicalculator.com/math/bit-shift
math	bitwise	https://www.omnicalculator.com/math/bitwise
math	box-method	https://www.omnicalculator.com/math/box-method
math	cartesian-to-polar	https://www.omnicalculator.com/math/cartesian-to-polar
math	catenary-curve	https://www.omnicalculator.com/math/catenary-curve
math	ceiling-function	https://www.omnicalculator.com/math/ceiling-function
math	center-of-ellipse	https://www.omnicalculator.com/math/center-of-ellipse
math	center-of-mass	https://www.omnicalculator.com/math/center-of-mass
math	central-angle	https://www.omnicalculator.com/math/central-angle
math	centroid	https://www.omnicalculator.com/math/centroid
math	centroid-of-a-triangle	https://www.omnicalculator.com/math/centroid-of-a-triangle
math	change-of-base	https://www.omnicalculator.com/math/change-of-base
math	characteristic-polynomial	https://www.omnicalculator.com/math/characteristic-polynomial
math	check-similarity-in-right-triangles	https://www.omnicalculator.com/math/check-similarity-in-right-triangles
math	chinese-remainder	https://www.omnicalculator.com/math/chinese-remainder
math	cholesky-decomposition	https://www.omnicalculator.com/math/cholesky-decomposition
math	chord-length	https://www.omnicalculator.com/math/chord-length
math	circle	https://www.omnicalculator.com/math/circle
math	circle-center	https://www.omnicalculator.com/math/circle-center
math	circle-diameter	https://www.omnicalculator.com/math/circle-diameter
math	circle-equation	https://www.omnicalculator.com/math/circle-equation
math	circle-formula	https://www.omnicalculator.com/math/circle-formula
math	circle-length	https://www.omnicalculator.com/math/circle-length
math	circle-measurements	https://www.omnicalculator.com/math/circle-measurements
math	circle-perimeter	https://www.omnicalculator.com/math/circle-perimeter
math	circle-theorems	https://www.omnicalculator.com/math/circle-theorems
math	circumcenter-of-a-triangle	https://www.omnicalculator.com/math/circumcenter-of-a-triangle
math	circumference	https://www.omnicalculator.com/math/circumference
math	circumference-area-circle	https://www.omnicalculator.com/math/circumference-area-circle
math	circumference-to-diameter	https://www.omnicalculator.com/math/circumference-to-diameter
math	circumference-to-radius	https://www.omnicalculator.com/math/circumference-to-radius
math	circumscribed-circle	https://www.omnicalculator.com/math/circumscribed-circle
math	classifying-triangles	https://www.omnicalculator.com/math/classifying-triangles
math	clock-angle	https://www.omnicalculator.com/math/clock-angle
math	cofactor-expansion-old	https://www.omnicalculator.com/math/cofactor-expansion-old
math	cofactor-matrix	https://www.omnicalculator.com/math/cofactor-matrix
math	cofunction	https://www.omnicalculator.com/math/cofunction
math	coin-rotation-paradox	https://www.omnicalculator.com/math/coin-rotation-paradox
math	collatz-conjecture	https://www.omnicalculator.com/math/collatz-conjecture
math	column-space	https://www.omnicalculator.com/math/column-space
math	common-denominator	https://www.omnicalculator.com/math/common-denominator
math	common-factor	https://www.omnicalculator.com/math/common-factor
math	common-multiple	https://www.omnicalculator.com/math/common-multiple
math	comparing-fractions	https://www.omnicalculator.com/math/comparing-fractions
math	compatible-numbers	https://www.omnicalculator.com/math/compatible-numbers
math	complementary-angles	https://www.omnicalculator.com/math/complementary-angles
math	completing-the-square	https://www.omnicalculator.com/math/completing-the-square
math	completing-the-square-practice	https://www.omnicalculator.com/math/completing-the-square-practice
math	completing-the-square-works	https://www.omnicalculator.com/math/completing-the-square-works
math	complex-number	https://www.omnicalculator.com/math/complex-number
math	complex-number-to-polar-form	https://www.omnicalculator.com/math/complex-number-to-polar-form
math	complex-number-to-rectangular-form	https://www.omnicalculator.com/math/complex-number-to-rectangular-form
math	complex-number-to-trigonometric-form	https://www.omnicalculator.com/math/complex-number-to-trigonometric-form
math	complex-root	https://www.omnicalculator.com/math/complex-root
math	condense-logarithms	https://www.omnicalculator.com/math/condense-logarithms
math	condition-number	https://www.omnicalculator.com/math/condition-number
math	cone-surface-area	https://www.omnicalculator.com/math/cone-surface-area
math	cone-volume	https://www.omnicalculator.com/math/cone-volume
math	conic-sections	https://www.omnicalculator.com/math/conic-sections
math	conjugate	https://www.omnicalculator.com/math/conjugate
math	consecutive-integers	https://www.omnicalculator.com/math/consecutive-integers
math	convert-fraction-to-percentage	https://www.omnicalculator.com/math/convert-fraction-to-percentage
math	convolution	https://www.omnicalculator.com/math/convolution
math	coordinate-distance	https://www.omnicalculator.com/math/coordinate-distance
math	coordinate-grid	https://www.omnicalculator.com/math/coordinate-grid
math	corner-point	https://www.omnicalculator.com/math/corner-point
math	cos	https://www.omnicalculator.com/math/cos
math	cos-1	https://www.omnicalculator.com/math/cos-1
math	cos-2-theta	https://www.omnicalculator.com/math/cos-2-theta
math	cos-inverse	https://www.omnicalculator.com/math/cos-inverse
math	cosh	https://www.omnicalculator.com/math/cosh
math	cosine-similarity	https://www.omnicalculator.com/math/cosine-similarity
math	cosine-triangle	https://www.omnicalculator.com/math/cosine-triangle
math	cot	https://www.omnicalculator.com/math/cot
math	coterminal-angle	https://www.omnicalculator.com/math/coterminal-angle
math	cramers-rule	https://www.omnicalculator.com/math/cramers-rule
math	crescent-area	https://www.omnicalculator.com/math/crescent-area
math	cross-multiplication	https://www.omnicalculator.com/math/cross-multiplication
math	cross-product	https://www.omnicalculator.com/math/cross-product
math	cross-sectional-area	https://www.omnicalculator.com/math/cross-sectional-area
math	csc	https://www.omnicalculator.com/math/csc
math	cube	https://www.omnicalculator.com/math/cube
math	cube-root	https://www.omnicalculator.com/math/cube-root
math	cube-surface-area	https://www.omnicalculator.com/math/cube-surface-area
math	cube-v-a-d	https://www.omnicalculator.com/math/cube-v-a-d
math	cube-volume	https://www.omnicalculator.com/math/cube-volume
math	cubic-equation	https://www.omnicalculator.com/math/cubic-equation
math	cubic-feet-cylinder	https://www.omnicalculator.com/math/cubic-feet-cylinder
math	cubic-in-cylinder	https://www.omnicalculator.com/math/cubic-in-cylinder
math	cubic-yards-cylinder	https://www.omnicalculator.com/math/cubic-yards-cylinder
math	cuboid	https://www.omnicalculator.com/math/cuboid
math	cuboid-surface-area	https://www.omnicalculator.com/math/cuboid-surface-area
math	cuboid-volume	https://www.omnicalculator.com/math/cuboid-volume
math	cycloid	https://www.omnicalculator.com/math/cycloid
math	cyclomatic-complexity	https://www.omnicalculator.com/math/cyclomatic-complexity
math	cylinder-circumference	https://www.omnicalculator.com/math/cylinder-circumference
math	cylinder-diameter	https://www.omnicalculator.com/math/cylinder-diameter
math	cylinder-volume	https://www.omnicalculator.com/math/cylinder-volume
math	cylinder-volume-gallons	https://www.omnicalculator.com/math/cylinder-volume-gallons
math	cylinder-volume-liters	https://www.omnicalculator.com/math/cylinder-volume-liters
math	cylindrical-coordinates	https://www.omnicalculator.com/math/cylindrical-coordinates
math	decagon	https://www.omnicalculator.com/math/decagon
math	decagon-area	https://www.omnicalculator.com/math/decagon-area
math	decimal	https://www.omnicalculator.com/math/decimal
math	decimal-to-fraction	https://www.omnicalculator.com/math/decimal-to-fraction
math	decimal-to-minutes-degrees	https://www.omnicalculator.com/math/decimal-to-minutes-degrees
math	decimal-to-percent	https://www.omnicalculator.com/math/decimal-to-percent
math	descartes-rule-of-signs	https://www.omnicalculator.com/math/descartes-rule-of-signs
math	determinant	https://www.omnicalculator.com/math/determinant
math	diagonal-of-rectangle	https://www.omnicalculator.com/math/diagonal-of-rectangle
math	diagonalize-matrix	https://www.omnicalculator.com/math/diagonalize-matrix
math	diameter-of-cone	https://www.omnicalculator.com/math/diameter-of-cone
math	diameter-to-radius	https://www.omnicalculator.com/math/diameter-to-radius
math	diamond-problem	https://www.omnicalculator.com/math/diamond-problem
math	digital-root	https://www.omnicalculator.com/math/digital-root
math	dimensions-of-a-rectangle	https://www.omnicalculator.com/math/dimensions-of-a-rectangle
math	direct-variation	https://www.omnicalculator.com/math/direct-variation
math	discriminant	https://www.omnicalculator.com/math/discriminant
math	distance	https://www.omnicalculator.com/math/distance
math	distance-between-two-points	https://www.omnicalculator.com/math/distance-between-two-points
math	distance-from-point-to-plane	https://www.omnicalculator.com/math/distance-from-point-to-plane
math	distributive-property-old	https://www.omnicalculator.com/math/distributive-property-old
math	divide-complex-numbers	https://www.omnicalculator.com/math/divide-complex-numbers
math	divide-fractions	https://www.omnicalculator.com/math/divide-fractions
math	dividing-exponents	https://www.omnicalculator.com/math/dividing-exponents
math	dividing-radicals	https://www.omnicalculator.com/math/dividing-radicals
math	divisibility-test	https://www.omnicalculator.com/math/divisibility-test
math	divisor	https://www.omnicalculator.com/math/divisor
math	dodecagon	https://www.omnicalculator.com/math/dodecagon
math	dodecagon-area	https://www.omnicalculator.com/math/dodecagon-area
math	dot-product	https://www.omnicalculator.com/math/dot-product
math	double-angle	https://www.omnicalculator.com/math/double-angle
math	double-angle-formula	https://www.omnicalculator.com/math/double-angle-formula
math	double-angle-identities	https://www.omnicalculator.com/math/double-angle-identities
math	doubling-time	https://www.omnicalculator.com/math/doubling-time
math	e-power-x	https://www.omnicalculator.com/math/e-power-x
math	egyptian-fraction	https://www.omnicalculator.com/math/egyptian-fraction
math	eigenvalue-eigenvector	https://www.omnicalculator.com/math/eigenvalue-eigenvector
math	elimination-method	https://www.omnicalculator.com/math/elimination-method
math	ellipse	https://www.omnicalculator.com/math/ellipse
math	ellipse-area	https://www.omnicalculator.com/math/ellipse-area
math	ellipse-circumference	https://www.omnicalculator.com/math/ellipse-circumference
math	ellipse-perimeter	https://www.omnicalculator.com/math/ellipse-perimeter
math	ellipse-standard-form	https://www.omnicalculator.com/math/ellipse-standard-form
math	ellipsoid-volume	https://www.omnicalculator.com/math/ellipsoid-volume
math	endpoint	https://www.omnicalculator.com/math/endpoint
math	engineering-notation	https://www.omnicalculator.com/math/engineering-notation
math	equation-circle-diameter-endpoints	https://www.omnicalculator.com/math/equation-circle-diameter-endpoints
math	equation-of-a-plane	https://www.omnicalculator.com/math/equation-of-a-plane
math	equilateral-triangle	https://www.omnicalculator.com/math/equilateral-triangle
math	equilateral-triangle-area	https://www.omnicalculator.com/math/equilateral-triangle-area
math	equivalent-fractions	https://www.omnicalculator.com/math/equivalent-fractions
math	equivalent-ratio	https://www.omnicalculator.com/math/equivalent-ratio
math	error-function	https://www.omnicalculator.com/math/error-function
math	euclidean-algorithm	https://www.omnicalculator.com/math/euclidean-algorithm
math	euclidean-distance	https://www.omnicalculator.com/math/euclidean-distance
math	eulers-formula-for-polyhedron	https://www.omnicalculator.com/math/eulers-formula-for-polyhedron
math	exact-value-of-trig-functions	https://www.omnicalculator.com/math/exact-value-of-trig-functions
math	expanded-form	https://www.omnicalculator.com/math/expanded-form
math	expanding-logarithms	https://www.omnicalculator.com/math/expanding-logarithms
math	exponent	https://www.omnicalculator.com/math/exponent
math	exponential-form	https://www.omnicalculator.com/math/exponential-form
math	exponential-function	https://www.omnicalculator.com/math/exponential-function
math	exponential-growth	https://www.omnicalculator.com/math/exponential-growth
math	exponential-notation	https://www.omnicalculator.com/math/exponential-notation
math	exterior-angles-of-a-triangle	https://www.omnicalculator.com/math/exterior-angles-of-a-triangle
math	factor	https://www.omnicalculator.com/math/factor
math	factorial	https://www.omnicalculator.com/math/factorial
math	factoring-trinomials	https://www.omnicalculator.com/math/factoring-trinomials
math	fermats-little-theorem	https://www.omnicalculator.com/math/fermats-little-theorem
math	fibonacci	https://www.omnicalculator.com/math/fibonacci
math	fifth-root	https://www.omnicalculator.com/math/fifth-root
math	floor-division	https://www.omnicalculator.com/math/floor-division
math	floor-function	https://www.omnicalculator.com/math/floor-function
math	foci-of-ellipse	https://www.omnicalculator.com/math/foci-of-ellipse
math	foil	https://www.omnicalculator.com/math/foil
math	fourth-root	https://www.omnicalculator.com/math/fourth-root
math	fraction	https://www.omnicalculator.com/math/fraction
math	fraction-to-decimal	https://www.omnicalculator.com/math/fraction-to-decimal
math	fractional-exponent	https://www.omnicalculator.com/math/fractional-exponent
math	frustum-cone-area	https://www.omnicalculator.com/math/frustum-cone-area
math	fundamental-counting-principle	https://www.omnicalculator.com/math/fundamental-counting-principle
math	galileos-paradox-of-infinity	https://www.omnicalculator.com/math/galileos-paradox-of-infinity
math	gamma-function	https://www.omnicalculator.com/math/gamma-function
math	gauss-jordan-elimination	https://www.omnicalculator.com/math/gauss-jordan-elimination
math	gcd	https://www.omnicalculator.com/math/gcd
math	gcf	https://www.omnicalculator.com/math/gcf
math	gcf-and-lcm	https://www.omnicalculator.com/math/gcf-and-lcm
math	general-form-equation-circle	https://www.omnicalculator.com/math/general-form-equation-circle
math	general-to-standard-form-circle	https://www.omnicalculator.com/math/general-to-standard-form-circle
math	generic-rectangle	https://www.omnicalculator.com/math/generic-rectangle
math	geometric-mean	https://www.omnicalculator.com/math/geometric-mean
math	geometric-sequence	https://www.omnicalculator.com/math/geometric-sequence
math	golden-ratio	https://www.omnicalculator.com/math/golden-ratio
math	golden-rectangle	https://www.omnicalculator.com/math/golden-rectangle
math	gradient	https://www.omnicalculator.com/math/gradient
math	gram-schmidt	https://www.omnicalculator.com/math/gram-schmidt
math	graphing-inequalities-1d	https://www.omnicalculator.com/math/graphing-inequalities-1d
math	graphing-quadratic-inequalities	https://www.omnicalculator.com/math/graphing-quadratic-inequalities
math	great-circle	https://www.omnicalculator.com/math/great-circle
math	greater-less	https://www.omnicalculator.com/math/greater-less
math	greatest-common-denominator	https://www.omnicalculator.com/math/greatest-common-denominator
math	greatest-common-divisor	https://www.omnicalculator.com/math/greatest-common-divisor
math	greatest-common-factor	https://www.omnicalculator.com/math/greatest-common-factor
math	hadamard-product	https://www.omnicalculator.com/math/hadamard-product
math	half-angle	https://www.omnicalculator.com/math/half-angle
math	harmonic-mean	https://www.omnicalculator.com/math/harmonic-mean
math	harmonic-number	https://www.omnicalculator.com/math/harmonic-number
math	height-of-a-square-pyramid	https://www.omnicalculator.com/math/height-of-a-square-pyramid
math	height-of-cone	https://www.omnicalculator.com/math/height-of-cone
math	height-of-cylinder	https://www.omnicalculator.com/math/height-of-cylinder
math	heptagon	https://www.omnicalculator.com/math/heptagon
math	heptagon-area	https://www.omnicalculator.com/math/heptagon-area
math	herons-formula	https://www.omnicalculator.com/math/herons-formula
math	hexagon	https://www.omnicalculator.com/math/hexagon
math	hexagonal-pyramid	https://www.omnicalculator.com/math/hexagonal-pyramid
math	hexagonal-pyramid-surface-area	https://www.omnicalculator.com/math/hexagonal-pyramid-surface-area
math	hilberts-hotel-paradox	https://www.omnicalculator.com/math/hilberts-hotel-paradox
math	hollow-cylinder-volume	https://www.omnicalculator.com/math/hollow-cylinder-volume
math	hyperbolic-functions	https://www.omnicalculator.com/math/hyperbolic-functions
math	hypotenuse	https://www.omnicalculator.com/math/hypotenuse
math	i-number	https://www.omnicalculator.com/math/i-number
math	imaginary-number	https://www.omnicalculator.com/math/imaginary-number
math	improper-fraction-to-mixed-number	https://www.omnicalculator.com/math/improper-fraction-to-mixed-number
math	inequality-to-interval-notation	https://www.omnicalculator.com/math/inequality-to-interval-notation
math	inscribed-angle	https://www.omnicalculator.com/math/inscribed-angle
math	integer	https://www.omnicalculator.com/math/integer
math	integration-by-completing-the-square	https://www.omnicalculator.com/math/integration-by-completing-the-square
math	interior-and-exterior-triangle-angles	https://www.omnicalculator.com/math/interior-and-exterior-triangle-angles
math	intersection-of-two-lines	https://www.omnicalculator.com/math/intersection-of-two-lines
math	interval-notation	https://www.omnicalculator.com/math/interval-notation
math	inverse-cosine	https://www.omnicalculator.com/math/inverse-cosine
math	inverse-modulo	https://www.omnicalculator.com/math/inverse-modulo
math	inverse-sine	https://www.omnicalculator.com/math/inverse-sine
math	inverse-tangent	https://www.omnicalculator.com/math/inverse-tangent
math	inverse-trigonometric	https://www.omnicalculator.com/math/inverse-trigonometric
math	inverse-variation	https://www.omnicalculator.com/math/inverse-variation
math	involute-function	https://www.omnicalculator.com/math/involute-function
math	irregular-polygon-area	https://www.omnicalculator.com/math/irregular-polygon-area
math	irregular-trapezoid-area	https://www.omnicalculator.com/math/irregular-trapezoid-area
math	is-it-a-right-triangle	https://www.omnicalculator.com/math/is-it-a-right-triangle
math	is-modulo-associative	https://www.omnicalculator.com/math/is-modulo-associative
math	isosceles-right-triangle	https://www.omnicalculator.com/math/isosceles-right-triangle
math	isosceles-right-triangle-hypotenuse	https://www.omnicalculator.com/math/isosceles-right-triangle-hypotenuse
math	isosceles-trapezoid	https://www.omnicalculator.com/math/isosceles-trapezoid
math	isosceles-trapezoid-area	https://www.omnicalculator.com/math/isosceles-trapezoid-area
math	isosceles-triangle	https://www.omnicalculator.com/math/isosceles-triangle
math	isosceles-triangle-a	https://www.omnicalculator.com/math/isosceles-triangle-a
math	isosceles-triangle-angles	https://www.omnicalculator.com/math/isosceles-triangle-angles
math	isosceles-triangle-area	https://www.omnicalculator.com/math/isosceles-triangle-area
math	isosceles-triangle-height	https://www.omnicalculator.com/math/isosceles-triangle-height
math	isosceles-triangle-side	https://www.omnicalculator.com/math/isosceles-triangle-side
math	kite-area	https://www.omnicalculator.com/math/kite-area
math	lagrange-error-bound	https://www.omnicalculator.com/math/lagrange-error-bound
math	lateral-area-of-cone	https://www.omnicalculator.com/math/lateral-area-of-cone
math	lateral-area-trapezoidal-prism	https://www.omnicalculator.com/math/lateral-area-trapezoidal-prism
math	lateral-surface-area-cylinder	https://www.omnicalculator.com/math/lateral-surface-area-cylinder
math	latus-rectum	https://www.omnicalculator.com/math/latus-rectum
math	law-of-cosines	https://www.omnicalculator.com/math/law-of-cosines
math	law-of-sines	https://www.omnicalculator.com/math/law-of-sines
math	lcd	https://www.omnicalculator.com/math/lcd
math	lcm	https://www.omnicalculator.com/math/lcm
math	least-common-denominator	https://www.omnicalculator.com/math/least-common-denominator
math	least-common-factor	https://www.omnicalculator.com/math/least-common-factor
math	least-common-multiple	https://www.omnicalculator.com/math/least-common-multiple
math	least-squares-regression	https://www.omnicalculator.com/math/least-squares-regression
math	least-to-greatest-fractions	https://www.omnicalculator.com/math/least-to-greatest-fractions
math	length-and-width-of-rectangle-given-perimeter	https://www.omnicalculator.com/math/length-and-width-of-rectangle-given-perimeter
math	length-of-a-line-segment	https://www.omnicalculator.com/math/length-of-a-line-segment
math	length-of-a-rectangle	https://www.omnicalculator.com/math/length-of-a-rectangle
math	length-width-area-rectangle	https://www.omnicalculator.com/math/length-width-area-rectangle
math	line-equation-from-two-points	https://www.omnicalculator.com/math/line-equation-from-two-points
math	line-of-intersection-of-two-planes	https://www.omnicalculator.com/math/line-of-intersection-of-two-planes
math	linear-combination	https://www.omnicalculator.com/math/linear-combination
math	linear-feedback-shift-register	https://www.omnicalculator.com/math/linear-feedback-shift-register
math	linear-independence	https://www.omnicalculator.com/math/linear-independence
math	linear-interpolation	https://www.omnicalculator.com/math/linear-interpolation
math	log	https://www.omnicalculator.com/math/log
math	log-2	https://www.omnicalculator.com/math/log-2
math	long-addition	https://www.omnicalculator.com/math/long-addition
math	long-division	https://www.omnicalculator.com/math/long-division
math	long-multiplication	https://www.omnicalculator.com/math/long-multiplication
math	long-subtraction	https://www.omnicalculator.com/math/long-subtraction
math	lowest-common-denominator	https://www.omnicalculator.com/math/lowest-common-denominator
math	lowest-term	https://www.omnicalculator.com/math/lowest-term
math	lu-decomposition	https://www.omnicalculator.com/math/lu-decomposition
math	luhn	https://www.omnicalculator.com/math/luhn
math	magic-square	https://www.omnicalculator.com/math/magic-square
math	manhattan-distance	https://www.omnicalculator.com/math/manhattan-distance
math	math-power	https://www.omnicalculator.com/math/math-power
math	matrix	https://www.omnicalculator.com/math/matrix
math	matrix-addition	https://www.omnicalculator.com/math/matrix-addition
math	matrix-by-scalar	https://www.omnicalculator.com/math/matrix-by-scalar
math	matrix-inverse	https://www.omnicalculator.com/math/matrix-inverse
math	matrix-multiplication	https://www.omnicalculator.com/math/matrix-multiplication
math	matrix-norm	https://www.omnicalculator.com/math/matrix-norm
math	matrix-power	https://www.omnicalculator.com/math/matrix-power
math	matrix-rank	https://www.omnicalculator.com/math/matrix-rank
math	matrix-trace	https://www.omnicalculator.com/math/matrix-trace
math	matrix-transpose	https://www.omnicalculator.com/math/matrix-transpose
math	mayan-numeral	https://www.omnicalculator.com/math/mayan-numeral
math	mean	https://www.omnicalculator.com/math/mean
math	midpoint	https://www.omnicalculator.com/math/midpoint
math	midsegment-of-a-triangle	https://www.omnicalculator.com/math/midsegment-of-a-triangle
math	minutes-to-decimals-degrees	https://www.omnicalculator.com/math/minutes-to-decimals-degrees
math	miracle	https://www.omnicalculator.com/math/miracle
math	missing-side-of-a-right-triangle	https://www.omnicalculator.com/math/missing-side-of-a-right-triangle
math	mixed-number	https://www.omnicalculator.com/math/mixed-number
math	mixed-number-to-improper-fraction	https://www.omnicalculator.com/math/mixed-number-to-improper-fraction
math	mobius-strip	https://www.omnicalculator.com/math/mobius-strip
math	modulo	https://www.omnicalculator.com/math/modulo
math	modulo-of-negative-numbers	https://www.omnicalculator.com/math/modulo-of-negative-numbers
math	modulo-order-of-operations	https://www.omnicalculator.com/math/modulo-order-of-operations
math	moment-of-inertia	https://www.omnicalculator.com/math/moment-of-inertia
math	multiplication	https://www.omnicalculator.com/math/multiplication
math	multiplicative-inverse	https://www.omnicalculator.com/math/multiplicative-inverse
math	multiplicative-inverse-modulo	https://www.omnicalculator.com/math/multiplicative-inverse-modulo
math	multiply-complex-numbers	https://www.omnicalculator.com/math/multiply-complex-numbers
math	multiplying-binomials	https://www.omnicalculator.com/math/multiplying-binomials
math	multiplying-exponents	https://www.omnicalculator.com/math/multiplying-exponents
math	multiplying-fractions	https://www.omnicalculator.com/math/multiplying-fractions
math	multiplying-polynomials	https://www.omnicalculator.com/math/multiplying-polynomials
math	multiplying-radicals	https://www.omnicalculator.com/math/multiplying-radicals
math	multiplying-scientific-notation	https://www.omnicalculator.com/math/multiplying-scientific-notation
math	natural-log	https://www.omnicalculator.com/math/natural-log
math	negative-exponents	https://www.omnicalculator.com/math/negative-exponents
math	negative-log	https://www.omnicalculator.com/math/negative-log
math	nor	https://www.omnicalculator.com/math/nor
math	null-space	https://www.omnicalculator.com/math/null-space
math	oblique-triangle	https://www.omnicalculator.com/math/oblique-triangle
math	obtuse-triangle	https://www.omnicalculator.com/math/obtuse-triangle
math	octagon	https://www.omnicalculator.com/math/octagon
math	ones-complement	https://www.omnicalculator.com/math/ones-complement
math	or	https://www.omnicalculator.com/math/or
math	order-of-magnitude	https://www.omnicalculator.com/math/order-of-magnitude
math	orthocenter	https://www.omnicalculator.com/math/orthocenter
math	parabola	https://www.omnicalculator.com/math/parabola
math	parallel-line	https://www.omnicalculator.com/math/parallel-line
math	parallelogram-area	https://www.omnicalculator.com/math/parallelogram-area
math	parallelogram-perimeter	https://www.omnicalculator.com/math/parallelogram-perimeter
math	partial-fraction-decomposition	https://www.omnicalculator.com/math/partial-fraction-decomposition
math	partial-products-old	https://www.omnicalculator.com/math/partial-products-old
math	pascals-triangle	https://www.omnicalculator.com/math/pascals-triangle
math	pentagon	https://www.omnicalculator.com/math/pentagon
math	percent-error	https://www.omnicalculator.com/math/percent-error
math	percent-time	https://www.omnicalculator.com/math/percent-time
math	percent-to-goal	https://www.omnicalculator.com/math/percent-to-goal
math	percentage	https://www.omnicalculator.com/math/percentage
math	percentage-change	https://www.omnicalculator.com/math/percentage-change
math	percentage-decrease	https://www.omnicalculator.com/math/percentage-decrease
math	percentage-difference	https://www.omnicalculator.com/math/percentage-difference
math	percentage-increase	https://www.omnicalculator.com/math/percentage-increase
math	percentage-of-percentage	https://www.omnicalculator.com/math/percentage-of-percentage
math	percentage-point	https://www.omnicalculator.com/math/percentage-point
math	perfect-cube	https://www.omnicalculator.com/math/perfect-cube
math	perfect-square	https://www.omnicalculator.com/math/perfect-square
math	perfect-square-trinomial	https://www.omnicalculator.com/math/perfect-square-trinomial
math	perimeter	https://www.omnicalculator.com/math/perimeter
math	perimeter-of-a-rectangle-with-given-area	https://www.omnicalculator.com/math/perimeter-of-a-rectangle-with-given-area
math	perimeter-of-a-right-triangle	https://www.omnicalculator.com/math/perimeter-of-a-right-triangle
math	perimeter-of-a-sector	https://www.omnicalculator.com/math/perimeter-of-a-sector
math	perimeter-of-a-triangle-with-fractions	https://www.omnicalculator.com/math/perimeter-of-a-triangle-with-fractions
math	perimeter-of-a-triangle-with-vertices	https://www.omnicalculator.com/math/perimeter-of-a-triangle-with-vertices
math	perimeter-of-rectangle	https://www.omnicalculator.com/math/perimeter-of-rectangle
math	perimeter-quadrilateral	https://www.omnicalculator.com/math/perimeter-quadrilateral
math	permutation-combination	https://www.omnicalculator.com/math/permutation-combination
math	perp-line	https://www.omnicalculator.com/math/perp-line
math	phase-shift	https://www.omnicalculator.com/math/phase-shift
math	pi	https://www.omnicalculator.com/math/pi
math	place-value	https://www.omnicalculator.com/math/place-value
math	point-slope-form	https://www.omnicalculator.com/math/point-slope-form
math	polar-decomposition	https://www.omnicalculator.com/math/polar-decomposition
math	polar-form	https://www.omnicalculator.com/math/polar-form
math	polar-to-cartesian	https://www.omnicalculator.com/math/polar-to-cartesian
math	polar-to-rectangular	https://www.omnicalculator.com/math/polar-to-rectangular
math	polish-notation	https://www.omnicalculator.com/math/polish-notation
math	polygon-angle	https://www.omnicalculator.com/math/polygon-angle
math	polynomial-division	https://www.omnicalculator.com/math/polynomial-division
math	polynomial-graphing	https://www.omnicalculator.com/math/polynomial-graphing
math	potato	https://www.omnicalculator.com/math/potato
math	power-function	https://www.omnicalculator.com/math/power-function
math	power-modulo	https://www.omnicalculator.com/math/power-modulo
math	power-of-10	https://www.omnicalculator.com/math/power-of-10
math	power-of-2	https://www.omnicalculator.com/math/power-of-2
math	power-of-a-power	https://www.omnicalculator.com/math/power-of-a-power
math	power-reducing	https://www.omnicalculator.com/math/power-reducing
math	power-set	https://www.omnicalculator.com/math/power-set
math	powers-of-i	https://www.omnicalculator.com/math/powers-of-i
math	prime-factorization	https://www.omnicalculator.com/math/prime-factorization
math	prime-number	https://www.omnicalculator.com/math/prime-number
math	prisoners-dilemma	https://www.omnicalculator.com/math/prisoners-dilemma
math	proportion	https://www.omnicalculator.com/math/proportion
math	pseudoinverse	https://www.omnicalculator.com/math/pseudoinverse
math	pyramid-angle	https://www.omnicalculator.com/math/pyramid-angle
math	pyramid-volume	https://www.omnicalculator.com/math/pyramid-volume
math	pythagoras-triangle	https://www.omnicalculator.com/math/pythagoras-triangle
math	pythagorean-theorem	https://www.omnicalculator.com/math/pythagorean-theorem
math	pythagorean-triples	https://www.omnicalculator.com/math/pythagorean-triples
math	qr-decomposition	https://www.omnicalculator.com/math/qr-decomposition
math	quadratic-formula	https://www.omnicalculator.com/math/quadratic-formula
math	quadrilateral	https://www.omnicalculator.com/math/quadrilateral
math	quarter-circle	https://www.omnicalculator.com/math/quarter-circle
math	quarter-circle-area	https://www.omnicalculator.com/math/quarter-circle-area
math	quarter-circle-perimeter	https://www.omnicalculator.com/math/quarter-circle-perimeter
math	quaternion	https://www.omnicalculator.com/math/quaternion
math	queueing-theory	https://www.omnicalculator.com/math/queueing-theory
math	quotient	https://www.omnicalculator.com/math/quotient
math	radical	https://www.omnicalculator.com/math/radical
math	radius-of-a-circle	https://www.omnicalculator.com/math/radius-of-a-circle
math	radius-of-cone	https://www.omnicalculator.com/math/radius-of-cone
math	radius-of-cylinder	https://www.omnicalculator.com/math/radius-of-cylinder
math	radius-of-sphere	https://www.omnicalculator.com/math/radius-of-sphere
math	ratio	https://www.omnicalculator.com/math/ratio
math	ratio-of-2-numbers	https://www.omnicalculator.com/math/ratio-of-2-numbers
math	ratio-of-3-numbers	https://www.omnicalculator.com/math/ratio-of-3-numbers
math	rational-exponents	https://www.omnicalculator.com/math/rational-exponents
math	rational-zeros	https://www.omnicalculator.com/math/rational-zeros
math	rationalize-denominator	https://www.omnicalculator.com/math/rationalize-denominator
math	ratios-of-directed-line-segments	https://www.omnicalculator.com/math/ratios-of-directed-line-segments
math	reciprocal	https://www.omnicalculator.com/math/reciprocal
math	rectangle	https://www.omnicalculator.com/math/rectangle
math	rectangle-diagonal-angle	https://www.omnicalculator.com/math/rectangle-diagonal-angle
math	rectangle-scale-factor	https://www.omnicalculator.com/math/rectangle-scale-factor
math	rectangular-prism	https://www.omnicalculator.com/math/rectangular-prism
math	rectangular-prism-volume	https://www.omnicalculator.com/math/rectangular-prism-volume
math	rectangular-pyramid-volume	https://www.omnicalculator.com/math/rectangular-pyramid-volume
math	rectangular-to-polar	https://www.omnicalculator.com/math/rectangular-to-polar
math	reference-angle	https://www.omnicalculator.com/math/reference-angle
math	regular-polygon	https://www.omnicalculator.com/math/regular-polygon
math	regular-polygon-area	https://www.omnicalculator.com/math/regular-polygon-area
math	regular-polygon-perimeter	https://www.omnicalculator.com/math/regular-polygon-perimeter
math	relative-change	https://www.omnicalculator.com/math/relative-change
math	relatively-prime	https://www.omnicalculator.com/math/relatively-prime
math	remainder	https://www.omnicalculator.com/math/remainder
math	reverse-foil	https://www.omnicalculator.com/math/reverse-foil
math	rhombus-area	https://www.omnicalculator.com/math/rhombus-area
math	right-circular-cone	https://www.omnicalculator.com/math/right-circular-cone
math	right-cylinder	https://www.omnicalculator.com/math/right-cylinder
math	right-rectangular-pyramid	https://www.omnicalculator.com/math/right-rectangular-pyramid
math	right-square-pyramid	https://www.omnicalculator.com/math/right-square-pyramid
math	right-trapezoid	https://www.omnicalculator.com/math/right-trapezoid
math	right-trapezoid-area	https://www.omnicalculator.com/math/right-trapezoid-area
math	right-triangle	https://www.omnicalculator.com/math/right-triangle
math	right-triangle-area	https://www.omnicalculator.com/math/right-triangle-area
math	right-triangle-side-angle	https://www.omnicalculator.com/math/right-triangle-side-angle
math	right-triangle-trigonometry	https://www.omnicalculator.com/math/right-triangle-trigonometry
math	rise-over-run	https://www.omnicalculator.com/math/rise-over-run
math	root	https://www.omnicalculator.com/math/root
math	root-mean-square	https://www.omnicalculator.com/math/root-mean-square
math	rotation	https://www.omnicalculator.com/math/rotation
math	round-to-the-nearest-cent	https://www.omnicalculator.com/math/round-to-the-nearest-cent
math	round-to-the-nearest-dollar	https://www.omnicalculator.com/math/round-to-the-nearest-dollar
math	round-to-the-nearest-hundred	https://www.omnicalculator.com/math/round-to-the-nearest-hundred
math	round-to-the-nearest-hundredth	https://www.omnicalculator.com/math/round-to-the-nearest-hundredth
math	round-to-the-nearest-integer	https://www.omnicalculator.com/math/round-to-the-nearest-integer
math	round-to-the-nearest-penny	https://www.omnicalculator.com/math/round-to-the-nearest-penny
math	round-to-the-nearest-ten	https://www.omnicalculator.com/math/round-to-the-nearest-ten
math	round-to-the-nearest-tenth	https://www.omnicalculator.com/math/round-to-the-nearest-tenth
math	round-to-the-nearest-thousand	https://www.omnicalculator.com/math/round-to-the-nearest-thousand
math	round-to-the-nearest-thousandth	https://www.omnicalculator.com/math/round-to-the-nearest-thousandth
math	rounding	https://www.omnicalculator.com/math/rounding
math	row-echelon-form	https://www.omnicalculator.com/math/row-echelon-form
math	rsa	https://www.omnicalculator.com/math/rsa
math	sas-triangle	https://www.omnicalculator.com/math/sas-triangle
math	scalene-triangle	https://www.omnicalculator.com/math/scalene-triangle
math	scalene-triangle-area	https://www.omnicalculator.com/math/scalene-triangle-area
math	scatter-plot	https://www.omnicalculator.com/math/scatter-plot
math	scientific-notation	https://www.omnicalculator.com/math/scientific-notation
math	scientific-notation-converter	https://www.omnicalculator.com/math/scientific-notation-converter
math	scientific-notation-equation	https://www.omnicalculator.com/math/scientific-notation-equation
math	sec	https://www.omnicalculator.com/math/sec
math	sector-area	https://www.omnicalculator.com/math/sector-area
math	segment-addition-postulate	https://www.omnicalculator.com/math/segment-addition-postulate
math	segment-area	https://www.omnicalculator.com/math/segment-area
math	semicircle-area	https://www.omnicalculator.com/math/semicircle-area
math	sequence	https://www.omnicalculator.com/math/sequence
math	set-builder	https://www.omnicalculator.com/math/set-builder
math	sig-fig	https://www.omnicalculator.com/math/sig-fig
math	similar-right-triangles	https://www.omnicalculator.com/math/similar-right-triangles
math	similar-triangles	https://www.omnicalculator.com/math/similar-triangles
math	simplify-cube-root	https://www.omnicalculator.com/math/simplify-cube-root
math	simplify-fractions	https://www.omnicalculator.com/math/simplify-fractions
math	simplify-radicals	https://www.omnicalculator.com/math/simplify-radicals
math	simplify-ratio	https://www.omnicalculator.com/math/simplify-ratio
math	sin	https://www.omnicalculator.com/math/sin
math	sin-1	https://www.omnicalculator.com/math/sin-1
math	sin-2-theta	https://www.omnicalculator.com/math/sin-2-theta
math	sin-cosine-tangent	https://www.omnicalculator.com/math/sin-cosine-tangent
math	sin-degrees	https://www.omnicalculator.com/math/sin-degrees
math	sin-theta	https://www.omnicalculator.com/math/sin-theta
math	sin-triangle	https://www.omnicalculator.com/math/sin-triangle
math	sine-function	https://www.omnicalculator.com/math/sine-function
math	singular-values	https://www.omnicalculator.com/math/singular-values
math	sinh	https://www.omnicalculator.com/math/sinh
math	slant-height	https://www.omnicalculator.com/math/slant-height
math	slant-height-of-cone	https://www.omnicalculator.com/math/slant-height-of-cone
math	slope	https://www.omnicalculator.com/math/slope
math	slope-intercept-form	https://www.omnicalculator.com/math/slope-intercept-form
math	slope-percentage	https://www.omnicalculator.com/math/slope-percentage
math	solve-similar-triangles	https://www.omnicalculator.com/math/solve-similar-triangles
math	solving-by-completing-the-square	https://www.omnicalculator.com/math/solving-by-completing-the-square
math	special-right-triangles	https://www.omnicalculator.com/math/special-right-triangles
math	sphere	https://www.omnicalculator.com/math/sphere
math	sphere-equation	https://www.omnicalculator.com/math/sphere-equation
math	sphere-volume	https://www.omnicalculator.com/math/sphere-volume
math	spherical-coordinates	https://www.omnicalculator.com/math/spherical-coordinates
math	spiral-length	https://www.omnicalculator.com/math/spiral-length
math	square	https://www.omnicalculator.com/math/square
math	square-area	https://www.omnicalculator.com/math/square-area
math	square-diagonal	https://www.omnicalculator.com/math/square-diagonal
math	square-feet-of-rectangle	https://www.omnicalculator.com/math/square-feet-of-rectangle
math	square-feet-triangle	https://www.omnicalculator.com/math/square-feet-triangle
math	square-footage-circle	https://www.omnicalculator.com/math/square-footage-circle
math	square-in-a-circle	https://www.omnicalculator.com/math/square-in-a-circle
math	square-inches-of-a-circle	https://www.omnicalculator.com/math/square-inches-of-a-circle
math	square-of-a-binomial	https://www.omnicalculator.com/math/square-of-a-binomial
math	square-perimeter	https://www.omnicalculator.com/math/square-perimeter
math	square-pyramid	https://www.omnicalculator.com/math/square-pyramid
math	square-pyramid-volume	https://www.omnicalculator.com/math/square-pyramid-volume
math	square-root	https://www.omnicalculator.com/math/square-root
math	ssa-triangle	https://www.omnicalculator.com/math/ssa-triangle
math	sss-triangle	https://www.omnicalculator.com/math/sss-triangle
math	standard-equation-circle	https://www.omnicalculator.com/math/standard-equation-circle
math	standard-form	https://www.omnicalculator.com/math/standard-form
math	standard-form-to-slope-intercept-form	https://www.omnicalculator.com/math/standard-form-to-slope-intercept-form
math	standard-notation	https://www.omnicalculator.com/math/standard-notation
math	standard-to-general-form-circle	https://www.omnicalculator.com/math/standard-to-general-form-circle
math	star-shape	https://www.omnicalculator.com/math/star-shape
math	string-girdling	https://www.omnicalculator.com/math/string-girdling
math	subset	https://www.omnicalculator.com/math/subset
math	substitution-method	https://www.omnicalculator.com/math/substitution-method
math	subtracting-fractions	https://www.omnicalculator.com/math/subtracting-fractions
math	subtraction	https://www.omnicalculator.com/math/subtraction
math	sum-difference-identities	https://www.omnicalculator.com/math/sum-difference-identities
math	sum-of-digits	https://www.omnicalculator.com/math/sum-of-digits
math	sum-of-linear-number-sequence	https://www.omnicalculator.com/math/sum-of-linear-number-sequence
math	sum-of-series	https://www.omnicalculator.com/math/sum-of-series
math	sum-product	https://www.omnicalculator.com/math/sum-product
math	supplementary-angles	https://www.omnicalculator.com/math/supplementary-angles
math	surface-area	https://www.omnicalculator.com/math/surface-area
math	surface-area-of-a-rectangle	https://www.omnicalculator.com/math/surface-area-of-a-rectangle
math	surface-area-of-a-rectangular-pyramid	https://www.omnicalculator.com/math/surface-area-of-a-rectangular-pyramid
math	surface-area-of-a-triangular-prism	https://www.omnicalculator.com/math/surface-area-of-a-triangular-prism
math	surface-area-of-cylinder	https://www.omnicalculator.com/math/surface-area-of-cylinder
math	surface-area-of-square-pyramid	https://www.omnicalculator.com/math/surface-area-of-square-pyramid
math	surface-area-rectangular-prism	https://www.omnicalculator.com/math/surface-area-rectangular-prism
math	surface-area-volume-ratio	https://www.omnicalculator.com/math/surface-area-volume-ratio
math	svd	https://www.omnicalculator.com/math/svd
math	synthetic-division	https://www.omnicalculator.com/math/synthetic-division
math	systems-of-equations	https://www.omnicalculator.com/math/systems-of-equations
math	tan	https://www.omnicalculator.com/math/tan
math	tan-1	https://www.omnicalculator.com/math/tan-1
math	tan-inverse	https://www.omnicalculator.com/math/tan-inverse
math	tangent-angle	https://www.omnicalculator.com/math/tangent-angle
math	tangent-circle	https://www.omnicalculator.com/math/tangent-circle
math	tangent-ratio	https://www.omnicalculator.com/math/tangent-ratio
math	tanh	https://www.omnicalculator.com/math/tanh
math	tensor-product	https://www.omnicalculator.com/math/tensor-product
math	terminating-decimals	https://www.omnicalculator.com/math/terminating-decimals
math	tetrahedron-volume	https://www.omnicalculator.com/math/tetrahedron-volume
math	theta	https://www.omnicalculator.com/math/theta
math	to-the-power-of	https://www.omnicalculator.com/math/to-the-power-of
math	torus-surface-area	https://www.omnicalculator.com/math/torus-surface-area
math	torus-volume	https://www.omnicalculator.com/math/torus-volume
math	trapezoid	https://www.omnicalculator.com/math/trapezoid
math	trapezoid-angle	https://www.omnicalculator.com/math/trapezoid-angle
math	trapezoid-height	https://www.omnicalculator.com/math/trapezoid-height
math	trapezoid-midsegment	https://www.omnicalculator.com/math/trapezoid-midsegment
math	trapezoid-perimeter	https://www.omnicalculator.com/math/trapezoid-perimeter
math	trapezoid-side	https://www.omnicalculator.com/math/trapezoid-side
math	trapezoidal-prism-volume	https://www.omnicalculator.com/math/trapezoidal-prism-volume
math	triangle-30-60-90	https://www.omnicalculator.com/math/triangle-30-60-90
math	triangle-45-45-90	https://www.omnicalculator.com/math/triangle-45-45-90
math	triangle-angle	https://www.omnicalculator.com/math/triangle-angle
math	triangle-area	https://www.omnicalculator.com/math/triangle-area
math	triangle-congruence	https://www.omnicalculator.com/math/triangle-congruence
math	triangle-degree	https://www.omnicalculator.com/math/triangle-degree
math	triangle-height	https://www.omnicalculator.com/math/triangle-height
math	triangle-inequality	https://www.omnicalculator.com/math/triangle-inequality
math	triangle-length	https://www.omnicalculator.com/math/triangle-length
math	triangle-perimeter	https://www.omnicalculator.com/math/triangle-perimeter
math	triangle-proportionality-theorem	https://www.omnicalculator.com/math/triangle-proportionality-theorem
math	triangle-ratio	https://www.omnicalculator.com/math/triangle-ratio
math	triangle-scale-factor	https://www.omnicalculator.com/math/triangle-scale-factor
math	triangle-side	https://www.omnicalculator.com/math/triangle-side
math	triangle-side-angle	https://www.omnicalculator.com/math/triangle-side-angle
math	triangle-similarity	https://www.omnicalculator.com/math/triangle-similarity
math	triangle-slope	https://www.omnicalculator.com/math/triangle-slope
math	triangle-sum-theorem	https://www.omnicalculator.com/math/triangle-sum-theorem
math	triangle-vertices	https://www.omnicalculator.com/math/triangle-vertices
math	triangular-numbers	https://www.omnicalculator.com/math/triangular-numbers
math	triangular-prism	https://www.omnicalculator.com/math/triangular-prism
math	triangular-pyramid-volume	https://www.omnicalculator.com/math/triangular-pyramid-volume
math	triangulation	https://www.omnicalculator.com/math/triangulation
math	trig	https://www.omnicalculator.com/math/trig
math	trig-degree	https://www.omnicalculator.com/math/trig-degree
math	trig-function	https://www.omnicalculator.com/math/trig-function
math	trig-identities	https://www.omnicalculator.com/math/trig-identities
math	trig-triangle	https://www.omnicalculator.com/math/trig-triangle
math	trigonometric-functions	https://www.omnicalculator.com/math/trigonometric-functions
math	trigonometry	https://www.omnicalculator.com/math/trigonometry
math	truncated-cone	https://www.omnicalculator.com/math/truncated-cone
math	truncated-cone-volume	https://www.omnicalculator.com/math/truncated-cone-volume
math	truth-table	https://www.omnicalculator.com/math/truth-table
math	twos-complement	https://www.omnicalculator.com/math/twos-complement
math	ugly-duckling-theorem	https://www.omnicalculator.com/math/ugly-duckling-theorem
math	union-intersection	https://www.omnicalculator.com/math/union-intersection
math	unit-circle	https://www.omnicalculator.com/math/unit-circle
math	unit-rate	https://www.omnicalculator.com/math/unit-rate
math	unit-vector	https://www.omnicalculator.com/math/unit-vector
math	uses-of-modulo	https://www.omnicalculator.com/math/uses-of-modulo
math	vector	https://www.omnicalculator.com/math/vector
math	vector-addition	https://www.omnicalculator.com/math/vector-addition
math	vector-direction	https://www.omnicalculator.com/math/vector-direction
math	vector-magnitude	https://www.omnicalculator.com/math/vector-magnitude
math	vector-projection	https://www.omnicalculator.com/math/vector-projection
math	vertex-form	https://www.omnicalculator.com/math/vertex-form
math	volume	https://www.omnicalculator.com/math/volume
math	volume-hexagonal-pyramid	https://www.omnicalculator.com/math/volume-hexagonal-pyramid
math	volume-of-a-parallelepiped	https://www.omnicalculator.com/math/volume-of-a-parallelepiped
math	volume-of-a-triangular-prism	https://www.omnicalculator.com/math/volume-of-a-triangular-prism
math	volume-of-hemisphere	https://www.omnicalculator.com/math/volume-of-hemisphere
math	weighted-average	https://www.omnicalculator.com/math/weighted-average
math	width-of-a-rectangle	https://www.omnicalculator.com/math/width-of-a-rectangle
math	xor	https://www.omnicalculator.com/math/xor
math	y-intercept	https://www.omnicalculator.com/math/y-intercept
other	16-10-aspect-ratio	https://www.omnicalculator.com/other/16-10-aspect-ratio
other	16-9-aspect-ratio	https://www.omnicalculator.com/other/16-9-aspect-ratio
other	3d-printing	https://www.omnicalculator.com/other/3d-printing
other	3d-render-time	https://www.omnicalculator.com/other/3d-render-time
other	4-3-aspect-ratio	https://www.omnicalculator.com/other/4-3-aspect-ratio
other	act-score	https://www.omnicalculator.com/other/act-score
other	age-on-other-planets	https://www.omnicalculator.com/other/age-on-other-planets
other	ai-job-risk	https://www.omnicalculator.com/other/ai-job-risk
other	amdahls-law	https://www.omnicalculator.com/other/amdahls-law
other	among-us	https://www.omnicalculator.com/other/among-us
other	angle-of-impact	https://www.omnicalculator.com/other/angle-of-impact
other	antipode	https://www.omnicalculator.com/other/antipode
other	ap-bio-score	https://www.omnicalculator.com/other/ap-bio-score
other	ap-chem-score	https://www.omnicalculator.com/other/ap-chem-score
other	ap-lang-score	https://www.omnicalculator.com/other/ap-lang-score
other	ap-world	https://www.omnicalculator.com/other/ap-world
other	aquarium-glass-thickness	https://www.omnicalculator.com/other/aquarium-glass-thickness
other	aquarium-volume	https://www.omnicalculator.com/other/aquarium-volume
other	ascii-converter	https://www.omnicalculator.com/other/ascii-converter
other	aspect-ratio	https://www.omnicalculator.com/other/aspect-ratio
other	audio-file-size	https://www.omnicalculator.com/other/audio-file-size
other	azimuth	https://www.omnicalculator.com/other/azimuth
other	bandwidth	https://www.omnicalculator.com/other/bandwidth
other	bandwidth-delay-product	https://www.omnicalculator.com/other/bandwidth-delay-product
other	base64-encoder-decoder	https://www.omnicalculator.com/other/base64-encoder-decoder
other	battery-capacity	https://www.omnicalculator.com/other/battery-capacity
other	battery-life	https://www.omnicalculator.com/other/battery-life
other	battery-size	https://www.omnicalculator.com/other/battery-size
other	baud-rate	https://www.omnicalculator.com/other/baud-rate
other	binary-to-text	https://www.omnicalculator.com/other/binary-to-text
other	blink-free-photos	https://www.omnicalculator.com/other/blink-free-photos
other	bpm	https://www.omnicalculator.com/other/bpm
other	cable-impedance	https://www.omnicalculator.com/other/cable-impedance
other	caesar-cipher-shifter	https://www.omnicalculator.com/other/caesar-cipher-shifter
other	camera-field-of-view	https://www.omnicalculator.com/other/camera-field-of-view
other	capital-case-converter	https://www.omnicalculator.com/other/capital-case-converter
other	carat-weight	https://www.omnicalculator.com/other/carat-weight
other	cbm-shipping	https://www.omnicalculator.com/other/cbm-shipping
other	chmod	https://www.omnicalculator.com/other/chmod
other	chord	https://www.omnicalculator.com/other/chord
other	chord-finder	https://www.omnicalculator.com/other/chord-finder
other	chord-inversion	https://www.omnicalculator.com/other/chord-inversion
other	chord-progression	https://www.omnicalculator.com/other/chord-progression
other	chord-transposer	https://www.omnicalculator.com/other/chord-transposer
other	christmas-tree	https://www.omnicalculator.com/other/christmas-tree
other	cidr	https://www.omnicalculator.com/other/cidr
other	classroom-spacing	https://www.omnicalculator.com/other/classroom-spacing
other	college-gpa	https://www.omnicalculator.com/other/college-gpa
other	container-loading	https://www.omnicalculator.com/other/container-loading
other	contrast-ratio	https://www.omnicalculator.com/other/contrast-ratio
other	crop-factor	https://www.omnicalculator.com/other/crop-factor
other	crosstalk	https://www.omnicalculator.com/other/crosstalk
other	css-aspect-ratio	https://www.omnicalculator.com/other/css-aspect-ratio
other	cv-screening-and-interview-time	https://www.omnicalculator.com/other/cv-screening-and-interview-time
other	data-transfer	https://www.omnicalculator.com/other/data-transfer
other	dating-theory	https://www.omnicalculator.com/other/dating-theory
other	days-until-christmas	https://www.omnicalculator.com/other/days-until-christmas
other	days-until-fall	https://www.omnicalculator.com/other/days-until-fall
other	days-until-valentines-day	https://www.omnicalculator.com/other/days-until-valentines-day
other	delay-reverb-times	https://www.omnicalculator.com/other/delay-reverb-times
other	depth-of-field	https://www.omnicalculator.com/other/depth-of-field
other	diamond-carat	https://www.omnicalculator.com/other/diamond-carat
other	diamond-weight	https://www.omnicalculator.com/other/diamond-weight
other	dimensional-weight	https://www.omnicalculator.com/other/dimensional-weight
other	dnd-money-conversion	https://www.omnicalculator.com/other/dnd-money-conversion
other	download-time	https://www.omnicalculator.com/other/download-time
other	dpmo	https://www.omnicalculator.com/other/dpmo
other	drone-flight-time	https://www.omnicalculator.com/other/drone-flight-time
other	drone-motor	https://www.omnicalculator.com/other/drone-motor
other	duty-cycle	https://www.omnicalculator.com/other/duty-cycle
other	earthquake	https://www.omnicalculator.com/other/earthquake
other	easter	https://www.omnicalculator.com/other/easter
other	edpi	https://www.omnicalculator.com/other/edpi
other	encounter-5e	https://www.omnicalculator.com/other/encounter-5e
other	end-portal-finder	https://www.omnicalculator.com/other/end-portal-finder
other	engagement-rate	https://www.omnicalculator.com/other/engagement-rate
other	even-parity	https://www.omnicalculator.com/other/even-parity
other	exposure	https://www.omnicalculator.com/other/exposure
other	film	https://www.omnicalculator.com/other/film
other	final-grade	https://www.omnicalculator.com/other/final-grade
other	flag	https://www.omnicalculator.com/other/flag
other	floating-point	https://www.omnicalculator.com/other/floating-point
other	focal-length	https://www.omnicalculator.com/other/focal-length
other	frames-to-timecode	https://www.omnicalculator.com/other/frames-to-timecode
other	freight-class	https://www.omnicalculator.com/other/freight-class
other	fret	https://www.omnicalculator.com/other/fret
other	gender-wage-gap	https://www.omnicalculator.com/other/gender-wage-gap
other	gothic-font-generator	https://www.omnicalculator.com/other/gothic-font-generator
other	gpa	https://www.omnicalculator.com/other/gpa
other	gpa-pakistan	https://www.omnicalculator.com/other/gpa-pakistan
other	grade	https://www.omnicalculator.com/other/grade
other	grade-curve	https://www.omnicalculator.com/other/grade-curve
other	graduation-by-birthday	https://www.omnicalculator.com/other/graduation-by-birthday
other	graduation-year	https://www.omnicalculator.com/other/graduation-year
other	ground-sample-distance	https://www.omnicalculator.com/other/ground-sample-distance
other	guitar-string-tension	https://www.omnicalculator.com/other/guitar-string-tension
other	gwa	https://www.omnicalculator.com/other/gwa
other	hamming-code	https://www.omnicalculator.com/other/hamming-code
other	hamming-distance	https://www.omnicalculator.com/other/hamming-distance
other	harmonic-series	https://www.omnicalculator.com/other/harmonic-series
other	hash-identifier	https://www.omnicalculator.com/other/hash-identifier
other	hex-to-text	https://www.omnicalculator.com/other/hex-to-text
other	high-school-gpa	https://www.omnicalculator.com/other/high-school-gpa
other	hire-an-expert-vs-train-a-fresher	https://www.omnicalculator.com/other/hire-an-expert-vs-train-a-fresher
other	hit-points	https://www.omnicalculator.com/other/hit-points
other	humans-vs-vampires	https://www.omnicalculator.com/other/humans-vs-vampires
other	hyperfocal-distance	https://www.omnicalculator.com/other/hyperfocal-distance
other	ielts-score	https://www.omnicalculator.com/other/ielts-score
other	image-file-size	https://www.omnicalculator.com/other/image-file-size
other	image-ratio	https://www.omnicalculator.com/other/image-ratio
other	impact-factor	https://www.omnicalculator.com/other/impact-factor
other	impedance-matching	https://www.omnicalculator.com/other/impedance-matching
other	ip-address-converter	https://www.omnicalculator.com/other/ip-address-converter
other	ip-subnet	https://www.omnicalculator.com/other/ip-subnet
other	kd	https://www.omnicalculator.com/other/kd
other	key-signature	https://www.omnicalculator.com/other/key-signature
other	latitude-longitude-distance	https://www.omnicalculator.com/other/latitude-longitude-distance
other	lens-magnification	https://www.omnicalculator.com/other/lens-magnification
other	letters-to-numbers	https://www.omnicalculator.com/other/letters-to-numbers
other	lm317	https://www.omnicalculator.com/other/lm317
other	logic-gate	https://www.omnicalculator.com/other/logic-gate
other	matched-betting	https://www.omnicalculator.com/other/matched-betting
other	mayan-calendar	https://www.omnicalculator.com/other/mayan-calendar
other	minecraft-circle	https://www.omnicalculator.com/other/minecraft-circle
other	minecraft-stack	https://www.omnicalculator.com/other/minecraft-stack
other	mirror-text-converter	https://www.omnicalculator.com/other/mirror-text-converter
other	mm-to-carat-conversion	https://www.omnicalculator.com/other/mm-to-carat-conversion
other	morse-code	https://www.omnicalculator.com/other/morse-code
other	music-duration	https://www.omnicalculator.com/other/music-duration
other	music-interval	https://www.omnicalculator.com/other/music-interval
other	music-scale	https://www.omnicalculator.com/other/music-scale
other	music-transposer	https://www.omnicalculator.com/other/music-transposer
other	nanowrimo	https://www.omnicalculator.com/other/nanowrimo
other	nether-portal	https://www.omnicalculator.com/other/nether-portal
other	new-years-countdown	https://www.omnicalculator.com/other/new-years-countdown
other	note-frequency	https://www.omnicalculator.com/other/note-frequency
other	numbers-to-letters	https://www.omnicalculator.com/other/numbers-to-letters
other	odd-parity	https://www.omnicalculator.com/other/odd-parity
other	op-amp-gain	https://www.omnicalculator.com/other/op-amp-gain
other	oxygen-tank-duration	https://www.omnicalculator.com/other/oxygen-tank-duration
other	pallet	https://www.omnicalculator.com/other/pallet
other	parity	https://www.omnicalculator.com/other/parity
other	parity-bit	https://www.omnicalculator.com/other/parity-bit
other	password-entropy	https://www.omnicalculator.com/other/password-entropy
other	pay-gap-us	https://www.omnicalculator.com/other/pay-gap-us
other	pcb-impedance	https://www.omnicalculator.com/other/pcb-impedance
other	pcb-trace-current	https://www.omnicalculator.com/other/pcb-trace-current
other	pcb-trace-resistance	https://www.omnicalculator.com/other/pcb-trace-resistance
other	pcb-trace-width	https://www.omnicalculator.com/other/pcb-trace-width
other	pert	https://www.omnicalculator.com/other/pert
other	pi-attenuator	https://www.omnicalculator.com/other/pi-attenuator
other	pixel-aspect-ratio	https://www.omnicalculator.com/other/pixel-aspect-ratio
other	pixels-per-inch	https://www.omnicalculator.com/other/pixels-per-inch
other	pixels-to-print-size	https://www.omnicalculator.com/other/pixels-to-print-size
other	pizza-tip	https://www.omnicalculator.com/other/pizza-tip
other	playback-speed	https://www.omnicalculator.com/other/playback-speed
other	point-buy	https://www.omnicalculator.com/other/point-buy
other	pokemon-go-candy	https://www.omnicalculator.com/other/pokemon-go-candy
other	poker-ev	https://www.omnicalculator.com/other/poker-ev
other	poker-odds	https://www.omnicalculator.com/other/poker-odds
other	port-length	https://www.omnicalculator.com/other/port-length
other	portrait-aspect-ratio	https://www.omnicalculator.com/other/portrait-aspect-ratio
other	projector	https://www.omnicalculator.com/other/projector
other	propagation-delay	https://www.omnicalculator.com/other/propagation-delay
other	pte-score	https://www.omnicalculator.com/other/pte-score
other	pyramid-block	https://www.omnicalculator.com/other/pyramid-block
other	raid	https://www.omnicalculator.com/other/raid
other	rain-to-snow	https://www.omnicalculator.com/other/rain-to-snow
other	rainfall-volume	https://www.omnicalculator.com/other/rainfall-volume
other	ram-latency	https://www.omnicalculator.com/other/ram-latency
other	reorder-point	https://www.omnicalculator.com/other/reorder-point
other	resolution-scale	https://www.omnicalculator.com/other/resolution-scale
other	resolutions-new-year	https://www.omnicalculator.com/other/resolutions-new-year
other	rf-unit-converter	https://www.omnicalculator.com/other/rf-unit-converter
other	rounds-per-minute	https://www.omnicalculator.com/other/rounds-per-minute
other	rust-decay	https://www.omnicalculator.com/other/rust-decay
other	salt-dough	https://www.omnicalculator.com/other/salt-dough
other	sandbox	https://www.omnicalculator.com/other/sandbox
other	school-age	https://www.omnicalculator.com/other/school-age
other	screen-ratio	https://www.omnicalculator.com/other/screen-ratio
other	screen-size	https://www.omnicalculator.com/other/screen-size
other	semester-grade	https://www.omnicalculator.com/other/semester-grade
other	semitone	https://www.omnicalculator.com/other/semitone
other	sentence-case-converter	https://www.omnicalculator.com/other/sentence-case-converter
other	shutter-speed	https://www.omnicalculator.com/other/shutter-speed
other	small-caps	https://www.omnicalculator.com/other/small-caps
other	small-text	https://www.omnicalculator.com/other/small-text
other	snowman	https://www.omnicalculator.com/other/snowman
other	speaker-box	https://www.omnicalculator.com/other/speaker-box
other	streaming-bitrate	https://www.omnicalculator.com/other/streaming-bitrate
other	streaming-royalties	https://www.omnicalculator.com/other/streaming-royalties
other	strikethrough-text	https://www.omnicalculator.com/other/strikethrough-text
other	subscript-generator	https://www.omnicalculator.com/other/subscript-generator
other	sunscreen	https://www.omnicalculator.com/other/sunscreen
other	superscript-generator	https://www.omnicalculator.com/other/superscript-generator
other	t9-to-text-converter	https://www.omnicalculator.com/other/t9-to-text-converter
other	takt-time	https://www.omnicalculator.com/other/takt-time
other	test-grade	https://www.omnicalculator.com/other/test-grade
other	text-to-binary	https://www.omnicalculator.com/other/text-to-binary
other	text-to-hex	https://www.omnicalculator.com/other/text-to-hex
other	time-lapse	https://www.omnicalculator.com/other/time-lapse
other	timecode-to-frame	https://www.omnicalculator.com/other/timecode-to-frame
other	tip	https://www.omnicalculator.com/other/tip
other	tip-from-net-price	https://www.omnicalculator.com/other/tip-from-net-price
other	title-case	https://www.omnicalculator.com/other/title-case
other	total-harmonic-distortion	https://www.omnicalculator.com/other/total-harmonic-distortion
other	travel-job-application	https://www.omnicalculator.com/other/travel-job-application
other	trick-or-treat	https://www.omnicalculator.com/other/trick-or-treat
other	tv-mounting-height	https://www.omnicalculator.com/other/tv-mounting-height
other	tv-size-distance	https://www.omnicalculator.com/other/tv-size-distance
other	upload-time	https://www.omnicalculator.com/other/upload-time
other	uptime	https://www.omnicalculator.com/other/uptime
other	vertical-exaggeration	https://www.omnicalculator.com/other/vertical-exaggeration
other	video-frame-size	https://www.omnicalculator.com/other/video-frame-size
other	video-size	https://www.omnicalculator.com/other/video-size
other	vigenere-cipher	https://www.omnicalculator.com/other/vigenere-cipher
other	vocal-range	https://www.omnicalculator.com/other/vocal-range
other	volunteer-engagement-profile	https://www.omnicalculator.com/other/volunteer-engagement-profile
other	weekday	https://www.omnicalculator.com/other/weekday
other	what-grade-was-i-in-year	https://www.omnicalculator.com/other/what-grade-was-i-in-year
other	white-christmas	https://www.omnicalculator.com/other/white-christmas
other	wind-chill	https://www.omnicalculator.com/other/wind-chill
other	wingdings-translator	https://www.omnicalculator.com/other/wingdings-translator
other	witcher-monster-slayer	https://www.omnicalculator.com/other/witcher-monster-slayer
other	zombie-invasion	https://www.omnicalculator.com/other/zombie-invasion
physics	100-amp-wire-size	https://www.omnicalculator.com/physics/100-amp-wire-size
physics	12v-wire-size	https://www.omnicalculator.com/physics/12v-wire-size
physics	220v-wire-size	https://www.omnicalculator.com/physics/220v-wire-size
physics	24v-wire-size	https://www.omnicalculator.com/physics/24v-wire-size
physics	3-phase-motor-amperage	https://www.omnicalculator.com/physics/3-phase-motor-amperage
physics	absolute-humidity	https://www.omnicalculator.com/physics/absolute-humidity
physics	ac-wattage	https://www.omnicalculator.com/physics/ac-wattage
physics	acceleration	https://www.omnicalculator.com/physics/acceleration
physics	acceleration-due-to-gravity	https://www.omnicalculator.com/physics/acceleration-due-to-gravity
physics	acceleration-of-particle-in-electric-field	https://www.omnicalculator.com/physics/acceleration-of-particle-in-electric-field
physics	acceleration-using-force-and-mass	https://www.omnicalculator.com/physics/acceleration-using-force-and-mass
physics	acoustic-impedance	https://www.omnicalculator.com/physics/acoustic-impedance
physics	air-density	https://www.omnicalculator.com/physics/air-density
physics	air-pressure-at-altitude	https://www.omnicalculator.com/physics/air-pressure-at-altitude
physics	alfven-velocity	https://www.omnicalculator.com/physics/alfven-velocity
physics	alien-civilization	https://www.omnicalculator.com/physics/alien-civilization
physics	altitude-temperature	https://www.omnicalculator.com/physics/altitude-temperature
physics	amp-to-wire-size	https://www.omnicalculator.com/physics/amp-to-wire-size
physics	angle-of-incidence	https://www.omnicalculator.com/physics/angle-of-incidence
physics	angle-of-refraction	https://www.omnicalculator.com/physics/angle-of-refraction
physics	angle-of-repose	https://www.omnicalculator.com/physics/angle-of-repose
physics	angle-of-twist	https://www.omnicalculator.com/physics/angle-of-twist
physics	angular-acceleration	https://www.omnicalculator.com/physics/angular-acceleration
physics	angular-displacement	https://www.omnicalculator.com/physics/angular-displacement
physics	angular-frequency	https://www.omnicalculator.com/physics/angular-frequency
physics	angular-momentum	https://www.omnicalculator.com/physics/angular-momentum
physics	angular-resolution	https://www.omnicalculator.com/physics/angular-resolution
physics	angular-velocity	https://www.omnicalculator.com/physics/angular-velocity
physics	aperture-area	https://www.omnicalculator.com/physics/aperture-area
physics	api-gravity	https://www.omnicalculator.com/physics/api-gravity
physics	archimedes-principle	https://www.omnicalculator.com/physics/archimedes-principle
physics	arrow-speed	https://www.omnicalculator.com/physics/arrow-speed
physics	attenuation	https://www.omnicalculator.com/physics/attenuation
physics	ballistic-coefficient	https://www.omnicalculator.com/physics/ballistic-coefficient
physics	bank-angle	https://www.omnicalculator.com/physics/bank-angle
physics	barn-pole-paradox	https://www.omnicalculator.com/physics/barn-pole-paradox
physics	beat-frequency	https://www.omnicalculator.com/physics/beat-frequency
physics	belt-length	https://www.omnicalculator.com/physics/belt-length
physics	bend-allowance	https://www.omnicalculator.com/physics/bend-allowance
physics	bernoulli-equation	https://www.omnicalculator.com/physics/bernoulli-equation
physics	binoculars-range	https://www.omnicalculator.com/physics/binoculars-range
physics	biot-numer	https://www.omnicalculator.com/physics/biot-numer
physics	black-hole	https://www.omnicalculator.com/physics/black-hole
physics	black-hole-temperature	https://www.omnicalculator.com/physics/black-hole-temperature
physics	blackbody-radiation	https://www.omnicalculator.com/physics/blackbody-radiation
physics	blast-radius	https://www.omnicalculator.com/physics/blast-radius
physics	bohr-model	https://www.omnicalculator.com/physics/bohr-model
physics	boltzmann-factor	https://www.omnicalculator.com/physics/boltzmann-factor
physics	boost-converter	https://www.omnicalculator.com/physics/boost-converter
physics	boyles-law	https://www.omnicalculator.com/physics/boyles-law
physics	braggs-law	https://www.omnicalculator.com/physics/braggs-law
physics	brake-mean-effective-pressure-bmep	https://www.omnicalculator.com/physics/brake-mean-effective-pressure-bmep
physics	breaker-size	https://www.omnicalculator.com/physics/breaker-size
physics	brewster-angle	https://www.omnicalculator.com/physics/brewster-angle
physics	bridge-rectifier	https://www.omnicalculator.com/physics/bridge-rectifier
physics	brinell-hardness-number	https://www.omnicalculator.com/physics/brinell-hardness-number
physics	broad-crested-weir	https://www.omnicalculator.com/physics/broad-crested-weir
physics	btu-to-tons-converter	https://www.omnicalculator.com/physics/btu-to-tons-converter
physics	buck-converter	https://www.omnicalculator.com/physics/buck-converter
physics	buckling	https://www.omnicalculator.com/physics/buckling
physics	bug-rivet-paradox	https://www.omnicalculator.com/physics/bug-rivet-paradox
physics	bulk-modulus	https://www.omnicalculator.com/physics/bulk-modulus
physics	bullet-energy	https://www.omnicalculator.com/physics/bullet-energy
physics	buoyancy	https://www.omnicalculator.com/physics/buoyancy
physics	buoyancy-experiment	https://www.omnicalculator.com/physics/buoyancy-experiment
physics	buoyant-force	https://www.omnicalculator.com/physics/buoyant-force
physics	calorimetry	https://www.omnicalculator.com/physics/calorimetry
physics	capacitance	https://www.omnicalculator.com/physics/capacitance
physics	capacitive-reactance	https://www.omnicalculator.com/physics/capacitive-reactance
physics	capacitive-transformerless-power-supply	https://www.omnicalculator.com/physics/capacitive-transformerless-power-supply
physics	capacitor	https://www.omnicalculator.com/physics/capacitor
physics	capacitor-charge-time	https://www.omnicalculator.com/physics/capacitor-charge-time
physics	capacitor-energy	https://www.omnicalculator.com/physics/capacitor-energy
physics	capacitor-size	https://www.omnicalculator.com/physics/capacitor-size
physics	capacitors-in-series	https://www.omnicalculator.com/physics/capacitors-in-series
physics	car-crash-force	https://www.omnicalculator.com/physics/car-crash-force
physics	car-jump-distance	https://www.omnicalculator.com/physics/car-jump-distance
physics	car-mass-center	https://www.omnicalculator.com/physics/car-mass-center
physics	carburetor-cfm	https://www.omnicalculator.com/physics/carburetor-cfm
physics	carnot-efficiency	https://www.omnicalculator.com/physics/carnot-efficiency
physics	centrifugal-force	https://www.omnicalculator.com/physics/centrifugal-force
physics	centrifuge-speed	https://www.omnicalculator.com/physics/centrifuge-speed
physics	centripetal-force	https://www.omnicalculator.com/physics/centripetal-force
physics	charles-law	https://www.omnicalculator.com/physics/charles-law
physics	circular-motion	https://www.omnicalculator.com/physics/circular-motion
physics	cloud-base	https://www.omnicalculator.com/physics/cloud-base
physics	coefficient-of-discharge	https://www.omnicalculator.com/physics/coefficient-of-discharge
physics	compressibility	https://www.omnicalculator.com/physics/compressibility
physics	compton-scattering	https://www.omnicalculator.com/physics/compton-scattering
physics	compton-wavelength	https://www.omnicalculator.com/physics/compton-wavelength
physics	conductivity-to-resistivity	https://www.omnicalculator.com/physics/conductivity-to-resistivity
physics	conservation-of-momentum	https://www.omnicalculator.com/physics/conservation-of-momentum
physics	contact-lens-vertex	https://www.omnicalculator.com/physics/contact-lens-vertex
physics	copper-wire-weight	https://www.omnicalculator.com/physics/copper-wire-weight
physics	coriolis-effect	https://www.omnicalculator.com/physics/coriolis-effect
physics	coulombs-law	https://www.omnicalculator.com/physics/coulombs-law
physics	crawl-ratio	https://www.omnicalculator.com/physics/crawl-ratio
physics	critical-damping	https://www.omnicalculator.com/physics/critical-damping
physics	crossover	https://www.omnicalculator.com/physics/crossover
physics	cube-density	https://www.omnicalculator.com/physics/cube-density
physics	curie-constant	https://www.omnicalculator.com/physics/curie-constant
physics	curies-law	https://www.omnicalculator.com/physics/curies-law
physics	current-divider	https://www.omnicalculator.com/physics/current-divider
physics	cutoff-frequency	https://www.omnicalculator.com/physics/cutoff-frequency
physics	cv-flow	https://www.omnicalculator.com/physics/cv-flow
physics	cyclotron-frequency	https://www.omnicalculator.com/physics/cyclotron-frequency
physics	damping-ratio	https://www.omnicalculator.com/physics/damping-ratio
physics	darcy-weisbach	https://www.omnicalculator.com/physics/darcy-weisbach
physics	darcys-law	https://www.omnicalculator.com/physics/darcys-law
physics	daylight	https://www.omnicalculator.com/physics/daylight
physics	db	https://www.omnicalculator.com/physics/db
physics	db-gain	https://www.omnicalculator.com/physics/db-gain
physics	dc-wire-size	https://www.omnicalculator.com/physics/dc-wire-size
physics	de-broglie-wavelength	https://www.omnicalculator.com/physics/de-broglie-wavelength
physics	debye-length	https://www.omnicalculator.com/physics/debye-length
physics	delta-to-wye	https://www.omnicalculator.com/physics/delta-to-wye
physics	delta-v	https://www.omnicalculator.com/physics/delta-v
physics	density	https://www.omnicalculator.com/physics/density
physics	density-altitude	https://www.omnicalculator.com/physics/density-altitude
physics	density-cylinder	https://www.omnicalculator.com/physics/density-cylinder
physics	density-mass-volume	https://www.omnicalculator.com/physics/density-mass-volume
physics	density-to-mass	https://www.omnicalculator.com/physics/density-to-mass
physics	density-to-weight	https://www.omnicalculator.com/physics/density-to-weight
physics	dew-point	https://www.omnicalculator.com/physics/dew-point
physics	differential-pressure	https://www.omnicalculator.com/physics/differential-pressure
physics	diffraction	https://www.omnicalculator.com/physics/diffraction
physics	diopter	https://www.omnicalculator.com/physics/diopter
physics	dipole	https://www.omnicalculator.com/physics/dipole
physics	dipole-moment	https://www.omnicalculator.com/physics/dipole-moment
physics	displacement	https://www.omnicalculator.com/physics/displacement
physics	distance-attenuation	https://www.omnicalculator.com/physics/distance-attenuation
physics	distance-to-horizon	https://www.omnicalculator.com/physics/distance-to-horizon
physics	doppler-effect	https://www.omnicalculator.com/physics/doppler-effect
physics	drag-equation	https://www.omnicalculator.com/physics/drag-equation
physics	drake-equation	https://www.omnicalculator.com/physics/drake-equation
physics	drift-velocity	https://www.omnicalculator.com/physics/drift-velocity
physics	earth-curvature	https://www.omnicalculator.com/physics/earth-curvature
physics	earth-orbit	https://www.omnicalculator.com/physics/earth-orbit
physics	effectiveness-ntu	https://www.omnicalculator.com/physics/effectiveness-ntu
physics	efficiency	https://www.omnicalculator.com/physics/efficiency
physics	eirp	https://www.omnicalculator.com/physics/eirp
physics	elastic-constants	https://www.omnicalculator.com/physics/elastic-constants
physics	elastic-potential-energy	https://www.omnicalculator.com/physics/elastic-potential-energy
physics	electric-field-of-a-point-charge	https://www.omnicalculator.com/physics/electric-field-of-a-point-charge
physics	electric-motor-torque	https://www.omnicalculator.com/physics/electric-motor-torque
physics	electric-potential	https://www.omnicalculator.com/physics/electric-potential
physics	electrical-mobility	https://www.omnicalculator.com/physics/electrical-mobility
physics	electrical-power	https://www.omnicalculator.com/physics/electrical-power
physics	electron-speed	https://www.omnicalculator.com/physics/electron-speed
physics	elongation	https://www.omnicalculator.com/physics/elongation
physics	emc2	https://www.omnicalculator.com/physics/emc2
physics	energy-density-of-electric-and-magnetic-fields	https://www.omnicalculator.com/physics/energy-density-of-electric-and-magnetic-fields
physics	energy-to-wavelength	https://www.omnicalculator.com/physics/energy-to-wavelength
physics	engine-displacement	https://www.omnicalculator.com/physics/engine-displacement
physics	enthalpy	https://www.omnicalculator.com/physics/enthalpy
physics	escape-velocity	https://www.omnicalculator.com/physics/escape-velocity
physics	evaporation-rate	https://www.omnicalculator.com/physics/evaporation-rate
physics	excess-electrons	https://www.omnicalculator.com/physics/excess-electrons
physics	exhaust-diameter	https://www.omnicalculator.com/physics/exhaust-diameter
physics	exoplanet	https://www.omnicalculator.com/physics/exoplanet
physics	exoplanet-travel-planner	https://www.omnicalculator.com/physics/exoplanet-travel-planner
physics	factor-of-safety	https://www.omnicalculator.com/physics/factor-of-safety
physics	fan	https://www.omnicalculator.com/physics/fan
physics	faraday	https://www.omnicalculator.com/physics/faraday
physics	fermi-level	https://www.omnicalculator.com/physics/fermi-level
physics	flat-vs-round-earth	https://www.omnicalculator.com/physics/flat-vs-round-earth
physics	flow-rate	https://www.omnicalculator.com/physics/flow-rate
physics	flyback-converter	https://www.omnicalculator.com/physics/flyback-converter
physics	flywheel-energy-storage	https://www.omnicalculator.com/physics/flywheel-energy-storage
physics	foot-pounds-of-energy	https://www.omnicalculator.com/physics/foot-pounds-of-energy
physics	force	https://www.omnicalculator.com/physics/force
physics	forward-converter	https://www.omnicalculator.com/physics/forward-converter
physics	free-fall	https://www.omnicalculator.com/physics/free-fall
physics	free-fall-air-resistance	https://www.omnicalculator.com/physics/free-fall-air-resistance
physics	free-fall-distance	https://www.omnicalculator.com/physics/free-fall-distance
physics	free-fall-height	https://www.omnicalculator.com/physics/free-fall-height
physics	free-fall-time	https://www.omnicalculator.com/physics/free-fall-time
physics	free-fall-velocity	https://www.omnicalculator.com/physics/free-fall-velocity
physics	free-space-path-loss	https://www.omnicalculator.com/physics/free-space-path-loss
physics	frequency	https://www.omnicalculator.com/physics/frequency
physics	frequency-bandwidth	https://www.omnicalculator.com/physics/frequency-bandwidth
physics	frequency-converter	https://www.omnicalculator.com/physics/frequency-converter
physics	frequency-of-light	https://www.omnicalculator.com/physics/frequency-of-light
physics	frequency-to-wavelength	https://www.omnicalculator.com/physics/frequency-to-wavelength
physics	fresnel-zone	https://www.omnicalculator.com/physics/fresnel-zone
physics	friction	https://www.omnicalculator.com/physics/friction
physics	friction-coefficient	https://www.omnicalculator.com/physics/friction-coefficient
physics	friction-factor	https://www.omnicalculator.com/physics/friction-factor
physics	friction-force	https://www.omnicalculator.com/physics/friction-force
physics	friction-loss	https://www.omnicalculator.com/physics/friction-loss
physics	froude-number	https://www.omnicalculator.com/physics/froude-number
physics	fulcrum	https://www.omnicalculator.com/physics/fulcrum
physics	g-force	https://www.omnicalculator.com/physics/g-force
physics	gas-density	https://www.omnicalculator.com/physics/gas-density
physics	gauss-law	https://www.omnicalculator.com/physics/gauss-law
physics	gay-lussacs-law	https://www.omnicalculator.com/physics/gay-lussacs-law
physics	gear-ratio	https://www.omnicalculator.com/physics/gear-ratio
physics	gear-ratio-rpm	https://www.omnicalculator.com/physics/gear-ratio-rpm
physics	gear-ratio-speed	https://www.omnicalculator.com/physics/gear-ratio-speed
physics	generator-power	https://www.omnicalculator.com/physics/generator-power
physics	gold-weight	https://www.omnicalculator.com/physics/gold-weight
physics	grams-cc	https://www.omnicalculator.com/physics/grams-cc
physics	gravitational-force	https://www.omnicalculator.com/physics/gravitational-force
physics	gravitational-time-dilation	https://www.omnicalculator.com/physics/gravitational-time-dilation
physics	ground-speed	https://www.omnicalculator.com/physics/ground-speed
physics	hair-diffraction	https://www.omnicalculator.com/physics/hair-diffraction
physics	hall-coefficient	https://www.omnicalculator.com/physics/hall-coefficient
physics	harmonic-wave-equation	https://www.omnicalculator.com/physics/harmonic-wave-equation
physics	heat-capacity	https://www.omnicalculator.com/physics/heat-capacity
physics	heat-index	https://www.omnicalculator.com/physics/heat-index
physics	heat-transfer	https://www.omnicalculator.com/physics/heat-transfer
physics	heat-transfer-coefficient	https://www.omnicalculator.com/physics/heat-transfer-coefficient
physics	heisenberg-uncertainty	https://www.omnicalculator.com/physics/heisenberg-uncertainty
physics	helical-coil	https://www.omnicalculator.com/physics/helical-coil
physics	helmholtz-resonator	https://www.omnicalculator.com/physics/helmholtz-resonator
physics	high-pass-filter	https://www.omnicalculator.com/physics/high-pass-filter
physics	hohmann-transfer	https://www.omnicalculator.com/physics/hohmann-transfer
physics	hookes-law	https://www.omnicalculator.com/physics/hookes-law
physics	hoop-stress	https://www.omnicalculator.com/physics/hoop-stress
physics	horizontal-projectile-motion	https://www.omnicalculator.com/physics/horizontal-projectile-motion
physics	hp-to-amps	https://www.omnicalculator.com/physics/hp-to-amps
physics	hubbles-law	https://www.omnicalculator.com/physics/hubbles-law
physics	hydraulic-conductivity	https://www.omnicalculator.com/physics/hydraulic-conductivity
physics	hydraulic-gradient	https://www.omnicalculator.com/physics/hydraulic-gradient
physics	hydraulic-jump	https://www.omnicalculator.com/physics/hydraulic-jump
physics	hydraulic-pressure	https://www.omnicalculator.com/physics/hydraulic-pressure
physics	hydraulic-radius	https://www.omnicalculator.com/physics/hydraulic-radius
physics	hydrogen-like-atom	https://www.omnicalculator.com/physics/hydrogen-like-atom
physics	hydrostatic-pressure	https://www.omnicalculator.com/physics/hydrostatic-pressure
physics	ideal-gas-density	https://www.omnicalculator.com/physics/ideal-gas-density
physics	ideal-gas-law	https://www.omnicalculator.com/physics/ideal-gas-law
physics	ideal-gas-pressure	https://www.omnicalculator.com/physics/ideal-gas-pressure
physics	ideal-gas-temperature	https://www.omnicalculator.com/physics/ideal-gas-temperature
physics	ideal-gas-volume	https://www.omnicalculator.com/physics/ideal-gas-volume
physics	ideal-rocket-equation	https://www.omnicalculator.com/physics/ideal-rocket-equation
physics	ideal-transformer	https://www.omnicalculator.com/physics/ideal-transformer
physics	immersed-weight	https://www.omnicalculator.com/physics/immersed-weight
physics	impact-energy	https://www.omnicalculator.com/physics/impact-energy
physics	impact-test	https://www.omnicalculator.com/physics/impact-test
physics	impulse-and-momentum	https://www.omnicalculator.com/physics/impulse-and-momentum
physics	inclined-plane	https://www.omnicalculator.com/physics/inclined-plane
physics	index-of-refraction	https://www.omnicalculator.com/physics/index-of-refraction
physics	inductive-reactance	https://www.omnicalculator.com/physics/inductive-reactance
physics	inductor-energy	https://www.omnicalculator.com/physics/inductor-energy
physics	insertion-loss	https://www.omnicalculator.com/physics/insertion-loss
physics	internal-resistance	https://www.omnicalculator.com/physics/internal-resistance
physics	intrinsic-carrier-concentration	https://www.omnicalculator.com/physics/intrinsic-carrier-concentration
physics	inverse-square-law	https://www.omnicalculator.com/physics/inverse-square-law
physics	inverting-buck-boost-converter	https://www.omnicalculator.com/physics/inverting-buck-boost-converter
physics	isentropic-flow	https://www.omnicalculator.com/physics/isentropic-flow
physics	j-pole-antenna	https://www.omnicalculator.com/physics/j-pole-antenna
physics	joule-heating	https://www.omnicalculator.com/physics/joule-heating
physics	kepler-third-law	https://www.omnicalculator.com/physics/kepler-third-law
physics	kg-to-newtons	https://www.omnicalculator.com/physics/kg-to-newtons
physics	kinematic-viscosity-of-air	https://www.omnicalculator.com/physics/kinematic-viscosity-of-air
physics	kinetic-energy	https://www.omnicalculator.com/physics/kinetic-energy
physics	knudsen-number	https://www.omnicalculator.com/physics/knudsen-number
physics	kva	https://www.omnicalculator.com/physics/kva
physics	kva-to-amperage	https://www.omnicalculator.com/physics/kva-to-amperage
physics	laser-beam-divergence	https://www.omnicalculator.com/physics/laser-beam-divergence
physics	laser-beam-expander	https://www.omnicalculator.com/physics/laser-beam-expander
physics	laser-brightness	https://www.omnicalculator.com/physics/laser-brightness
physics	laser-linewidth	https://www.omnicalculator.com/physics/laser-linewidth
physics	laser-spot-size	https://www.omnicalculator.com/physics/laser-spot-size
physics	latent-heat	https://www.omnicalculator.com/physics/latent-heat
physics	lc-filter	https://www.omnicalculator.com/physics/lc-filter
physics	led	https://www.omnicalculator.com/physics/led
physics	length-contraction	https://www.omnicalculator.com/physics/length-contraction
physics	lensmakers-equation	https://www.omnicalculator.com/physics/lensmakers-equation
physics	lever	https://www.omnicalculator.com/physics/lever
physics	lift-coefficient	https://www.omnicalculator.com/physics/lift-coefficient
physics	light-year	https://www.omnicalculator.com/physics/light-year
physics	lightning-distance	https://www.omnicalculator.com/physics/lightning-distance
physics	linear-actuator-force	https://www.omnicalculator.com/physics/linear-actuator-force
physics	lmtd	https://www.omnicalculator.com/physics/lmtd
physics	lorentz-force	https://www.omnicalculator.com/physics/lorentz-force
physics	low-pass-filter	https://www.omnicalculator.com/physics/low-pass-filter
physics	lumen	https://www.omnicalculator.com/physics/lumen
physics	luminosity	https://www.omnicalculator.com/physics/luminosity
physics	lux-to-footcandle	https://www.omnicalculator.com/physics/lux-to-footcandle
physics	mach-number	https://www.omnicalculator.com/physics/mach-number
physics	magnetic-declination	https://www.omnicalculator.com/physics/magnetic-declination
physics	magnetic-dipole-moment	https://www.omnicalculator.com/physics/magnetic-dipole-moment
physics	magnetic-field-of-straight-current-carrying-wire	https://www.omnicalculator.com/physics/magnetic-field-of-straight-current-carrying-wire
physics	magnetic-force-between-wires	https://www.omnicalculator.com/physics/magnetic-force-between-wires
physics	magnetic-force-on-current-carrying-wire	https://www.omnicalculator.com/physics/magnetic-force-on-current-carrying-wire
physics	magnetic-moment	https://www.omnicalculator.com/physics/magnetic-moment
physics	magnetic-permeability	https://www.omnicalculator.com/physics/magnetic-permeability
physics	magnitude-of-acceleration	https://www.omnicalculator.com/physics/magnitude-of-acceleration
physics	magnus-force	https://www.omnicalculator.com/physics/magnus-force
physics	malus-law	https://www.omnicalculator.com/physics/malus-law
physics	manometer	https://www.omnicalculator.com/physics/manometer
physics	mass-moment-of-inertia	https://www.omnicalculator.com/physics/mass-moment-of-inertia
physics	mass-to-density	https://www.omnicalculator.com/physics/mass-to-density
physics	maximum-height-projectile-motion	https://www.omnicalculator.com/physics/maximum-height-projectile-motion
physics	mean-free-path	https://www.omnicalculator.com/physics/mean-free-path
physics	mechanical-advantage	https://www.omnicalculator.com/physics/mechanical-advantage
physics	mirror-equation	https://www.omnicalculator.com/physics/mirror-equation
physics	mixed-air	https://www.omnicalculator.com/physics/mixed-air
physics	mixed-air-temperature	https://www.omnicalculator.com/physics/mixed-air-temperature
physics	mixing-ratio-of-air	https://www.omnicalculator.com/physics/mixing-ratio-of-air
physics	moa	https://www.omnicalculator.com/physics/moa
physics	modulation	https://www.omnicalculator.com/physics/modulation
physics	mohr-circle	https://www.omnicalculator.com/physics/mohr-circle
physics	moisture-content	https://www.omnicalculator.com/physics/moisture-content
physics	momentum	https://www.omnicalculator.com/physics/momentum
physics	mosfet	https://www.omnicalculator.com/physics/mosfet
physics	mosfet-threshold-voltage	https://www.omnicalculator.com/physics/mosfet-threshold-voltage
physics	motor-capacitor-size	https://www.omnicalculator.com/physics/motor-capacitor-size
physics	muzzle-velocity	https://www.omnicalculator.com/physics/muzzle-velocity
physics	natural-frequency	https://www.omnicalculator.com/physics/natural-frequency
physics	ne555-astable	https://www.omnicalculator.com/physics/ne555-astable
physics	newtons-law-of-cooling	https://www.omnicalculator.com/physics/newtons-law-of-cooling
physics	newtons-second-law	https://www.omnicalculator.com/physics/newtons-second-law
physics	newtons-third-law	https://www.omnicalculator.com/physics/newtons-third-law
physics	noise-figure	https://www.omnicalculator.com/physics/noise-figure
physics	normal-force	https://www.omnicalculator.com/physics/normal-force
physics	npsh-net-positive-suction-head	https://www.omnicalculator.com/physics/npsh-net-positive-suction-head
physics	number-density	https://www.omnicalculator.com/physics/number-density
physics	nusselt-number	https://www.omnicalculator.com/physics/nusselt-number
physics	oblique-shock	https://www.omnicalculator.com/physics/oblique-shock
physics	ohms-law	https://www.omnicalculator.com/physics/ohms-law
physics	ohms-law-current	https://www.omnicalculator.com/physics/ohms-law-current
physics	ohms-law-power	https://www.omnicalculator.com/physics/ohms-law-power
physics	ohms-law-resistance	https://www.omnicalculator.com/physics/ohms-law-resistance
physics	olbers-paradox	https://www.omnicalculator.com/physics/olbers-paradox
physics	open-channel-flow	https://www.omnicalculator.com/physics/open-channel-flow
physics	optical-density	https://www.omnicalculator.com/physics/optical-density
physics	orbital-period	https://www.omnicalculator.com/physics/orbital-period
physics	orbital-velocity	https://www.omnicalculator.com/physics/orbital-velocity
physics	orifice-flow	https://www.omnicalculator.com/physics/orifice-flow
physics	parallax	https://www.omnicalculator.com/physics/parallax
physics	parallel-capacitor	https://www.omnicalculator.com/physics/parallel-capacitor
physics	parallel-inductors	https://www.omnicalculator.com/physics/parallel-inductors
physics	parallel-resistor	https://www.omnicalculator.com/physics/parallel-resistor
physics	particles-velocity	https://www.omnicalculator.com/physics/particles-velocity
physics	pde-sipm	https://www.omnicalculator.com/physics/pde-sipm
physics	pendulum-frequency	https://www.omnicalculator.com/physics/pendulum-frequency
physics	pendulum-kinectic-energy	https://www.omnicalculator.com/physics/pendulum-kinectic-energy
physics	pendulum-period	https://www.omnicalculator.com/physics/pendulum-period
physics	performance-coefficient	https://www.omnicalculator.com/physics/performance-coefficient
physics	photoelectric-effect	https://www.omnicalculator.com/physics/photoelectric-effect
physics	photon-energy	https://www.omnicalculator.com/physics/photon-energy
physics	physical-pendulum	https://www.omnicalculator.com/physics/physical-pendulum
physics	pipe-flow	https://www.omnicalculator.com/physics/pipe-flow
physics	pipe-velocity	https://www.omnicalculator.com/physics/pipe-velocity
physics	piston-force	https://www.omnicalculator.com/physics/piston-force
physics	piston-speed	https://www.omnicalculator.com/physics/piston-speed
physics	pneumatic-cylinder-force	https://www.omnicalculator.com/physics/pneumatic-cylinder-force
physics	poise-stokes-converter	https://www.omnicalculator.com/physics/poise-stokes-converter
physics	poiseuilles-law	https://www.omnicalculator.com/physics/poiseuilles-law
physics	poissons-ratio	https://www.omnicalculator.com/physics/poissons-ratio
physics	polar-moment	https://www.omnicalculator.com/physics/polar-moment
physics	porosity-and-permeability	https://www.omnicalculator.com/physics/porosity-and-permeability
physics	potential-energy	https://www.omnicalculator.com/physics/potential-energy
physics	pounds-per-minute	https://www.omnicalculator.com/physics/pounds-per-minute
physics	pounds-per-square-inch	https://www.omnicalculator.com/physics/pounds-per-square-inch
physics	power-dissipation	https://www.omnicalculator.com/physics/power-dissipation
physics	power-factor	https://www.omnicalculator.com/physics/power-factor
physics	power-to-weight-ratio	https://www.omnicalculator.com/physics/power-to-weight-ratio
physics	prandtl-meyer-expansion	https://www.omnicalculator.com/physics/prandtl-meyer-expansion
physics	prandtl-number	https://www.omnicalculator.com/physics/prandtl-number
physics	pressure	https://www.omnicalculator.com/physics/pressure
physics	principal-stress	https://www.omnicalculator.com/physics/principal-stress
physics	projectile-motion	https://www.omnicalculator.com/physics/projectile-motion
physics	projectile-motion-experiment	https://www.omnicalculator.com/physics/projectile-motion-experiment
physics	prop-pitch	https://www.omnicalculator.com/physics/prop-pitch
physics	prop-slip	https://www.omnicalculator.com/physics/prop-slip
physics	psychrometric	https://www.omnicalculator.com/physics/psychrometric
physics	pulley	https://www.omnicalculator.com/physics/pulley
physics	pump-horsepower	https://www.omnicalculator.com/physics/pump-horsepower
physics	quantum-number	https://www.omnicalculator.com/physics/quantum-number
physics	quarter-mile	https://www.omnicalculator.com/physics/quarter-mile
physics	radar-horizon	https://www.omnicalculator.com/physics/radar-horizon
physics	radiation-pressure	https://www.omnicalculator.com/physics/radiation-pressure
physics	range-projectile-motion	https://www.omnicalculator.com/physics/range-projectile-motion
physics	rc-circuit	https://www.omnicalculator.com/physics/rc-circuit
physics	rc-filter	https://www.omnicalculator.com/physics/rc-filter
physics	reaction-time	https://www.omnicalculator.com/physics/reaction-time
physics	recoil-energy	https://www.omnicalculator.com/physics/recoil-energy
physics	redshift	https://www.omnicalculator.com/physics/redshift
physics	reduced-mass	https://www.omnicalculator.com/physics/reduced-mass
physics	refrigerant-capillary-tube	https://www.omnicalculator.com/physics/refrigerant-capillary-tube
physics	relative-humidity	https://www.omnicalculator.com/physics/relative-humidity
physics	relativistic-ke	https://www.omnicalculator.com/physics/relativistic-ke
physics	resistor-color-code	https://www.omnicalculator.com/physics/resistor-color-code
physics	resistor-noise	https://www.omnicalculator.com/physics/resistor-noise
physics	resistor-voltage-drop	https://www.omnicalculator.com/physics/resistor-voltage-drop
physics	resistor-wattage	https://www.omnicalculator.com/physics/resistor-wattage
physics	resonant-frequency-lc	https://www.omnicalculator.com/physics/resonant-frequency-lc
physics	resultant-force	https://www.omnicalculator.com/physics/resultant-force
physics	resultant-velocity	https://www.omnicalculator.com/physics/resultant-velocity
physics	reverberation-time	https://www.omnicalculator.com/physics/reverberation-time
physics	reynolds-number	https://www.omnicalculator.com/physics/reynolds-number
physics	rlc-circuit	https://www.omnicalculator.com/physics/rlc-circuit
physics	rlc-impedance	https://www.omnicalculator.com/physics/rlc-impedance
physics	rms-speed	https://www.omnicalculator.com/physics/rms-speed
physics	rms-voltage	https://www.omnicalculator.com/physics/rms-voltage
physics	rocket-thrust	https://www.omnicalculator.com/physics/rocket-thrust
physics	rockwell-hardness-conversion	https://www.omnicalculator.com/physics/rockwell-hardness-conversion
physics	rolling-resistance	https://www.omnicalculator.com/physics/rolling-resistance
physics	root-mean-square-velocity	https://www.omnicalculator.com/physics/root-mean-square-velocity
physics	rotational-kinetic-energy	https://www.omnicalculator.com/physics/rotational-kinetic-energy
physics	rotational-stiffness	https://www.omnicalculator.com/physics/rotational-stiffness
physics	rydberg-equation	https://www.omnicalculator.com/physics/rydberg-equation
physics	scfm	https://www.omnicalculator.com/physics/scfm
physics	schwarzschild-radius	https://www.omnicalculator.com/physics/schwarzschild-radius
physics	section-modulus	https://www.omnicalculator.com/physics/section-modulus
physics	sensible-heat	https://www.omnicalculator.com/physics/sensible-heat
physics	series-inductors	https://www.omnicalculator.com/physics/series-inductors
physics	series-resistor	https://www.omnicalculator.com/physics/series-resistor
physics	shaft-size	https://www.omnicalculator.com/physics/shaft-size
physics	shear-modulus	https://www.omnicalculator.com/physics/shear-modulus
physics	shear-strain	https://www.omnicalculator.com/physics/shear-strain
physics	shear-stress	https://www.omnicalculator.com/physics/shear-stress
physics	shear-wave-velocity	https://www.omnicalculator.com/physics/shear-wave-velocity
physics	shockley-diode	https://www.omnicalculator.com/physics/shockley-diode
physics	signal-to-noise-ratio	https://www.omnicalculator.com/physics/signal-to-noise-ratio
physics	simple-harmonic-motion	https://www.omnicalculator.com/physics/simple-harmonic-motion
physics	simple-pendulum	https://www.omnicalculator.com/physics/simple-pendulum
physics	skin-depth	https://www.omnicalculator.com/physics/skin-depth
physics	sled	https://www.omnicalculator.com/physics/sled
physics	slenderness-ratio	https://www.omnicalculator.com/physics/slenderness-ratio
physics	smartphone-projector	https://www.omnicalculator.com/physics/smartphone-projector
physics	snells-law	https://www.omnicalculator.com/physics/snells-law
physics	solenoid-inductance	https://www.omnicalculator.com/physics/solenoid-inductance
physics	solenoid-magnetic-field	https://www.omnicalculator.com/physics/solenoid-magnetic-field
physics	sound-absorption-coefficient	https://www.omnicalculator.com/physics/sound-absorption-coefficient
physics	sound-wavelength	https://www.omnicalculator.com/physics/sound-wavelength
physics	space-travel	https://www.omnicalculator.com/physics/space-travel
physics	specific-gas-constant	https://www.omnicalculator.com/physics/specific-gas-constant
physics	specific-gravity	https://www.omnicalculator.com/physics/specific-gravity
physics	specific-heat	https://www.omnicalculator.com/physics/specific-heat
physics	specific-impulse	https://www.omnicalculator.com/physics/specific-impulse
physics	speed-of-light	https://www.omnicalculator.com/physics/speed-of-light
physics	speed-of-sound	https://www.omnicalculator.com/physics/speed-of-sound
physics	speed-sound-solids	https://www.omnicalculator.com/physics/speed-sound-solids
physics	speeds-and-feeds	https://www.omnicalculator.com/physics/speeds-and-feeds
physics	sphere-density	https://www.omnicalculator.com/physics/sphere-density
physics	spherical-capacitor	https://www.omnicalculator.com/physics/spherical-capacitor
physics	spring	https://www.omnicalculator.com/physics/spring
physics	spring-rate	https://www.omnicalculator.com/physics/spring-rate
physics	spring-rate-converter	https://www.omnicalculator.com/physics/spring-rate-converter
physics	stefan-boltzmann-law	https://www.omnicalculator.com/physics/stefan-boltzmann-law
physics	stiffness-matrix	https://www.omnicalculator.com/physics/stiffness-matrix
physics	stokes-law	https://www.omnicalculator.com/physics/stokes-law
physics	stopping-distance	https://www.omnicalculator.com/physics/stopping-distance
physics	stress	https://www.omnicalculator.com/physics/stress
physics	stress-concentration-factor	https://www.omnicalculator.com/physics/stress-concentration-factor
physics	sun-angle	https://www.omnicalculator.com/physics/sun-angle
physics	sunrise	https://www.omnicalculator.com/physics/sunrise
physics	sunrise-sunset	https://www.omnicalculator.com/physics/sunrise-sunset
physics	sunset	https://www.omnicalculator.com/physics/sunset
physics	surface-tension	https://www.omnicalculator.com/physics/surface-tension
physics	suvat	https://www.omnicalculator.com/physics/suvat
physics	synodic-period	https://www.omnicalculator.com/physics/synodic-period
physics	telescope-field-of-view	https://www.omnicalculator.com/physics/telescope-field-of-view
physics	telescope-magnification	https://www.omnicalculator.com/physics/telescope-magnification
physics	tension	https://www.omnicalculator.com/physics/tension
physics	terminal-velocity	https://www.omnicalculator.com/physics/terminal-velocity
physics	thermal-conductivity	https://www.omnicalculator.com/physics/thermal-conductivity
physics	thermal-diffusivity	https://www.omnicalculator.com/physics/thermal-diffusivity
physics	thermal-efficiency	https://www.omnicalculator.com/physics/thermal-efficiency
physics	thermal-energy	https://www.omnicalculator.com/physics/thermal-energy
physics	thermal-equilibrium	https://www.omnicalculator.com/physics/thermal-equilibrium
physics	thermal-expansion	https://www.omnicalculator.com/physics/thermal-expansion
physics	thermal-resistance	https://www.omnicalculator.com/physics/thermal-resistance
physics	thermal-stress	https://www.omnicalculator.com/physics/thermal-stress
physics	thermodynamic-processes	https://www.omnicalculator.com/physics/thermodynamic-processes
physics	thin-film-optics	https://www.omnicalculator.com/physics/thin-film-optics
physics	thin-lens-equation	https://www.omnicalculator.com/physics/thin-lens-equation
physics	three-phase	https://www.omnicalculator.com/physics/three-phase
physics	thrust-weight	https://www.omnicalculator.com/physics/thrust-weight
physics	time-dilation	https://www.omnicalculator.com/physics/time-dilation
physics	time-of-flight-projectile-motion	https://www.omnicalculator.com/physics/time-of-flight-projectile-motion
physics	tnt-equivalent	https://www.omnicalculator.com/physics/tnt-equivalent
physics	toilet-paper-race-mass-moment-inertia	https://www.omnicalculator.com/physics/toilet-paper-race-mass-moment-inertia
physics	ton-to-kw-converter	https://www.omnicalculator.com/physics/ton-to-kw-converter
physics	torque	https://www.omnicalculator.com/physics/torque
physics	torsional-constant	https://www.omnicalculator.com/physics/torsional-constant
physics	torsional-spring	https://www.omnicalculator.com/physics/torsional-spring
physics	torsional-stiffness	https://www.omnicalculator.com/physics/torsional-stiffness
physics	trajectory-projectile-motion	https://www.omnicalculator.com/physics/trajectory-projectile-motion
physics	transformer-sizing	https://www.omnicalculator.com/physics/transformer-sizing
physics	transistor-biasing	https://www.omnicalculator.com/physics/transistor-biasing
physics	transmission	https://www.omnicalculator.com/physics/transmission
physics	true-airspeed	https://www.omnicalculator.com/physics/true-airspeed
physics	true-strain	https://www.omnicalculator.com/physics/true-strain
physics	twist-rate	https://www.omnicalculator.com/physics/twist-rate
physics	ufo-travel	https://www.omnicalculator.com/physics/ufo-travel
physics	universe-expansion	https://www.omnicalculator.com/physics/universe-expansion
physics	valve-flow-coefficient	https://www.omnicalculator.com/physics/valve-flow-coefficient
physics	van-der-waals-equation	https://www.omnicalculator.com/physics/van-der-waals-equation
physics	velocity	https://www.omnicalculator.com/physics/velocity
physics	velocity-addition	https://www.omnicalculator.com/physics/velocity-addition
physics	vickers-hardness-number	https://www.omnicalculator.com/physics/vickers-hardness-number
physics	virtual-temperature	https://www.omnicalculator.com/physics/virtual-temperature
physics	voltage-divider	https://www.omnicalculator.com/physics/voltage-divider
physics	voltage-drop	https://www.omnicalculator.com/physics/voltage-drop
physics	voltage-regulation	https://www.omnicalculator.com/physics/voltage-regulation
physics	volts-to-electron-volts	https://www.omnicalculator.com/physics/volts-to-electron-volts
physics	volume-to-density	https://www.omnicalculator.com/physics/volume-to-density
physics	volume-to-mass	https://www.omnicalculator.com/physics/volume-to-mass
physics	von-mises-stress	https://www.omnicalculator.com/physics/von-mises-stress
physics	vswr-voltage-standing-wave-ratio	https://www.omnicalculator.com/physics/vswr-voltage-standing-wave-ratio
physics	warp-speed	https://www.omnicalculator.com/physics/warp-speed
physics	water-density	https://www.omnicalculator.com/physics/water-density
physics	water-heating	https://www.omnicalculator.com/physics/water-heating
physics	water-pressure-at-depth	https://www.omnicalculator.com/physics/water-pressure-at-depth
physics	water-viscosity	https://www.omnicalculator.com/physics/water-viscosity
physics	watt	https://www.omnicalculator.com/physics/watt
physics	watt-converter	https://www.omnicalculator.com/physics/watt-converter
physics	watt-hours	https://www.omnicalculator.com/physics/watt-hours
physics	wattage-to-amperage	https://www.omnicalculator.com/physics/wattage-to-amperage
physics	watts-to-amps	https://www.omnicalculator.com/physics/watts-to-amps
physics	watts-to-heat	https://www.omnicalculator.com/physics/watts-to-heat
physics	watts-to-lux	https://www.omnicalculator.com/physics/watts-to-lux
physics	wave-speed	https://www.omnicalculator.com/physics/wave-speed
physics	wave-velocity	https://www.omnicalculator.com/physics/wave-velocity
physics	wavelength	https://www.omnicalculator.com/physics/wavelength
physics	wavelength-to-energy	https://www.omnicalculator.com/physics/wavelength-to-energy
physics	wavelength-to-frequency	https://www.omnicalculator.com/physics/wavelength-to-frequency
physics	wavenumber	https://www.omnicalculator.com/physics/wavenumber
physics	weight-other-planets	https://www.omnicalculator.com/physics/weight-other-planets
physics	wet-bulb	https://www.omnicalculator.com/physics/wet-bulb
physics	wheatstone-bridge	https://www.omnicalculator.com/physics/wheatstone-bridge
physics	wiens-law	https://www.omnicalculator.com/physics/wiens-law
physics	wind-correction-angle	https://www.omnicalculator.com/physics/wind-correction-angle
physics	wind-load	https://www.omnicalculator.com/physics/wind-load
physics	wing-loading	https://www.omnicalculator.com/physics/wing-loading
physics	wire-gauge	https://www.omnicalculator.com/physics/wire-gauge
physics	wire-resistance	https://www.omnicalculator.com/physics/wire-resistance
physics	wire-size	https://www.omnicalculator.com/physics/wire-size
physics	work	https://www.omnicalculator.com/physics/work
physics	work-and-power	https://www.omnicalculator.com/physics/work-and-power
physics	young-modulus	https://www.omnicalculator.com/physics/young-modulus
physics	yplus	https://www.omnicalculator.com/physics/yplus
sports	531-lifting	https://www.omnicalculator.com/sports/531-lifting
sports	5k-pace	https://www.omnicalculator.com/sports/5k-pace
sports	age-graded-running	https://www.omnicalculator.com/sports/age-graded-running
sports	anaerobic-threshold	https://www.omnicalculator.com/sports/anaerobic-threshold
sports	ape-index	https://www.omnicalculator.com/sports/ape-index
sports	average-triathlon-finish-times	https://www.omnicalculator.com/sports/average-triathlon-finish-times
sports	batting-average	https://www.omnicalculator.com/sports/batting-average
sports	batting-strike-rate	https://www.omnicalculator.com/sports/batting-strike-rate
sports	bench-press	https://www.omnicalculator.com/sports/bench-press
sports	bench-press-pyramid	https://www.omnicalculator.com/sports/bench-press-pyramid
sports	bike-cadence	https://www.omnicalculator.com/sports/bike-cadence
sports	bike-cadence-and-speed-calculator	https://www.omnicalculator.com/sports/bike-cadence-and-speed-calculator
sports	bike-gear-calculator	https://www.omnicalculator.com/sports/bike-gear-calculator
sports	bike-pace	https://www.omnicalculator.com/sports/bike-pace
sports	bike-size	https://www.omnicalculator.com/sports/bike-size
sports	bike-speed	https://www.omnicalculator.com/sports/bike-speed
sports	biking-life-gain	https://www.omnicalculator.com/sports/biking-life-gain
sports	bowling-average	https://www.omnicalculator.com/sports/bowling-average
sports	bruce-protocol-mets	https://www.omnicalculator.com/sports/bruce-protocol-mets
sports	burpee-calorie	https://www.omnicalculator.com/sports/burpee-calorie
sports	calories-burned	https://www.omnicalculator.com/sports/calories-burned
sports	calories-burned-biking	https://www.omnicalculator.com/sports/calories-burned-biking
sports	calories-burned-by-heart-rate	https://www.omnicalculator.com/sports/calories-burned-by-heart-rate
sports	calories-burned-standing	https://www.omnicalculator.com/sports/calories-burned-standing
sports	calories-burned-weight-lifting	https://www.omnicalculator.com/sports/calories-burned-weight-lifting
sports	chain-length	https://www.omnicalculator.com/sports/chain-length
sports	cricket-follow-on	https://www.omnicalculator.com/sports/cricket-follow-on
sports	cycling-breakaway	https://www.omnicalculator.com/sports/cycling-breakaway
sports	cycling-hr	https://www.omnicalculator.com/sports/cycling-hr
sports	cycling-wattage	https://www.omnicalculator.com/sports/cycling-wattage
sports	cycling-zones	https://www.omnicalculator.com/sports/cycling-zones
sports	din-ski	https://www.omnicalculator.com/sports/din-ski
sports	diy-sports-drink-calculator	https://www.omnicalculator.com/sports/diy-sports-drink-calculator
sports	duckworth-lewis	https://www.omnicalculator.com/sports/duckworth-lewis
sports	dunk	https://www.omnicalculator.com/sports/dunk
sports	e-bike-range	https://www.omnicalculator.com/sports/e-bike-range
sports	earned-run-average	https://www.omnicalculator.com/sports/earned-run-average
sports	efg	https://www.omnicalculator.com/sports/efg
sports	elliptical-calorie	https://www.omnicalculator.com/sports/elliptical-calorie
sports	elo	https://www.omnicalculator.com/sports/elo
sports	erg	https://www.omnicalculator.com/sports/erg
sports	fat-burning-zone	https://www.omnicalculator.com/sports/fat-burning-zone
sports	fip	https://www.omnicalculator.com/sports/fip
sports	fish-weight	https://www.omnicalculator.com/sports/fish-weight
sports	fishing-reel-line-capacity	https://www.omnicalculator.com/sports/fishing-reel-line-capacity
sports	foc	https://www.omnicalculator.com/sports/foc
sports	fpct	https://www.omnicalculator.com/sports/fpct
sports	gaa	https://www.omnicalculator.com/sports/gaa
sports	game-score	https://www.omnicalculator.com/sports/game-score
sports	goalie-save-percentage	https://www.omnicalculator.com/sports/goalie-save-percentage
sports	half-marathon-pace	https://www.omnicalculator.com/sports/half-marathon-pace
sports	heart-rate	https://www.omnicalculator.com/sports/heart-rate
sports	heart-rate-recovery	https://www.omnicalculator.com/sports/heart-rate-recovery
sports	heart-rate-zone	https://www.omnicalculator.com/sports/heart-rate-zone
sports	heptathlon	https://www.omnicalculator.com/sports/heptathlon
sports	hiking	https://www.omnicalculator.com/sports/hiking
sports	hiking-time	https://www.omnicalculator.com/sports/hiking-time
sports	hull-speed	https://www.omnicalculator.com/sports/hull-speed
sports	human-punch-force	https://www.omnicalculator.com/sports/human-punch-force
sports	icc	https://www.omnicalculator.com/sports/icc
sports	jump-rope-calorie	https://www.omnicalculator.com/sports/jump-rope-calorie
sports	kiteboarding	https://www.omnicalculator.com/sports/kiteboarding
sports	lubricant-cost-to-run	https://www.omnicalculator.com/sports/lubricant-cost-to-run
sports	magic-mile	https://www.omnicalculator.com/sports/magic-mile
sports	magic-number	https://www.omnicalculator.com/sports/magic-number
sports	marathon-pace	https://www.omnicalculator.com/sports/marathon-pace
sports	max-heart-rate	https://www.omnicalculator.com/sports/max-heart-rate
sports	met-minutes-per-week	https://www.omnicalculator.com/sports/met-minutes-per-week
sports	nrr	https://www.omnicalculator.com/sports/nrr
sports	on-base-percentage	https://www.omnicalculator.com/sports/on-base-percentage
sports	on-base-plus-slugging	https://www.omnicalculator.com/sports/on-base-plus-slugging
sports	one-rep-max	https://www.omnicalculator.com/sports/one-rep-max
sports	pace	https://www.omnicalculator.com/sports/pace
sports	passer-rating	https://www.omnicalculator.com/sports/passer-rating
sports	pool-table-room-size	https://www.omnicalculator.com/sports/pool-table-room-size
sports	race-predictor	https://www.omnicalculator.com/sports/race-predictor
sports	race-time-improvement	https://www.omnicalculator.com/sports/race-time-improvement
sports	running-calorie	https://www.omnicalculator.com/sports/running-calorie
sports	running-pace	https://www.omnicalculator.com/sports/running-pace
sports	sauna-calories-burned	https://www.omnicalculator.com/sports/sauna-calories-burned
sports	save-percentage	https://www.omnicalculator.com/sports/save-percentage
sports	scuba-weight	https://www.omnicalculator.com/sports/scuba-weight
sports	ski-size	https://www.omnicalculator.com/sports/ski-size
sports	slugging-percentage	https://www.omnicalculator.com/sports/slugging-percentage
sports	snow-shoveling-calories-burned	https://www.omnicalculator.com/sports/snow-shoveling-calories-burned
sports	splits	https://www.omnicalculator.com/sports/splits
sports	stairs-calorie	https://www.omnicalculator.com/sports/stairs-calorie
sports	steps-to-calories	https://www.omnicalculator.com/sports/steps-to-calories
sports	steps-to-km	https://www.omnicalculator.com/sports/steps-to-km
sports	steps-to-miles	https://www.omnicalculator.com/sports/steps-to-miles
sports	stride-length	https://www.omnicalculator.com/sports/stride-length
sports	swimming-calorie	https://www.omnicalculator.com/sports/swimming-calorie
sports	swimming-time	https://www.omnicalculator.com/sports/swimming-time
sports	target-heart-rate	https://www.omnicalculator.com/sports/target-heart-rate
sports	tennis-balls	https://www.omnicalculator.com/sports/tennis-balls
sports	training-pace	https://www.omnicalculator.com/sports/training-pace
sports	triathlon	https://www.omnicalculator.com/sports/triathlon
sports	triathlon-target-heart-rate	https://www.omnicalculator.com/sports/triathlon-target-heart-rate
sports	triathlon-training	https://www.omnicalculator.com/sports/triathlon-training
sports	ts	https://www.omnicalculator.com/sports/ts
sports	vo2-max	https://www.omnicalculator.com/sports/vo2-max
sports	vo2-max-runners	https://www.omnicalculator.com/sports/vo2-max-runners
sports	walking-calorie	https://www.omnicalculator.com/sports/walking-calorie
sports	war	https://www.omnicalculator.com/sports/war
sports	weight-loss	https://www.omnicalculator.com/sports/weight-loss
sports	whip-baseball	https://www.omnicalculator.com/sports/whip-baseball
sports	wilks	https://www.omnicalculator.com/sports/wilks
sports	windsurfing	https://www.omnicalculator.com/sports/windsurfing
sports	winning-percentage	https://www.omnicalculator.com/sports/winning-percentage
sports	world-cup-calorie	https://www.omnicalculator.com/sports/world-cup-calorie
statistics	10-sided-dice-roller	https://www.omnicalculator.com/statistics/10-sided-dice-roller
statistics	2-dice-roller	https://www.omnicalculator.com/statistics/2-dice-roller
statistics	4-sided-dice-roller	https://www.omnicalculator.com/statistics/4-sided-dice-roller
statistics	5-number-summary	https://www.omnicalculator.com/statistics/5-number-summary
statistics	6-sided-dice-probability	https://www.omnicalculator.com/statistics/6-sided-dice-probability
statistics	6-sided-dice-roller	https://www.omnicalculator.com/statistics/6-sided-dice-roller
statistics	90-confidence-interval	https://www.omnicalculator.com/statistics/90-confidence-interval
statistics	95-confidence-interval	https://www.omnicalculator.com/statistics/95-confidence-interval
statistics	99-confidence-interval	https://www.omnicalculator.com/statistics/99-confidence-interval
statistics	ab-test	https://www.omnicalculator.com/statistics/ab-test
statistics	absolute-uncertainty	https://www.omnicalculator.com/statistics/absolute-uncertainty
statistics	accuracy	https://www.omnicalculator.com/statistics/accuracy
statistics	and-probability	https://www.omnicalculator.com/statistics/and-probability
statistics	anova	https://www.omnicalculator.com/statistics/anova
statistics	ascending-order	https://www.omnicalculator.com/statistics/ascending-order
statistics	bayes-theorem	https://www.omnicalculator.com/statistics/bayes-theorem
statistics	benfords-law	https://www.omnicalculator.com/statistics/benfords-law
statistics	bertrand-box-paradox	https://www.omnicalculator.com/statistics/bertrand-box-paradox
statistics	beta-distribution	https://www.omnicalculator.com/statistics/beta-distribution
statistics	betrand-paradox	https://www.omnicalculator.com/statistics/betrand-paradox
statistics	binomial-distribution	https://www.omnicalculator.com/statistics/binomial-distribution
statistics	birthday-paradox	https://www.omnicalculator.com/statistics/birthday-paradox
statistics	bonferroni-correction	https://www.omnicalculator.com/statistics/bonferroni-correction
statistics	box-plot	https://www.omnicalculator.com/statistics/box-plot
statistics	boy-or-girl-paradox	https://www.omnicalculator.com/statistics/boy-or-girl-paradox
statistics	central-limit-theorem	https://www.omnicalculator.com/statistics/central-limit-theorem
statistics	chebyshevs-theorem	https://www.omnicalculator.com/statistics/chebyshevs-theorem
statistics	chi-square	https://www.omnicalculator.com/statistics/chi-square
statistics	class-width	https://www.omnicalculator.com/statistics/class-width
statistics	coefficient-of-determination	https://www.omnicalculator.com/statistics/coefficient-of-determination
statistics	coefficient-of-variation	https://www.omnicalculator.com/statistics/coefficient-of-variation
statistics	cohens-d	https://www.omnicalculator.com/statistics/cohens-d
statistics	coin-flip-probability	https://www.omnicalculator.com/statistics/coin-flip-probability
statistics	coin-flip-streak	https://www.omnicalculator.com/statistics/coin-flip-streak
statistics	coin-flipper	https://www.omnicalculator.com/statistics/coin-flipper
statistics	combination	https://www.omnicalculator.com/statistics/combination
statistics	combinations-with-repetition	https://www.omnicalculator.com/statistics/combinations-with-repetition
statistics	combinations-without-repetition	https://www.omnicalculator.com/statistics/combinations-without-repetition
statistics	conditional-probability	https://www.omnicalculator.com/statistics/conditional-probability
statistics	confidence-interval	https://www.omnicalculator.com/statistics/confidence-interval
statistics	confusion-matrix	https://www.omnicalculator.com/statistics/confusion-matrix
statistics	constant-of-proportionality	https://www.omnicalculator.com/statistics/constant-of-proportionality
statistics	continuity-correction	https://www.omnicalculator.com/statistics/continuity-correction
statistics	correlation	https://www.omnicalculator.com/statistics/correlation
statistics	covariance	https://www.omnicalculator.com/statistics/covariance
statistics	critical-value	https://www.omnicalculator.com/statistics/critical-value
statistics	cubic-regression	https://www.omnicalculator.com/statistics/cubic-regression
statistics	custom-dice-roller	https://www.omnicalculator.com/statistics/custom-dice-roller
statistics	d100-dice-roller	https://www.omnicalculator.com/statistics/d100-dice-roller
statistics	d20-dice-roller	https://www.omnicalculator.com/statistics/d20-dice-roller
statistics	decile	https://www.omnicalculator.com/statistics/decile
statistics	decimal-odds	https://www.omnicalculator.com/statistics/decimal-odds
statistics	decimal-random-number-generator	https://www.omnicalculator.com/statistics/decimal-random-number-generator
statistics	degrees-of-freedom	https://www.omnicalculator.com/statistics/degrees-of-freedom
statistics	descriptive-statistics	https://www.omnicalculator.com/statistics/descriptive-statistics
statistics	dice	https://www.omnicalculator.com/statistics/dice
statistics	dice-average	https://www.omnicalculator.com/statistics/dice-average
statistics	dice-roller	https://www.omnicalculator.com/statistics/dice-roller
statistics	dispersion	https://www.omnicalculator.com/statistics/dispersion
statistics	dnd-dice-roller	https://www.omnicalculator.com/statistics/dnd-dice-roller
statistics	dot-plot	https://www.omnicalculator.com/statistics/dot-plot
statistics	effect-size	https://www.omnicalculator.com/statistics/effect-size
statistics	empirical-rule	https://www.omnicalculator.com/statistics/empirical-rule
statistics	error-propagation	https://www.omnicalculator.com/statistics/error-propagation
statistics	expected-value	https://www.omnicalculator.com/statistics/expected-value
statistics	exponential-distribution	https://www.omnicalculator.com/statistics/exponential-distribution
statistics	exponential-growth-prediction	https://www.omnicalculator.com/statistics/exponential-growth-prediction
statistics	exponential-regression	https://www.omnicalculator.com/statistics/exponential-regression
statistics	f-statistic	https://www.omnicalculator.com/statistics/f-statistic
statistics	false-positive	https://www.omnicalculator.com/statistics/false-positive
statistics	false-positive-paradox	https://www.omnicalculator.com/statistics/false-positive-paradox
statistics	first-quartile	https://www.omnicalculator.com/statistics/first-quartile
statistics	fishers-exact-test	https://www.omnicalculator.com/statistics/fishers-exact-test
statistics	five-star-rating	https://www.omnicalculator.com/statistics/five-star-rating
statistics	fractional-odds	https://www.omnicalculator.com/statistics/fractional-odds
statistics	frequency-distribution	https://www.omnicalculator.com/statistics/frequency-distribution
statistics	frequency-polygon	https://www.omnicalculator.com/statistics/frequency-polygon
statistics	geometric-distribution	https://www.omnicalculator.com/statistics/geometric-distribution
statistics	greatest-to-least	https://www.omnicalculator.com/statistics/greatest-to-least
statistics	grouped-data-standard-deviation	https://www.omnicalculator.com/statistics/grouped-data-standard-deviation
statistics	histogram	https://www.omnicalculator.com/statistics/histogram
statistics	hypergeometric-distribution	https://www.omnicalculator.com/statistics/hypergeometric-distribution
statistics	hypothesis-testing	https://www.omnicalculator.com/statistics/hypothesis-testing
statistics	implied-probability	https://www.omnicalculator.com/statistics/implied-probability
statistics	index-of-qualitative-variation	https://www.omnicalculator.com/statistics/index-of-qualitative-variation
statistics	inverse-normal-distribution	https://www.omnicalculator.com/statistics/inverse-normal-distribution
statistics	iqr	https://www.omnicalculator.com/statistics/iqr
statistics	joint-probability	https://www.omnicalculator.com/statistics/joint-probability
statistics	least-to-greatest	https://www.omnicalculator.com/statistics/least-to-greatest
statistics	least-to-greatest-decimals	https://www.omnicalculator.com/statistics/least-to-greatest-decimals
statistics	linear-regression	https://www.omnicalculator.com/statistics/linear-regression
statistics	lognormal-distribution	https://www.omnicalculator.com/statistics/lognormal-distribution
statistics	lottery	https://www.omnicalculator.com/statistics/lottery
statistics	lower-fence	https://www.omnicalculator.com/statistics/lower-fence
statistics	mad	https://www.omnicalculator.com/statistics/mad
statistics	margin-of-error	https://www.omnicalculator.com/statistics/margin-of-error
statistics	matthews-correlation-coefficient	https://www.omnicalculator.com/statistics/matthews-correlation-coefficient
statistics	mcnemars-test	https://www.omnicalculator.com/statistics/mcnemars-test
statistics	mean-median-mode	https://www.omnicalculator.com/statistics/mean-median-mode
statistics	median	https://www.omnicalculator.com/statistics/median
statistics	median-absolute-deviation	https://www.omnicalculator.com/statistics/median-absolute-deviation
statistics	midrange	https://www.omnicalculator.com/statistics/midrange
statistics	min-max	https://www.omnicalculator.com/statistics/min-max
statistics	mode	https://www.omnicalculator.com/statistics/mode
statistics	moneyline-odds	https://www.omnicalculator.com/statistics/moneyline-odds
statistics	monty-hall-problem	https://www.omnicalculator.com/statistics/monty-hall-problem
statistics	mse	https://www.omnicalculator.com/statistics/mse
statistics	negative-binomial-distribution	https://www.omnicalculator.com/statistics/negative-binomial-distribution
statistics	normal-approximation	https://www.omnicalculator.com/statistics/normal-approximation
statistics	normal-distribution	https://www.omnicalculator.com/statistics/normal-distribution
statistics	normal-probability-sampling-distributions	https://www.omnicalculator.com/statistics/normal-probability-sampling-distributions
statistics	odds	https://www.omnicalculator.com/statistics/odds
statistics	or-probability	https://www.omnicalculator.com/statistics/or-probability
statistics	order-from-least-to-greatest	https://www.omnicalculator.com/statistics/order-from-least-to-greatest
statistics	ordering-decimals	https://www.omnicalculator.com/statistics/ordering-decimals
statistics	ordering-numbers	https://www.omnicalculator.com/statistics/ordering-numbers
statistics	outlier	https://www.omnicalculator.com/statistics/outlier
statistics	p-hat	https://www.omnicalculator.com/statistics/p-hat
statistics	p-value	https://www.omnicalculator.com/statistics/p-value
statistics	parrondo-paradox	https://www.omnicalculator.com/statistics/parrondo-paradox
statistics	password-combination	https://www.omnicalculator.com/statistics/password-combination
statistics	pearson-correlation	https://www.omnicalculator.com/statistics/pearson-correlation
statistics	percentile	https://www.omnicalculator.com/statistics/percentile
statistics	percentile-rank	https://www.omnicalculator.com/statistics/percentile-rank
statistics	permutation	https://www.omnicalculator.com/statistics/permutation
statistics	permutation-with-repetition	https://www.omnicalculator.com/statistics/permutation-with-repetition
statistics	permutation-without-repetition	https://www.omnicalculator.com/statistics/permutation-without-repetition
statistics	pie-chart	https://www.omnicalculator.com/statistics/pie-chart
statistics	pie-chart-angle	https://www.omnicalculator.com/statistics/pie-chart-angle
statistics	pie-chart-percentage	https://www.omnicalculator.com/statistics/pie-chart-percentage
statistics	point-estimate	https://www.omnicalculator.com/statistics/point-estimate
statistics	poisson-distribution	https://www.omnicalculator.com/statistics/poisson-distribution
statistics	polynomial-regression	https://www.omnicalculator.com/statistics/polynomial-regression
statistics	pooled-standard-deviation	https://www.omnicalculator.com/statistics/pooled-standard-deviation
statistics	population-variance	https://www.omnicalculator.com/statistics/population-variance
statistics	possible-combinations	https://www.omnicalculator.com/statistics/possible-combinations
statistics	post-test-probability	https://www.omnicalculator.com/statistics/post-test-probability
statistics	power-analysis	https://www.omnicalculator.com/statistics/power-analysis
statistics	probability	https://www.omnicalculator.com/statistics/probability
statistics	probability-fraction	https://www.omnicalculator.com/statistics/probability-fraction
statistics	probability-three-events	https://www.omnicalculator.com/statistics/probability-three-events
statistics	process-capability-index	https://www.omnicalculator.com/statistics/process-capability-index
statistics	quadratic-regression	https://www.omnicalculator.com/statistics/quadratic-regression
statistics	quartic-regression	https://www.omnicalculator.com/statistics/quartic-regression
statistics	quartile	https://www.omnicalculator.com/statistics/quartile
statistics	random-dice-roller	https://www.omnicalculator.com/statistics/random-dice-roller
statistics	random-number	https://www.omnicalculator.com/statistics/random-number
statistics	range	https://www.omnicalculator.com/statistics/range
statistics	raw-score	https://www.omnicalculator.com/statistics/raw-score
statistics	rayleigh-distribution	https://www.omnicalculator.com/statistics/rayleigh-distribution
statistics	relative-error	https://www.omnicalculator.com/statistics/relative-error
statistics	relative-frequency	https://www.omnicalculator.com/statistics/relative-frequency
statistics	relative-risk	https://www.omnicalculator.com/statistics/relative-risk
statistics	relative-standard-deviation	https://www.omnicalculator.com/statistics/relative-standard-deviation
statistics	residual	https://www.omnicalculator.com/statistics/residual
statistics	risk	https://www.omnicalculator.com/statistics/risk
statistics	roulette-payout	https://www.omnicalculator.com/statistics/roulette-payout
statistics	rse	https://www.omnicalculator.com/statistics/rse
statistics	sample-size	https://www.omnicalculator.com/statistics/sample-size
statistics	sampling-distribution-sample-proportion	https://www.omnicalculator.com/statistics/sampling-distribution-sample-proportion
statistics	sampling-error	https://www.omnicalculator.com/statistics/sampling-error
statistics	sdi	https://www.omnicalculator.com/statistics/sdi
statistics	sensitivity	https://www.omnicalculator.com/statistics/sensitivity
statistics	sensitivity-and-specificity	https://www.omnicalculator.com/statistics/sensitivity-and-specificity
statistics	shannon-entropy	https://www.omnicalculator.com/statistics/shannon-entropy
statistics	simpsons-diversity-index	https://www.omnicalculator.com/statistics/simpsons-diversity-index
statistics	skewness	https://www.omnicalculator.com/statistics/skewness
statistics	smpx	https://www.omnicalculator.com/statistics/smpx
statistics	spearmans-rank-correlation	https://www.omnicalculator.com/statistics/spearmans-rank-correlation
statistics	specificity	https://www.omnicalculator.com/statistics/specificity
statistics	standard-deviation	https://www.omnicalculator.com/statistics/standard-deviation
statistics	standard-deviation-sample-mean	https://www.omnicalculator.com/statistics/standard-deviation-sample-mean
statistics	standard-error	https://www.omnicalculator.com/statistics/standard-error
statistics	stem-and-leaf-plot	https://www.omnicalculator.com/statistics/stem-and-leaf-plot
statistics	sum-of-squares	https://www.omnicalculator.com/statistics/sum-of-squares
statistics	t-statistic	https://www.omnicalculator.com/statistics/t-statistic
statistics	t-test	https://www.omnicalculator.com/statistics/t-test
statistics	third-quartile	https://www.omnicalculator.com/statistics/third-quartile
statistics	two-dice-probability	https://www.omnicalculator.com/statistics/two-dice-probability
statistics	two-envelopes-paradox	https://www.omnicalculator.com/statistics/two-envelopes-paradox
statistics	u-test	https://www.omnicalculator.com/statistics/u-test
statistics	uniform-distribution	https://www.omnicalculator.com/statistics/uniform-distribution
statistics	upper-control-limit	https://www.omnicalculator.com/statistics/upper-control-limit
statistics	upper-fence	https://www.omnicalculator.com/statistics/upper-fence
statistics	upper-lower-fence	https://www.omnicalculator.com/statistics/upper-lower-fence
statistics	variance	https://www.omnicalculator.com/statistics/variance
statistics	venn-diagram	https://www.omnicalculator.com/statistics/venn-diagram
statistics	weibull-distribution	https://www.omnicalculator.com/statistics/weibull-distribution
statistics	wilcoxon-rank-sum-test	https://www.omnicalculator.com/statistics/wilcoxon-rank-sum-test
statistics	youden-index	https://www.omnicalculator.com/statistics/youden-index
statistics	z-score	https://www.omnicalculator.com/statistics/z-score
statistics	z-test	https://www.omnicalculator.com/statistics/z-test
