category	slug	url_en
biology	acres-per-hour-calculator	https://tooldone.com/biology/acres-per-hour-calculator/
biology	allele-frequency-calculator	https://tooldone.com/biology/allele-frequency-calculator/
biology	animal-mortality-rate-calculator	https://tooldone.com/biology/animal-mortality-rate-calculator/
biology	annealing-temperature-calculator	https://tooldone.com/biology/annealing-temperature-calculator/
biology	basal-area-calculator	https://tooldone.com/biology/basal-area-calculator/
biology	benadryl-dosage-calculator-for-dogs	https://tooldone.com/biology/benadryl-dosage-calculator-for-dogs/
biology	bird-age-calculator	https://tooldone.com/biology/bird-age-calculator/
biology	bulb-spacing-calculator	https://tooldone.com/biology/bulb-spacing-calculator/
biology	cat-age-calculator	https://tooldone.com/biology/cat-age-calculator/
biology	cat-benadryl-dosage-calculator	https://tooldone.com/biology/cat-benadryl-dosage-calculator/
biology	cat-bmi-calculator	https://tooldone.com/biology/cat-bmi-calculator/
biology	cat-calorie-calculator	https://tooldone.com/biology/cat-calorie-calculator/
biology	cat-chocolate-toxicity-calculator	https://tooldone.com/biology/cat-chocolate-toxicity-calculator/
biology	cat-pregnancy-calculator	https://tooldone.com/biology/cat-pregnancy-calculator/
biology	cat-quality-of-life-calculator	https://tooldone.com/biology/cat-quality-of-life-calculator/
biology	catculator	https://tooldone.com/biology/catculator/
biology	cattle-per-acre-calculator	https://tooldone.com/biology/cattle-per-acre-calculator/
biology	cell-dilution-calculator	https://tooldone.com/biology/cell-dilution-calculator/
biology	cell-doubling-time-calculator	https://tooldone.com/biology/cell-doubling-time-calculator/
biology	cephalexin-for-cats-dosage-calculator	https://tooldone.com/biology/cephalexin-for-cats-dosage-calculator/
biology	cephalexin-for-dogs-dosage-calculator	https://tooldone.com/biology/cephalexin-for-dogs-dosage-calculator/
biology	co2-grow-room-calculator	https://tooldone.com/biology/co2-grow-room-calculator/
biology	corn-yield-calculator	https://tooldone.com/biology/corn-yield-calculator/
biology	cost-of-owning-a-dog-calculator	https://tooldone.com/biology/cost-of-owning-a-dog-calculator/
biology	cow-gestation-calculator	https://tooldone.com/biology/cow-gestation-calculator/
biology	crickets-chirping-thermometer	https://tooldone.com/biology/crickets-chirping-thermometer/
biology	daily-light-integral-calculator	https://tooldone.com/biology/daily-light-integral-calculator/
biology	dihybrid-cross-calculator-punnett-square	https://tooldone.com/biology/dihybrid-cross-calculator-punnett-square/
biology	dna-concentration-calculator	https://tooldone.com/biology/dna-concentration-calculator/
biology	dna-copy-number-calculator	https://tooldone.com/biology/dna-copy-number-calculator/
biology	dog-age-calculator	https://tooldone.com/biology/dog-age-calculator/
biology	dog-bmi-calculator	https://tooldone.com/biology/dog-bmi-calculator/
biology	dog-chocolate-toxicity-calculator	https://tooldone.com/biology/dog-chocolate-toxicity-calculator/
biology	dog-crate-size-calculator	https://tooldone.com/biology/dog-crate-size-calculator/
biology	dog-food-calculator	https://tooldone.com/biology/dog-food-calculator/
biology	dog-harness-size-calculator	https://tooldone.com/biology/dog-harness-size-calculator/
biology	dog-heat-cycle-calculator	https://tooldone.com/biology/dog-heat-cycle-calculator/
biology	dog-life-expectancy-calculator	https://tooldone.com/biology/dog-life-expectancy-calculator/
biology	dog-nutrition-calculator	https://tooldone.com/biology/dog-nutrition-calculator/
biology	dog-onion-toxicity-calculator	https://tooldone.com/biology/dog-onion-toxicity-calculator/
biology	dog-pregnancy-calculator	https://tooldone.com/biology/dog-pregnancy-calculator/
biology	dog-quality-of-life-calculator	https://tooldone.com/biology/dog-quality-of-life-calculator/
biology	dog-raisin-toxicity-calculator	https://tooldone.com/biology/dog-raisin-toxicity-calculator/
biology	dog-size-calculator	https://tooldone.com/biology/dog-size-calculator/
biology	dog-water-intake-calculator	https://tooldone.com/biology/dog-water-intake-calculator/
biology	dry-matter-calculator	https://tooldone.com/biology/dry-matter-calculator/
biology	feed-conversion-ratio-calculator	https://tooldone.com/biology/feed-conversion-ratio-calculator/
biology	fertilizer-calculator	https://tooldone.com/biology/fertilizer-calculator/
biology	fish-oil-dosage-calculator-for-cats	https://tooldone.com/biology/fish-oil-dosage-calculator-for-cats/
biology	gdu-calculator-growing-degree-units	https://tooldone.com/biology/gdu-calculator-growing-degree-units/
biology	generation-time-calculator	https://tooldone.com/biology/generation-time-calculator/
biology	goat-gestation-calculator	https://tooldone.com/biology/goat-gestation-calculator/
biology	grain-bin-calculator	https://tooldone.com/biology/grain-bin-calculator/
biology	grain-conversion-calculator	https://tooldone.com/biology/grain-conversion-calculator/
biology	grass-seed-calculator	https://tooldone.com/biology/grass-seed-calculator/
biology	guinea-pig-pregnancy-calculator	https://tooldone.com/biology/guinea-pig-pregnancy-calculator/
biology	hamster-age-calculator	https://tooldone.com/biology/hamster-age-calculator/
biology	horse-weight-calculator	https://tooldone.com/biology/horse-weight-calculator/
biology	how-big-will-my-cat-get-calculator	https://tooldone.com/biology/how-big-will-my-cat-get-calculator/
biology	lawn-mowing-cost-calculator	https://tooldone.com/biology/lawn-mowing-cost-calculator/
biology	ligation-calculator	https://tooldone.com/biology/ligation-calculator/
biology	livestock-fence-cost-calculator	https://tooldone.com/biology/livestock-fence-cost-calculator/
biology	llama-calculator	https://tooldone.com/biology/llama-calculator/
biology	log-reduction-calculator	https://tooldone.com/biology/log-reduction-calculator/
biology	mare-gestation-calculator-horse-gestation	https://tooldone.com/biology/mare-gestation-calculator-horse-gestation/
biology	metacam-dosage-calculator-for-cats	https://tooldone.com/biology/metacam-dosage-calculator-for-cats/
biology	metacam-dosage-calculator-for-dogs	https://tooldone.com/biology/metacam-dosage-calculator-for-dogs/
biology	mlvss-calculator	https://tooldone.com/biology/mlvss-calculator/
biology	mulch-calculator	https://tooldone.com/biology/mulch-calculator/
biology	omega-3-for-dogs-calculator	https://tooldone.com/biology/omega-3-for-dogs-calculator/
biology	pet-sitter-rates-calculator	https://tooldone.com/biology/pet-sitter-rates-calculator/
biology	plant-population-calculator	https://tooldone.com/biology/plant-population-calculator/
biology	plant-spacing-calculator	https://tooldone.com/biology/plant-spacing-calculator/
biology	potting-soil-calculator	https://tooldone.com/biology/potting-soil-calculator/
biology	protein-concentration-calculator	https://tooldone.com/biology/protein-concentration-calculator/
biology	protein-molecular-weight-calculator	https://tooldone.com/biology/protein-molecular-weight-calculator/
biology	punnett-square-calculator	https://tooldone.com/biology/punnett-square-calculator/
biology	qpcr-efficiency-calculator	https://tooldone.com/biology/qpcr-efficiency-calculator/
biology	rabbit-cage-size-calculator	https://tooldone.com/biology/rabbit-cage-size-calculator/
biology	rabbit-color-calculator	https://tooldone.com/biology/rabbit-color-calculator/
biology	rabbit-gestation-calculator	https://tooldone.com/biology/rabbit-gestation-calculator/
biology	rat-cage-calculator	https://tooldone.com/biology/rat-cage-calculator/
biology	raw-dog-food-calculator	https://tooldone.com/biology/raw-dog-food-calculator/
biology	sheep-gestation-calculator	https://tooldone.com/biology/sheep-gestation-calculator/
biology	sod-calculator	https://tooldone.com/biology/sod-calculator/
biology	soil-calculator	https://tooldone.com/biology/soil-calculator/
biology	swine-gestation-calculator	https://tooldone.com/biology/swine-gestation-calculator/
biology	tramadol-for-dogs-calculator	https://tooldone.com/biology/tramadol-for-dogs-calculator/
biology	tree-age-calculator	https://tooldone.com/biology/tree-age-calculator/
biology	tree-diameter-calculator	https://tooldone.com/biology/tree-diameter-calculator/
biology	tree-height-calculator	https://tooldone.com/biology/tree-height-calculator/
biology	tree-leaves-calculator	https://tooldone.com/biology/tree-leaves-calculator/
biology	tree-spacing-calculator	https://tooldone.com/biology/tree-spacing-calculator/
biology	tree-value-calculator	https://tooldone.com/biology/tree-value-calculator/
biology	trihybrid-cross-calculator-punnett-square	https://tooldone.com/biology/trihybrid-cross-calculator-punnett-square/
biology	turtle-tank-size-calculator	https://tooldone.com/biology/turtle-tank-size-calculator/
biology	vegetable-seed-calculator	https://tooldone.com/biology/vegetable-seed-calculator/
biology	vegetable-yield-calculator	https://tooldone.com/biology/vegetable-yield-calculator/
biology	vpd-calculator-chart-vapor-pressure-deficit	https://tooldone.com/biology/vpd-calculator-chart-vapor-pressure-deficit/
biology	wastewater-calculator	https://tooldone.com/biology/wastewater-calculator/
biology	water-potential-calculator	https://tooldone.com/biology/water-potential-calculator/
biology	water-soluble-fertilizer-calculator	https://tooldone.com/biology/water-soluble-fertilizer-calculator/
chemistry	activity-coefficient-calculator	https://tooldone.com/chemistry/activity-coefficient-calculator/
chemistry	actual-yield-calculator	https://tooldone.com/chemistry/actual-yield-calculator/
chemistry	afr-calculator	https://tooldone.com/chemistry/afr-calculator/
chemistry	alligation-calculator	https://tooldone.com/chemistry/alligation-calculator/
chemistry	arrhenius-equation-calculator	https://tooldone.com/chemistry/arrhenius-equation-calculator/
chemistry	atom-calculator	https://tooldone.com/chemistry/atom-calculator/
chemistry	atom-economy-calculator	https://tooldone.com/chemistry/atom-economy-calculator/
chemistry	atomic-mass-calculator	https://tooldone.com/chemistry/atomic-mass-calculator/
chemistry	average-atomic-mass-calculator	https://tooldone.com/chemistry/average-atomic-mass-calculator/
chemistry	avogadros-number-calculator	https://tooldone.com/chemistry/avogadros-number-calculator/
chemistry	beer-lambert-law-calculator	https://tooldone.com/chemistry/beer-lambert-law-calculator/
chemistry	bleach-dilution-calculator	https://tooldone.com/chemistry/bleach-dilution-calculator/
chemistry	boiling-point-at-altitude-calculator	https://tooldone.com/chemistry/boiling-point-at-altitude-calculator/
chemistry	boiling-point-calculator	https://tooldone.com/chemistry/boiling-point-calculator/
chemistry	boiling-point-elevation-calculator	https://tooldone.com/chemistry/boiling-point-elevation-calculator/
chemistry	bond-order-calculator	https://tooldone.com/chemistry/bond-order-calculator/
chemistry	buffer-capacity-calculator	https://tooldone.com/chemistry/buffer-capacity-calculator/
chemistry	buffer-ph-calculator	https://tooldone.com/chemistry/buffer-ph-calculator/
chemistry	calibration-curve-calculator	https://tooldone.com/chemistry/calibration-curve-calculator/
chemistry	cell-emf-calculator	https://tooldone.com/chemistry/cell-emf-calculator/
chemistry	chemical-name-calculator	https://tooldone.com/chemistry/chemical-name-calculator/
chemistry	chemical-oxygen-demand-calculator	https://tooldone.com/chemistry/chemical-oxygen-demand-calculator/
chemistry	combustion-analysis-calculator	https://tooldone.com/chemistry/combustion-analysis-calculator/
chemistry	combustion-reaction-calculator	https://tooldone.com/chemistry/combustion-reaction-calculator/
chemistry	concentration-calculator	https://tooldone.com/chemistry/concentration-calculator/
chemistry	crude-protein-calculator	https://tooldone.com/chemistry/crude-protein-calculator/
chemistry	cubic-cell-calculator	https://tooldone.com/chemistry/cubic-cell-calculator/
chemistry	degree-of-unsaturation-calculator	https://tooldone.com/chemistry/degree-of-unsaturation-calculator/
chemistry	detention-time-calculator	https://tooldone.com/chemistry/detention-time-calculator/
chemistry	diffusion-coefficient-calculator	https://tooldone.com/chemistry/diffusion-coefficient-calculator/
chemistry	dilution-factor-calculator	https://tooldone.com/chemistry/dilution-factor-calculator/
chemistry	double-bond-equivalent-calculator	https://tooldone.com/chemistry/double-bond-equivalent-calculator/
chemistry	effective-nuclear-charge-calculator	https://tooldone.com/chemistry/effective-nuclear-charge-calculator/
chemistry	electrolysis-calculator	https://tooldone.com/chemistry/electrolysis-calculator/
chemistry	electron-configuration-calculator	https://tooldone.com/chemistry/electron-configuration-calculator/
chemistry	electronegativity-calculator	https://tooldone.com/chemistry/electronegativity-calculator/
chemistry	entropy-calculator	https://tooldone.com/chemistry/entropy-calculator/
chemistry	enzyme-activity-calculator	https://tooldone.com/chemistry/enzyme-activity-calculator/
chemistry	equilibrium-constant-calculator	https://tooldone.com/chemistry/equilibrium-constant-calculator/
chemistry	freezing-point-depression-calculator	https://tooldone.com/chemistry/freezing-point-depression-calculator/
chemistry	gibbs-free-energy-calculator	https://tooldone.com/chemistry/gibbs-free-energy-calculator/
chemistry	gibbs-phase-rule-calculator	https://tooldone.com/chemistry/gibbs-phase-rule-calculator/
chemistry	grams-to-moles-calculator	https://tooldone.com/chemistry/grams-to-moles-calculator/
chemistry	half-life-calculator	https://tooldone.com/chemistry/half-life-calculator/
chemistry	heat-of-combustion-calculator	https://tooldone.com/chemistry/heat-of-combustion-calculator/
chemistry	henderson-hasselbalch-calculator	https://tooldone.com/chemistry/henderson-hasselbalch-calculator/
chemistry	hydraulic-retention-time-calculator	https://tooldone.com/chemistry/hydraulic-retention-time-calculator/
chemistry	hydrogen-ion-concentration-calculator	https://tooldone.com/chemistry/hydrogen-ion-concentration-calculator/
chemistry	ionic-strength-calculator	https://tooldone.com/chemistry/ionic-strength-calculator/
chemistry	isoelectric-point-calculator	https://tooldone.com/chemistry/isoelectric-point-calculator/
chemistry	kp-calculator	https://tooldone.com/chemistry/kp-calculator/
chemistry	langmuir-isotherm-calculator	https://tooldone.com/chemistry/langmuir-isotherm-calculator/
chemistry	lattice-energy-calculator	https://tooldone.com/chemistry/lattice-energy-calculator/
chemistry	liquid-ethylene-density-calculator	https://tooldone.com/chemistry/liquid-ethylene-density-calculator/
chemistry	mass-percent-calculator	https://tooldone.com/chemistry/mass-percent-calculator/
chemistry	michaelis-menten-equation-calculator	https://tooldone.com/chemistry/michaelis-menten-equation-calculator/
chemistry	miller-indices-calculator	https://tooldone.com/chemistry/miller-indices-calculator/
chemistry	mixing-ratio-calculator	https://tooldone.com/chemistry/mixing-ratio-calculator/
chemistry	molality-calculator	https://tooldone.com/chemistry/molality-calculator/
chemistry	molar-mass-calculator	https://tooldone.com/chemistry/molar-mass-calculator/
chemistry	molar-mass-of-gas-calculator	https://tooldone.com/chemistry/molar-mass-of-gas-calculator/
chemistry	molar-ratio-calculator	https://tooldone.com/chemistry/molar-ratio-calculator/
chemistry	molarity-calculator	https://tooldone.com/chemistry/molarity-calculator/
chemistry	mole-calculator	https://tooldone.com/chemistry/mole-calculator/
chemistry	mole-fraction-calculator	https://tooldone.com/chemistry/mole-fraction-calculator/
chemistry	molecular-weight-calculator	https://tooldone.com/chemistry/molecular-weight-calculator/
chemistry	nernst-equation-calculator	https://tooldone.com/chemistry/nernst-equation-calculator/
chemistry	neutralization-calculator	https://tooldone.com/chemistry/neutralization-calculator/
chemistry	normality-calculator	https://tooldone.com/chemistry/normality-calculator/
chemistry	osmotic-pressure-calculator	https://tooldone.com/chemistry/osmotic-pressure-calculator/
chemistry	partial-pressure-calculator	https://tooldone.com/chemistry/partial-pressure-calculator/
chemistry	percent-composition-calculator	https://tooldone.com/chemistry/percent-composition-calculator/
chemistry	percent-ionic-character-calculator	https://tooldone.com/chemistry/percent-ionic-character-calculator/
chemistry	percent-solution-calculator	https://tooldone.com/chemistry/percent-solution-calculator/
chemistry	percent-yield-calculator	https://tooldone.com/chemistry/percent-yield-calculator/
chemistry	percentage-concentration-to-molarity-calculator	https://tooldone.com/chemistry/percentage-concentration-to-molarity-calculator/
chemistry	ph-calculator	https://tooldone.com/chemistry/ph-calculator/
chemistry	pka-calculator	https://tooldone.com/chemistry/pka-calculator/
chemistry	ppm-to-molarity-calculator	https://tooldone.com/chemistry/ppm-to-molarity-calculator/
chemistry	protein-solubility-calculator	https://tooldone.com/chemistry/protein-solubility-calculator/
chemistry	radioactive-decay-calculator	https://tooldone.com/chemistry/radioactive-decay-calculator/
chemistry	radiocarbon-dating-calculator	https://tooldone.com/chemistry/radiocarbon-dating-calculator/
chemistry	raoults-law-calculator	https://tooldone.com/chemistry/raoults-law-calculator/
chemistry	rate-constant-calculator	https://tooldone.com/chemistry/rate-constant-calculator/
chemistry	rate-of-effusion-calculator	https://tooldone.com/chemistry/rate-of-effusion-calculator/
chemistry	reaction-quotient-calculator	https://tooldone.com/chemistry/reaction-quotient-calculator/
chemistry	reconstitution-calculator	https://tooldone.com/chemistry/reconstitution-calculator/
chemistry	resuspension-calculator	https://tooldone.com/chemistry/resuspension-calculator/
chemistry	saponification-value-calculator	https://tooldone.com/chemistry/saponification-value-calculator/
chemistry	serial-dilution-calculator	https://tooldone.com/chemistry/serial-dilution-calculator/
chemistry	solution-dilution-calculator	https://tooldone.com/chemistry/solution-dilution-calculator/
chemistry	stp-calculator	https://tooldone.com/chemistry/stp-calculator/
chemistry	tds-calculator	https://tooldone.com/chemistry/tds-calculator/
chemistry	theoretical-yield-calculator	https://tooldone.com/chemistry/theoretical-yield-calculator/
chemistry	titration-calculator	https://tooldone.com/chemistry/titration-calculator/
chemistry	two-photon-absorption-calculator	https://tooldone.com/chemistry/two-photon-absorption-calculator/
chemistry	vapor-pressure-calculator	https://tooldone.com/chemistry/vapor-pressure-calculator/
chemistry	vapor-pressure-of-water-calculator	https://tooldone.com/chemistry/vapor-pressure-of-water-calculator/
chemistry	water-hardness-calculator	https://tooldone.com/chemistry/water-hardness-calculator/
chemistry	young-laplace-equation-calculator	https://tooldone.com/chemistry/young-laplace-equation-calculator/
construction	air-changes-per-hour-calculator	https://tooldone.com/construction/air-changes-per-hour-calculator/
construction	air-conditioner-btu-calculator	https://tooldone.com/construction/air-conditioner-btu-calculator/
construction	aluminum-weight-calculator	https://tooldone.com/construction/aluminum-weight-calculator/
construction	angle-cut-calculator	https://tooldone.com/construction/angle-cut-calculator/
construction	angle-of-depression-calculator	https://tooldone.com/construction/angle-of-depression-calculator/
construction	arch-calculator	https://tooldone.com/construction/arch-calculator/
construction	asphalt-calculator	https://tooldone.com/construction/asphalt-calculator/
construction	baluster-calculator	https://tooldone.com/construction/baluster-calculator/
construction	beam-deflection-calculator	https://tooldone.com/construction/beam-deflection-calculator/
construction	beam-load-calculator	https://tooldone.com/construction/beam-load-calculator/
construction	bending-stress-calculator	https://tooldone.com/construction/bending-stress-calculator/
construction	birdsmouth-cut-calculator	https://tooldone.com/construction/birdsmouth-cut-calculator/
construction	board-and-batten-calculator	https://tooldone.com/construction/board-and-batten-calculator/
construction	board-foot-calculator	https://tooldone.com/construction/board-foot-calculator/
construction	boiler-size-calculator	https://tooldone.com/construction/boiler-size-calculator/
construction	bolt-circle-calculator	https://tooldone.com/construction/bolt-circle-calculator/
construction	bolt-torque-calculator	https://tooldone.com/construction/bolt-torque-calculator/
construction	bowl-segment-calculator	https://tooldone.com/construction/bowl-segment-calculator/
construction	box-fill-calculator	https://tooldone.com/construction/box-fill-calculator/
construction	brick-calculator	https://tooldone.com/construction/brick-calculator/
construction	carbon-equivalent-calculator	https://tooldone.com/construction/carbon-equivalent-calculator/
construction	carpet-calculator	https://tooldone.com/construction/carpet-calculator/
construction	cement-calculator	https://tooldone.com/construction/cement-calculator/
construction	cfm-calculator	https://tooldone.com/construction/cfm-calculator/
construction	chicken-coop-size-calculator	https://tooldone.com/construction/chicken-coop-size-calculator/
construction	clearance-hole-calculator	https://tooldone.com/construction/clearance-hole-calculator/
construction	concrete-block-calculator	https://tooldone.com/construction/concrete-block-calculator/
construction	concrete-block-fill-calculator	https://tooldone.com/construction/concrete-block-fill-calculator/
construction	concrete-calculator	https://tooldone.com/construction/concrete-calculator/
construction	concrete-column-calculator	https://tooldone.com/construction/concrete-column-calculator/
construction	concrete-driveway-cost-calculator	https://tooldone.com/construction/concrete-driveway-cost-calculator/
construction	concrete-estimator-tube	https://tooldone.com/construction/concrete-estimator-tube/
construction	concrete-stairs-calculator	https://tooldone.com/construction/concrete-stairs-calculator/
construction	concrete-weight-calculator	https://tooldone.com/construction/concrete-weight-calculator/
construction	countersink-depth-calculator	https://tooldone.com/construction/countersink-depth-calculator/
construction	crushed-stone-calculator	https://tooldone.com/construction/crushed-stone-calculator/
construction	cubic-yard-calculator	https://tooldone.com/construction/cubic-yard-calculator/
construction	deck-stain-calculator	https://tooldone.com/construction/deck-stain-calculator/
construction	decking-calculator	https://tooldone.com/construction/decking-calculator/
construction	diy-shed-cost-calculator	https://tooldone.com/construction/diy-shed-cost-calculator/
construction	door-header-size-calculator	https://tooldone.com/construction/door-header-size-calculator/
construction	drywall-calculator	https://tooldone.com/construction/drywall-calculator/
construction	elevation-grade-calculator	https://tooldone.com/construction/elevation-grade-calculator/
construction	epoxy-calculator	https://tooldone.com/construction/epoxy-calculator/
construction	fence-calculator	https://tooldone.com/construction/fence-calculator/
construction	fence-post-depth-calculator	https://tooldone.com/construction/fence-post-depth-calculator/
construction	fire-flow-calculator	https://tooldone.com/construction/fire-flow-calculator/
construction	fire-glass-calculator	https://tooldone.com/construction/fire-glass-calculator/
construction	floor-area-ratio-calculator	https://tooldone.com/construction/floor-area-ratio-calculator/
construction	floor-joist-calculator	https://tooldone.com/construction/floor-joist-calculator/
construction	flooring-calculator	https://tooldone.com/construction/flooring-calculator/
construction	framing-calculator	https://tooldone.com/construction/framing-calculator/
construction	french-drain-calculator	https://tooldone.com/construction/french-drain-calculator/
construction	furnace-size-calculator	https://tooldone.com/construction/furnace-size-calculator/
construction	gallons-per-minute-calculator	https://tooldone.com/construction/gallons-per-minute-calculator/
construction	gallons-per-square-foot-calculator	https://tooldone.com/construction/gallons-per-square-foot-calculator/
construction	gambrel-roof-calculator	https://tooldone.com/construction/gambrel-roof-calculator/
construction	glass-weight-calculator	https://tooldone.com/construction/glass-weight-calculator/
construction	gravel-calculator	https://tooldone.com/construction/gravel-calculator/
construction	gravel-driveway-calculator	https://tooldone.com/construction/gravel-driveway-calculator/
construction	grout-calculator	https://tooldone.com/construction/grout-calculator/
construction	heat-loss-calculator	https://tooldone.com/construction/heat-loss-calculator/
construction	hole-volume-calculator	https://tooldone.com/construction/hole-volume-calculator/
construction	hoop-house-calculator	https://tooldone.com/construction/hoop-house-calculator/
construction	insulation-calculator	https://tooldone.com/construction/insulation-calculator/
construction	junction-box-sizing-calculator	https://tooldone.com/construction/junction-box-sizing-calculator/
construction	k-factor-calculator	https://tooldone.com/construction/k-factor-calculator/
construction	ladder-angle-calculator	https://tooldone.com/construction/ladder-angle-calculator/
construction	limestone-calculator	https://tooldone.com/construction/limestone-calculator/
construction	liters-per-minute-calculator	https://tooldone.com/construction/liters-per-minute-calculator/
construction	log-weight-calculator	https://tooldone.com/construction/log-weight-calculator/
construction	lumber-calculator	https://tooldone.com/construction/lumber-calculator/
construction	material-removal-rate-calculator	https://tooldone.com/construction/material-removal-rate-calculator/
construction	metal-roof-cost-calculator	https://tooldone.com/construction/metal-roof-cost-calculator/
construction	metal-weight-calculator	https://tooldone.com/construction/metal-weight-calculator/
construction	miter-angle-calculator	https://tooldone.com/construction/miter-angle-calculator/
construction	mortar-calculator	https://tooldone.com/construction/mortar-calculator/
construction	paint-calculator	https://tooldone.com/construction/paint-calculator/
construction	paver-calculator	https://tooldone.com/construction/paver-calculator/
construction	paver-sand-calculator	https://tooldone.com/construction/paver-sand-calculator/
construction	pipe-volume-calculator	https://tooldone.com/construction/pipe-volume-calculator/
construction	pipe-weight-calculator	https://tooldone.com/construction/pipe-weight-calculator/
construction	pitch-diameter-calculator	https://tooldone.com/construction/pitch-diameter-calculator/
construction	plate-weight-calculator	https://tooldone.com/construction/plate-weight-calculator/
construction	plywood-calculator	https://tooldone.com/construction/plywood-calculator/
construction	pond-calculator	https://tooldone.com/construction/pond-calculator/
construction	pool-calculator	https://tooldone.com/construction/pool-calculator/
construction	punch-force-calculator	https://tooldone.com/construction/punch-force-calculator/
construction	rafter-length-calculator	https://tooldone.com/construction/rafter-length-calculator/
construction	ramp-calculator	https://tooldone.com/construction/ramp-calculator/
construction	rebar-calculator	https://tooldone.com/construction/rebar-calculator/
construction	rectangle-fence-perimeter-calculator	https://tooldone.com/construction/rectangle-fence-perimeter-calculator/
construction	retaining-wall-calculator	https://tooldone.com/construction/retaining-wall-calculator/
construction	rip-rap-calculator	https://tooldone.com/construction/rip-rap-calculator/
construction	river-rock-calculator	https://tooldone.com/construction/river-rock-calculator/
construction	rivet-size-calculator	https://tooldone.com/construction/rivet-size-calculator/
construction	road-base-calculator	https://tooldone.com/construction/road-base-calculator/
construction	rolling-offset-calculator	https://tooldone.com/construction/rolling-offset-calculator/
construction	roof-pitch-calculator	https://tooldone.com/construction/roof-pitch-calculator/
construction	roof-shingle-calculator	https://tooldone.com/construction/roof-shingle-calculator/
construction	roof-truss-calculator	https://tooldone.com/construction/roof-truss-calculator/
construction	roofing-calculator	https://tooldone.com/construction/roofing-calculator/
construction	round-pen-calculator	https://tooldone.com/construction/round-pen-calculator/
construction	sand-calculator	https://tooldone.com/construction/sand-calculator/
construction	sealant-calculator	https://tooldone.com/construction/sealant-calculator/
construction	shiplap-calculator	https://tooldone.com/construction/shiplap-calculator/
construction	siding-calculator	https://tooldone.com/construction/siding-calculator/
construction	size-to-weight-calculator-rectangular-box	https://tooldone.com/construction/size-to-weight-calculator-rectangular-box/
construction	snow-load-calculator	https://tooldone.com/construction/snow-load-calculator/
construction	sonotube-calculator	https://tooldone.com/construction/sonotube-calculator/
construction	spindle-spacing-calculator	https://tooldone.com/construction/spindle-spacing-calculator/
construction	spindle-speed-calculator	https://tooldone.com/construction/spindle-speed-calculator/
construction	spiral-staircase-calculator	https://tooldone.com/construction/spiral-staircase-calculator/
construction	square-feet-to-cubic-yards-calculator	https://tooldone.com/construction/square-feet-to-cubic-yards-calculator/
construction	square-footage-calculator	https://tooldone.com/construction/square-footage-calculator/
construction	square-yard-calculator	https://tooldone.com/construction/square-yard-calculator/
construction	square-yards-calculator	https://tooldone.com/construction/square-yards-calculator/
construction	stair-calculator	https://tooldone.com/construction/stair-calculator/
construction	stair-carpet-calculator	https://tooldone.com/construction/stair-carpet-calculator/
construction	steel-plate-weight-calculator	https://tooldone.com/construction/steel-plate-weight-calculator/
construction	steel-weight-calculator	https://tooldone.com/construction/steel-weight-calculator/
construction	stone-weight-calculator	https://tooldone.com/construction/stone-weight-calculator/
construction	tank-volume-calculator	https://tooldone.com/construction/tank-volume-calculator/
construction	taper-calculator	https://tooldone.com/construction/taper-calculator/
construction	thinset-calculator	https://tooldone.com/construction/thinset-calculator/
construction	thread-calculator	https://tooldone.com/construction/thread-calculator/
construction	thread-pitch-calculator	https://tooldone.com/construction/thread-pitch-calculator/
construction	tile-calculator	https://tooldone.com/construction/tile-calculator/
construction	tonnage-calculator	https://tooldone.com/construction/tonnage-calculator/
construction	true-position-calculator	https://tooldone.com/construction/true-position-calculator/
construction	trumps-wall-calculator	https://tooldone.com/construction/trumps-wall-calculator/
construction	vinyl-fence-calculator	https://tooldone.com/construction/vinyl-fence-calculator/
construction	vinyl-siding-calculator	https://tooldone.com/construction/vinyl-siding-calculator/
construction	wainscoting-calculator	https://tooldone.com/construction/wainscoting-calculator/
construction	wall-square-footage-calculator	https://tooldone.com/construction/wall-square-footage-calculator/
construction	wallpaper-calculator	https://tooldone.com/construction/wallpaper-calculator/
construction	welding-calculator	https://tooldone.com/construction/welding-calculator/
construction	wood-beam-span-calculator	https://tooldone.com/construction/wood-beam-span-calculator/
conversion	acreage-calculator	https://tooldone.com/conversion/acreage-calculator/
conversion	acres-to-hectares-converter	https://tooldone.com/conversion/acres-to-hectares-converter/
conversion	acres-to-square-feet-converter	https://tooldone.com/conversion/acres-to-square-feet-converter/
conversion	angle-conversion-calculator	https://tooldone.com/conversion/angle-conversion-calculator/
conversion	angstrom-to-nm-converter	https://tooldone.com/conversion/angstrom-to-nm-converter/
conversion	area-converter	https://tooldone.com/conversion/area-converter/
conversion	ares-to-hectares-converter	https://tooldone.com/conversion/ares-to-hectares-converter/
conversion	astronomical-unit-calculator	https://tooldone.com/conversion/astronomical-unit-calculator/
conversion	atm-conversion	https://tooldone.com/conversion/atm-conversion/
conversion	atm-to-pascals-conversion	https://tooldone.com/conversion/atm-to-pascals-conversion/
conversion	bar-to-atm-conversion	https://tooldone.com/conversion/bar-to-atm-conversion/
conversion	bar-to-psi-conversion	https://tooldone.com/conversion/bar-to-psi-conversion/
conversion	bar-to-psig-converter	https://tooldone.com/conversion/bar-to-psig-converter/
conversion	barometric-pressure-conversion	https://tooldone.com/conversion/barometric-pressure-conversion/
conversion	billion-to-trillion-converter	https://tooldone.com/conversion/billion-to-trillion-converter/
conversion	binary-converter	https://tooldone.com/conversion/binary-converter/
conversion	binary-to-hexadecimal-converter	https://tooldone.com/conversion/binary-to-hexadecimal-converter/
conversion	binary-to-octal-converter	https://tooldone.com/conversion/binary-to-octal-converter/
conversion	byte-conversion-calculator	https://tooldone.com/conversion/byte-conversion-calculator/
conversion	capacitance-converter	https://tooldone.com/conversion/capacitance-converter/
conversion	cc-to-grams-converter	https://tooldone.com/conversion/cc-to-grams-converter/
conversion	cc-to-liter-converter	https://tooldone.com/conversion/cc-to-liter-converter/
conversion	cc-to-ml-converter	https://tooldone.com/conversion/cc-to-ml-converter/
conversion	cc-to-oz-converter	https://tooldone.com/conversion/cc-to-oz-converter/
conversion	ccf-to-gallons-conversion	https://tooldone.com/conversion/ccf-to-gallons-conversion/
conversion	ccf-to-therms-calculator	https://tooldone.com/conversion/ccf-to-therms-calculator/
conversion	celsius-converter	https://tooldone.com/conversion/celsius-converter/
conversion	celsius-to-fahrenheit-converter	https://tooldone.com/conversion/celsius-to-fahrenheit-converter/
conversion	cent-to-square-meter-converter	https://tooldone.com/conversion/cent-to-square-meter-converter/
conversion	centigrade-to-celsius-converter	https://tooldone.com/conversion/centigrade-to-celsius-converter/
conversion	centimeter-calculator	https://tooldone.com/conversion/centimeter-calculator/
conversion	cents-to-dollars-calculator	https://tooldone.com/conversion/cents-to-dollars-calculator/
conversion	cgs-system-of-units-converter	https://tooldone.com/conversion/cgs-system-of-units-converter/
conversion	cm-height-conversion-calculator	https://tooldone.com/conversion/cm-height-conversion-calculator/
conversion	cm-to-ft-in-converter	https://tooldone.com/conversion/cm-to-ft-in-converter/
conversion	cm-to-in-converter	https://tooldone.com/conversion/cm-to-in-converter/
conversion	cm-to-km-conversion	https://tooldone.com/conversion/cm-to-km-conversion/
conversion	cm-to-m-converter	https://tooldone.com/conversion/cm-to-m-converter/
conversion	cm-to-mm-converter	https://tooldone.com/conversion/cm-to-mm-converter/
conversion	conversion-calculator	https://tooldone.com/conversion/conversion-calculator/
conversion	convertisseur-de-litres-en-grammes-conversion-de-grammes-en-litres	https://tooldone.com/conversion/convertisseur-de-litres-en-grammes-conversion-de-grammes-en-litres/
conversion	coordinates-converter	https://tooldone.com/conversion/coordinates-converter/
conversion	cps-calculator	https://tooldone.com/conversion/cps-calculator/
conversion	crore-to-lakh-converter	https://tooldone.com/conversion/crore-to-lakh-converter/
conversion	crore-to-million-converter	https://tooldone.com/conversion/crore-to-million-converter/
conversion	cubic-feet-calculator	https://tooldone.com/conversion/cubic-feet-calculator/
conversion	cubic-feet-to-cubic-meters-converter	https://tooldone.com/conversion/cubic-feet-to-cubic-meters-converter/
conversion	cubic-feet-to-gallons-converter	https://tooldone.com/conversion/cubic-feet-to-gallons-converter/
conversion	cubic-feet-to-pounds-calculator	https://tooldone.com/conversion/cubic-feet-to-pounds-calculator/
conversion	cubic-inches-to-gallons-converter	https://tooldone.com/conversion/cubic-inches-to-gallons-converter/
conversion	cubic-meter-calculator	https://tooldone.com/conversion/cubic-meter-calculator/
conversion	cubic-meter-to-ton-converter	https://tooldone.com/conversion/cubic-meter-to-ton-converter/
conversion	cubic-yards-to-tons-calculator	https://tooldone.com/conversion/cubic-yards-to-tons-calculator/
conversion	cups-to-gallons-converter	https://tooldone.com/conversion/cups-to-gallons-converter/
conversion	cups-to-oz-converter	https://tooldone.com/conversion/cups-to-oz-converter/
conversion	cups-to-pints-converter	https://tooldone.com/conversion/cups-to-pints-converter/
conversion	cups-to-quarts-converter	https://tooldone.com/conversion/cups-to-quarts-converter/
conversion	day-converter	https://tooldone.com/conversion/day-converter/
conversion	days-to-months-calculator	https://tooldone.com/conversion/days-to-months-calculator/
conversion	days-to-weeks-calculator	https://tooldone.com/conversion/days-to-weeks-calculator/
conversion	days-to-years-calculator	https://tooldone.com/conversion/days-to-years-calculator/
conversion	dbm-to-watts-calculator	https://tooldone.com/conversion/dbm-to-watts-calculator/
conversion	decagram-to-gram-converter	https://tooldone.com/conversion/decagram-to-gram-converter/
conversion	decimal-to-hexadecimal-converter	https://tooldone.com/conversion/decimal-to-hexadecimal-converter/
conversion	decimal-to-octal-converter	https://tooldone.com/conversion/decimal-to-octal-converter/
conversion	decimeter-to-meter-converter	https://tooldone.com/conversion/decimeter-to-meter-converter/
conversion	degrees-minutes-seconds-calculator	https://tooldone.com/conversion/degrees-minutes-seconds-calculator/
conversion	degrees-to-minutes-converter	https://tooldone.com/conversion/degrees-to-minutes-converter/
conversion	degrees-to-radians-converter	https://tooldone.com/conversion/degrees-to-radians-converter/
conversion	degrees-to-seconds-converter	https://tooldone.com/conversion/degrees-to-seconds-converter/
conversion	density-conversion	https://tooldone.com/conversion/density-conversion/
conversion	dimensional-analysis-calculator	https://tooldone.com/conversion/dimensional-analysis-calculator/
conversion	dimes-to-dollars-calculator	https://tooldone.com/conversion/dimes-to-dollars-calculator/
conversion	distance-converter	https://tooldone.com/conversion/distance-converter/
conversion	dm-converter	https://tooldone.com/conversion/dm-converter/
conversion	drops-to-ml-conversion	https://tooldone.com/conversion/drops-to-ml-conversion/
conversion	energy-conversion-calculator	https://tooldone.com/conversion/energy-conversion-calculator/
conversion	fahrenheit-converter	https://tooldone.com/conversion/fahrenheit-converter/
conversion	fahrenheit-to-celsius-converter	https://tooldone.com/conversion/fahrenheit-to-celsius-converter/
conversion	feet-and-inches-calculator	https://tooldone.com/conversion/feet-and-inches-calculator/
conversion	feet-converter	https://tooldone.com/conversion/feet-converter/
conversion	feet-to-miles-converter	https://tooldone.com/conversion/feet-to-miles-converter/
conversion	feet-to-yards-conversion	https://tooldone.com/conversion/feet-to-yards-conversion/
conversion	fluid-ounces-to-pounds-conversion	https://tooldone.com/conversion/fluid-ounces-to-pounds-conversion/
conversion	foot-to-centimeter-converter	https://tooldone.com/conversion/foot-to-centimeter-converter/
conversion	force-converter	https://tooldone.com/conversion/force-converter/
conversion	ft-to-m-converter	https://tooldone.com/conversion/ft-to-m-converter/
conversion	g-to-lbs-converter	https://tooldone.com/conversion/g-to-lbs-converter/
conversion	g-to-tsp-converter	https://tooldone.com/conversion/g-to-tsp-converter/
conversion	gaj-to-square-yard-converter	https://tooldone.com/conversion/gaj-to-square-yard-converter/
conversion	gal-to-kg-converter	https://tooldone.com/conversion/gal-to-kg-converter/
conversion	gallon-calculator	https://tooldone.com/conversion/gallon-calculator/
conversion	gallons-to-cubic-feet-converter	https://tooldone.com/conversion/gallons-to-cubic-feet-converter/
conversion	gallons-to-cups-converter	https://tooldone.com/conversion/gallons-to-cups-converter/
conversion	gallons-to-grams-conversion	https://tooldone.com/conversion/gallons-to-grams-conversion/
conversion	gallons-to-pints-converter	https://tooldone.com/conversion/gallons-to-pints-converter/
conversion	gallons-to-pounds-converter	https://tooldone.com/conversion/gallons-to-pounds-converter/
conversion	gallons-to-quarts-converter	https://tooldone.com/conversion/gallons-to-quarts-converter/
conversion	gallons-to-tons-converter	https://tooldone.com/conversion/gallons-to-tons-converter/
conversion	gr-to-ml-converter	https://tooldone.com/conversion/gr-to-ml-converter/
conversion	gram-to-liter-conversion	https://tooldone.com/conversion/gram-to-liter-conversion/
conversion	grams-in-ml-converter	https://tooldone.com/conversion/grams-in-ml-converter/
conversion	grams-to-calories-calculator	https://tooldone.com/conversion/grams-to-calories-calculator/
conversion	grams-to-fl-oz-converter	https://tooldone.com/conversion/grams-to-fl-oz-converter/
conversion	grams-to-ounces-calculator	https://tooldone.com/conversion/grams-to-ounces-calculator/
conversion	hardness-conversion-calculator	https://tooldone.com/conversion/hardness-conversion-calculator/
conversion	hectares-to-acres-converter	https://tooldone.com/conversion/hectares-to-acres-converter/
conversion	height-converter	https://tooldone.com/conversion/height-converter/
conversion	height-in-inches-calculator	https://tooldone.com/conversion/height-in-inches-calculator/
conversion	hour-converter	https://tooldone.com/conversion/hour-converter/
conversion	hours-to-days-calculator	https://tooldone.com/conversion/hours-to-days-calculator/
conversion	hours-to-minutes-converter	https://tooldone.com/conversion/hours-to-minutes-converter/
conversion	hours-to-seconds-converter	https://tooldone.com/conversion/hours-to-seconds-converter/
conversion	hours-to-week-conversion	https://tooldone.com/conversion/hours-to-week-conversion/
conversion	hours-to-years-converter	https://tooldone.com/conversion/hours-to-years-converter/
conversion	imperial-calculator	https://tooldone.com/conversion/imperial-calculator/
conversion	imperial-to-metric-conversion	https://tooldone.com/conversion/imperial-to-metric-conversion/
conversion	in-to-cm-converter	https://tooldone.com/conversion/in-to-cm-converter/
conversion	inch-converter	https://tooldone.com/conversion/inch-converter/
conversion	inch-lbs-to-nm-converter	https://tooldone.com/conversion/inch-lbs-to-nm-converter/
conversion	inch-pounds-to-foot-pounds-converter	https://tooldone.com/conversion/inch-pounds-to-foot-pounds-converter/
conversion	inch-to-meter-calculator	https://tooldone.com/conversion/inch-to-meter-calculator/
conversion	inches-to-fraction-calculator	https://tooldone.com/conversion/inches-to-fraction-calculator/
conversion	inches-to-yard-conversion	https://tooldone.com/conversion/inches-to-yard-conversion/
conversion	joules-to-volts-calculator	https://tooldone.com/conversion/joules-to-volts-calculator/
conversion	katha-to-square-feet-converter	https://tooldone.com/conversion/katha-to-square-feet-converter/
conversion	kb-to-mb-converter	https://tooldone.com/conversion/kb-to-mb-converter/
conversion	kelvin-converter	https://tooldone.com/conversion/kelvin-converter/
conversion	kelvin-to-celsius-converter	https://tooldone.com/conversion/kelvin-to-celsius-converter/
conversion	kelvin-to-fahrenheit-converter	https://tooldone.com/conversion/kelvin-to-fahrenheit-converter/
conversion	kg-cm-to-psi-converter	https://tooldone.com/conversion/kg-cm-to-psi-converter/
conversion	kg-to-gallons-converter	https://tooldone.com/conversion/kg-to-gallons-converter/
conversion	kg-to-lbs-converter	https://tooldone.com/conversion/kg-to-lbs-converter/
conversion	kg-to-liter-converter	https://tooldone.com/conversion/kg-to-liter-converter/
conversion	kg-to-ml-converter	https://tooldone.com/conversion/kg-to-ml-converter/
conversion	kg-to-ounce-converter	https://tooldone.com/conversion/kg-to-ounce-converter/
conversion	kg-to-stones-converter	https://tooldone.com/conversion/kg-to-stones-converter/
conversion	kilometer-calculator	https://tooldone.com/conversion/kilometer-calculator/
conversion	kilometer-to-meter-converter	https://tooldone.com/conversion/kilometer-to-meter-converter/
conversion	kilometers-to-miles-calculator	https://tooldone.com/conversion/kilometers-to-miles-calculator/
conversion	km-to-feet-conversion	https://tooldone.com/conversion/km-to-feet-conversion/
conversion	knots-to-kph-converter	https://tooldone.com/conversion/knots-to-kph-converter/
conversion	knots-to-mph-converter	https://tooldone.com/conversion/knots-to-mph-converter/
conversion	kpa-converter	https://tooldone.com/conversion/kpa-converter/
conversion	kpa-to-atm-conversion	https://tooldone.com/conversion/kpa-to-atm-conversion/
conversion	kpa-to-mmhg-conversion	https://tooldone.com/conversion/kpa-to-mmhg-conversion/
conversion	kpa-to-psi-conversion	https://tooldone.com/conversion/kpa-to-psi-conversion/
conversion	ksi-to-mpa-converter	https://tooldone.com/conversion/ksi-to-mpa-converter/
conversion	ksi-to-psi-conversion	https://tooldone.com/conversion/ksi-to-psi-conversion/
conversion	l-to-gal-converter	https://tooldone.com/conversion/l-to-gal-converter/
conversion	land-area-calculator	https://tooldone.com/conversion/land-area-calculator/
conversion	lat-long-to-utm-converter	https://tooldone.com/conversion/lat-long-to-utm-converter/
conversion	lbs-to-g-converter	https://tooldone.com/conversion/lbs-to-g-converter/
conversion	lbs-to-kg-converter	https://tooldone.com/conversion/lbs-to-kg-converter/
conversion	lbs-to-newtons-converter	https://tooldone.com/conversion/lbs-to-newtons-converter/
conversion	lbs-to-pounds-converter	https://tooldone.com/conversion/lbs-to-pounds-converter/
conversion	lbs-to-psi-converter	https://tooldone.com/conversion/lbs-to-psi-converter/
conversion	lbs-to-stone-converter	https://tooldone.com/conversion/lbs-to-stone-converter/
conversion	length-converter	https://tooldone.com/conversion/length-converter/
conversion	light-year-conversion	https://tooldone.com/conversion/light-year-conversion/
conversion	liter-to-cc-converter	https://tooldone.com/conversion/liter-to-cc-converter/
conversion	liters-to-centiliters-converter	https://tooldone.com/conversion/liters-to-centiliters-converter/
conversion	liters-to-pounds-calculator	https://tooldone.com/conversion/liters-to-pounds-calculator/
conversion	lot-size-to-acres-calculator	https://tooldone.com/conversion/lot-size-to-acres-calculator/
conversion	lot-size-to-square-feet-calculator	https://tooldone.com/conversion/lot-size-to-square-feet-calculator/
conversion	m-s-to-km-h-converter	https://tooldone.com/conversion/m-s-to-km-h-converter/
conversion	m-to-ft-converter	https://tooldone.com/conversion/m-to-ft-converter/
conversion	mb-to-gb-converter	https://tooldone.com/conversion/mb-to-gb-converter/
conversion	mbps-calculator	https://tooldone.com/conversion/mbps-calculator/
conversion	mbps-to-gbps-converter	https://tooldone.com/conversion/mbps-to-gbps-converter/
conversion	mcg-to-mg-converter	https://tooldone.com/conversion/mcg-to-mg-converter/
conversion	mcg-to-ml-conversion	https://tooldone.com/conversion/mcg-to-ml-conversion/
conversion	measurement-converter	https://tooldone.com/conversion/measurement-converter/
conversion	mesh-to-micron-converter	https://tooldone.com/conversion/mesh-to-micron-converter/
conversion	meter-converter	https://tooldone.com/conversion/meter-converter/
conversion	meter-to-mile-converter	https://tooldone.com/conversion/meter-to-mile-converter/
conversion	meters-to-feet-converter	https://tooldone.com/conversion/meters-to-feet-converter/
conversion	metric-converter	https://tooldone.com/conversion/metric-converter/
conversion	metric-to-imperial-converter	https://tooldone.com/conversion/metric-to-imperial-converter/
conversion	metric-to-inches-calculator	https://tooldone.com/conversion/metric-to-inches-calculator/
conversion	metric-to-sae-calculator	https://tooldone.com/conversion/metric-to-sae-calculator/
conversion	metric-to-standard-converter	https://tooldone.com/conversion/metric-to-standard-converter/
conversion	mg-to-cc-conversion	https://tooldone.com/conversion/mg-to-cc-conversion/
conversion	mg-to-lbs-converter	https://tooldone.com/conversion/mg-to-lbs-converter/
conversion	mg-to-ml-calculator	https://tooldone.com/conversion/mg-to-ml-calculator/
conversion	mg-to-tablespoon-converter	https://tooldone.com/conversion/mg-to-tablespoon-converter/
conversion	mg-to-teaspoon-converter	https://tooldone.com/conversion/mg-to-teaspoon-converter/
conversion	micrometer-converter	https://tooldone.com/conversion/micrometer-converter/
conversion	micron-to-mil-conversion-calculator	https://tooldone.com/conversion/micron-to-mil-conversion-calculator/
conversion	mil-conversion	https://tooldone.com/conversion/mil-conversion/
conversion	mil-to-inch-conversion	https://tooldone.com/conversion/mil-to-inch-conversion/
conversion	mil-to-mm-conversion	https://tooldone.com/conversion/mil-to-mm-conversion/
conversion	mile-conversion-calculator	https://tooldone.com/conversion/mile-conversion-calculator/
conversion	military-time-converter	https://tooldone.com/conversion/military-time-converter/
conversion	millimeter-calculator	https://tooldone.com/conversion/millimeter-calculator/
conversion	million-to-billion-converter	https://tooldone.com/conversion/million-to-billion-converter/
conversion	million-to-lakh-converter	https://tooldone.com/conversion/million-to-lakh-converter/
conversion	million-to-thousand-converter	https://tooldone.com/conversion/million-to-thousand-converter/
conversion	milliseconds-converter	https://tooldone.com/conversion/milliseconds-converter/
conversion	minute-converter	https://tooldone.com/conversion/minute-converter/
conversion	minutes-to-days-calculator	https://tooldone.com/conversion/minutes-to-days-calculator/
conversion	minutes-to-decimal-calculator	https://tooldone.com/conversion/minutes-to-decimal-calculator/
conversion	minutes-to-hours-converter	https://tooldone.com/conversion/minutes-to-hours-converter/
conversion	minutes-to-seconds-converter	https://tooldone.com/conversion/minutes-to-seconds-converter/
conversion	minutes-to-years-conversion	https://tooldone.com/conversion/minutes-to-years-conversion/
conversion	ml-to-cc-converter	https://tooldone.com/conversion/ml-to-cc-converter/
conversion	ml-to-cups-converter	https://tooldone.com/conversion/ml-to-cups-converter/
conversion	ml-to-kg-converter	https://tooldone.com/conversion/ml-to-kg-converter/
conversion	ml-to-lbs-conversion	https://tooldone.com/conversion/ml-to-lbs-conversion/
conversion	ml-to-oz-converter	https://tooldone.com/conversion/ml-to-oz-converter/
conversion	ml-to-tbsp-converter	https://tooldone.com/conversion/ml-to-tbsp-converter/
conversion	ml-to-tsp-converter	https://tooldone.com/conversion/ml-to-tsp-converter/
conversion	ml-to-ul-conversion	https://tooldone.com/conversion/ml-to-ul-conversion/
conversion	mm-calculator	https://tooldone.com/conversion/mm-calculator/
conversion	mm-to-atm-converter	https://tooldone.com/conversion/mm-to-atm-converter/
conversion	mm-to-foot-converter	https://tooldone.com/conversion/mm-to-foot-converter/
conversion	mm-to-inches-conversion	https://tooldone.com/conversion/mm-to-inches-conversion/
conversion	mm-to-km-conversion	https://tooldone.com/conversion/mm-to-km-conversion/
conversion	mm-to-m-conversion	https://tooldone.com/conversion/mm-to-m-conversion/
conversion	mmhg-to-atm-conversion	https://tooldone.com/conversion/mmhg-to-atm-conversion/
conversion	months-to-years-calculator	https://tooldone.com/conversion/months-to-years-calculator/
conversion	mpa-conversion	https://tooldone.com/conversion/mpa-conversion/
conversion	mpa-to-psi-conversion	https://tooldone.com/conversion/mpa-to-psi-conversion/
conversion	mpa-to-psig-conversion	https://tooldone.com/conversion/mpa-to-psig-conversion/
conversion	mpg-to-l-100-km-converter	https://tooldone.com/conversion/mpg-to-l-100-km-converter/
conversion	ms-to-seconds-converter	https://tooldone.com/conversion/ms-to-seconds-converter/
conversion	natural-gas-converter	https://tooldone.com/conversion/natural-gas-converter/
conversion	newton-meter-calculator	https://tooldone.com/conversion/newton-meter-calculator/
conversion	nickels-to-dollars-calculator	https://tooldone.com/conversion/nickels-to-dollars-calculator/
conversion	nm-converter	https://tooldone.com/conversion/nm-converter/
conversion	nm-to-ft-lbs-converter	https://tooldone.com/conversion/nm-to-ft-lbs-converter/
conversion	nm-to-in-lbs-converter	https://tooldone.com/conversion/nm-to-in-lbs-converter/
conversion	nm-to-joules-calculator	https://tooldone.com/conversion/nm-to-joules-calculator/
conversion	nm-to-m-converter	https://tooldone.com/conversion/nm-to-m-converter/
conversion	number-to-billion-converter	https://tooldone.com/conversion/number-to-billion-converter/
conversion	number-to-million-converter	https://tooldone.com/conversion/number-to-million-converter/
conversion	ounce-to-kg-converter	https://tooldone.com/conversion/ounce-to-kg-converter/
conversion	ounces-to-grams-converter	https://tooldone.com/conversion/ounces-to-grams-converter/
conversion	ounces-to-milliliters-converter	https://tooldone.com/conversion/ounces-to-milliliters-converter/
conversion	ounces-to-pounds-converter	https://tooldone.com/conversion/ounces-to-pounds-converter/
conversion	oz-to-cc-converter	https://tooldone.com/conversion/oz-to-cc-converter/
conversion	oz-to-cups-converter	https://tooldone.com/conversion/oz-to-cups-converter/
conversion	pa-to-psi-converter	https://tooldone.com/conversion/pa-to-psi-converter/
conversion	paper-quantity-converter	https://tooldone.com/conversion/paper-quantity-converter/
conversion	pascal-conversion	https://tooldone.com/conversion/pascal-conversion/
conversion	pennies-to-dollars-calculator	https://tooldone.com/conversion/pennies-to-dollars-calculator/
conversion	pint-to-pound-conversion	https://tooldone.com/conversion/pint-to-pound-conversion/
conversion	pints-to-cups-converter	https://tooldone.com/conversion/pints-to-cups-converter/
conversion	pints-to-gallons-converter	https://tooldone.com/conversion/pints-to-gallons-converter/
conversion	pixels-to-inches-converter	https://tooldone.com/conversion/pixels-to-inches-converter/
conversion	pounds-and-ounces-calculator	https://tooldone.com/conversion/pounds-and-ounces-calculator/
conversion	pounds-to-grams-converter	https://tooldone.com/conversion/pounds-to-grams-converter/
conversion	pounds-to-lbs-converter	https://tooldone.com/conversion/pounds-to-lbs-converter/
conversion	pounds-to-ounces-converter	https://tooldone.com/conversion/pounds-to-ounces-converter/
conversion	pounds-to-stone-converter	https://tooldone.com/conversion/pounds-to-stone-converter/
conversion	power-converter	https://tooldone.com/conversion/power-converter/
conversion	ppm-calculator	https://tooldone.com/conversion/ppm-calculator/
conversion	ppm-to-mg-l-converter	https://tooldone.com/conversion/ppm-to-mg-l-converter/
conversion	pressure-conversion	https://tooldone.com/conversion/pressure-conversion/
conversion	pressure-unit-conversion	https://tooldone.com/conversion/pressure-unit-conversion/
conversion	psi-converter	https://tooldone.com/conversion/psi-converter/
conversion	psi-to-atm-conversion	https://tooldone.com/conversion/psi-to-atm-conversion/
conversion	psi-to-gpm-calculator	https://tooldone.com/conversion/psi-to-gpm-calculator/
conversion	psi-to-inches-of-water-conversion	https://tooldone.com/conversion/psi-to-inches-of-water-conversion/
conversion	psig-to-psia-converter	https://tooldone.com/conversion/psig-to-psia-converter/
conversion	px-to-em-converter	https://tooldone.com/conversion/px-to-em-converter/
conversion	quantity-converter	https://tooldone.com/conversion/quantity-converter/
conversion	quarts-to-cups-converter	https://tooldone.com/conversion/quarts-to-cups-converter/
conversion	quarts-to-gallons-converter	https://tooldone.com/conversion/quarts-to-gallons-converter/
conversion	quarts-to-pounds-conversion	https://tooldone.com/conversion/quarts-to-pounds-conversion/
conversion	radians-to-degrees-converter	https://tooldone.com/conversion/radians-to-degrees-converter/
conversion	radiation-converter	https://tooldone.com/conversion/radiation-converter/
conversion	rms-to-watts-converter	https://tooldone.com/conversion/rms-to-watts-converter/
conversion	roman-numerals-converter	https://tooldone.com/conversion/roman-numerals-converter/
conversion	scale-calculator	https://tooldone.com/conversion/scale-calculator/
conversion	seconds-converter	https://tooldone.com/conversion/seconds-converter/
conversion	seconds-to-days-converter	https://tooldone.com/conversion/seconds-to-days-converter/
conversion	seconds-to-hours-converter	https://tooldone.com/conversion/seconds-to-hours-converter/
conversion	seconds-to-minutes-converter	https://tooldone.com/conversion/seconds-to-minutes-converter/
conversion	seconds-to-years-conversion	https://tooldone.com/conversion/seconds-to-years-conversion/
conversion	speed-conversion	https://tooldone.com/conversion/speed-conversion/
conversion	square-centimeters-to-square-millimeters-converter	https://tooldone.com/conversion/square-centimeters-to-square-millimeters-converter/
conversion	square-feet-converter	https://tooldone.com/conversion/square-feet-converter/
conversion	square-feet-to-acres-calculator	https://tooldone.com/conversion/square-feet-to-acres-calculator/
conversion	square-inch-to-square-foot-converter	https://tooldone.com/conversion/square-inch-to-square-foot-converter/
conversion	square-meter-converter	https://tooldone.com/conversion/square-meter-converter/
conversion	square-meters-to-square-feet-converter	https://tooldone.com/conversion/square-meters-to-square-feet-converter/
conversion	square-miles-to-square-km-converter	https://tooldone.com/conversion/square-miles-to-square-km-converter/
conversion	square-yard-converter	https://tooldone.com/conversion/square-yard-converter/
conversion	stone-to-kg-converter	https://tooldone.com/conversion/stone-to-kg-converter/
conversion	stone-to-lbs-converter	https://tooldone.com/conversion/stone-to-lbs-converter/
conversion	tbsp-to-grams-converter	https://tooldone.com/conversion/tbsp-to-grams-converter/
conversion	tbsp-to-ml-converter	https://tooldone.com/conversion/tbsp-to-ml-converter/
conversion	temperature-conversion	https://tooldone.com/conversion/temperature-conversion/
conversion	time-unit-converter	https://tooldone.com/conversion/time-unit-converter/
conversion	time-zones-converter	https://tooldone.com/conversion/time-zones-converter/
conversion	torque-to-hp-calculator	https://tooldone.com/conversion/torque-to-hp-calculator/
conversion	torr-to-atm-conversion	https://tooldone.com/conversion/torr-to-atm-conversion/
conversion	tsp-to-grams-converter	https://tooldone.com/conversion/tsp-to-grams-converter/
conversion	tsp-to-ml-converter	https://tooldone.com/conversion/tsp-to-ml-converter/
conversion	unix-time-converter	https://tooldone.com/conversion/unix-time-converter/
conversion	volume-conversion	https://tooldone.com/conversion/volume-conversion/
conversion	weeks-to-months-calculator	https://tooldone.com/conversion/weeks-to-months-calculator/
conversion	weeks-to-years-converter	https://tooldone.com/conversion/weeks-to-years-converter/
conversion	weight-converter	https://tooldone.com/conversion/weight-converter/
conversion	weird-units-converter	https://tooldone.com/conversion/weird-units-converter/
conversion	yard-conversion	https://tooldone.com/conversion/yard-conversion/
conversion	yard-to-meter-converter	https://tooldone.com/conversion/yard-to-meter-converter/
conversion	yard-to-mile-converter	https://tooldone.com/conversion/yard-to-mile-converter/
conversion	yards-to-meters-conversion	https://tooldone.com/conversion/yards-to-meters-conversion/
conversion	years-to-decades-calculator	https://tooldone.com/conversion/years-to-decades-calculator/
finance	10-1-arm-calculator	https://tooldone.com/finance/10-1-arm-calculator/
finance	12-hour-shift-pay-calculator	https://tooldone.com/finance/12-hour-shift-pay-calculator/
finance	28-36-rule-calculator	https://tooldone.com/finance/28-36-rule-calculator/
finance	3x-rent-calculator	https://tooldone.com/finance/3x-rent-calculator/
finance	401k-calculator	https://tooldone.com/finance/401k-calculator/
finance	403b-calculator	https://tooldone.com/finance/403b-calculator/
finance	50-30-20-rule-calculator	https://tooldone.com/finance/50-30-20-rule-calculator/
finance	529-calculator	https://tooldone.com/finance/529-calculator/
finance	70-20-10-rule-money-calculator	https://tooldone.com/finance/70-20-10-rule-money-calculator/
finance	absence-percentage-calculator	https://tooldone.com/finance/absence-percentage-calculator/
finance	accounting-profit-calculator	https://tooldone.com/finance/accounting-profit-calculator/
finance	accrual-ratio-calculator	https://tooldone.com/finance/accrual-ratio-calculator/
finance	accumulated-depreciation-calculator	https://tooldone.com/finance/accumulated-depreciation-calculator/
finance	actual-cash-value-calculator	https://tooldone.com/finance/actual-cash-value-calculator/
finance	additional-funds-needed-calculator	https://tooldone.com/finance/additional-funds-needed-calculator/
finance	adjusted-gross-income-agi-calculator	https://tooldone.com/finance/adjusted-gross-income-agi-calculator/
finance	adr-calculator	https://tooldone.com/finance/adr-calculator/
finance	affo-calculator-adjusted-funds-from-operations	https://tooldone.com/finance/affo-calculator-adjusted-funds-from-operations/
finance	after-tax-cost-of-debt-calculator	https://tooldone.com/finance/after-tax-cost-of-debt-calculator/
finance	alabama-tax-calculator	https://tooldone.com/finance/alabama-tax-calculator/
finance	altman-z-score-calculator	https://tooldone.com/finance/altman-z-score-calculator/
finance	amortization-calculator	https://tooldone.com/finance/amortization-calculator/
finance	amt-calculator	https://tooldone.com/finance/amt-calculator/
finance	annual-income-calculator	https://tooldone.com/finance/annual-income-calculator/
finance	annualized-rate-of-return-calculator	https://tooldone.com/finance/annualized-rate-of-return-calculator/
finance	annuity-calculator	https://tooldone.com/finance/annuity-calculator/
finance	annuity-payout-calculator	https://tooldone.com/finance/annuity-payout-calculator/
finance	apc-calculator	https://tooldone.com/finance/apc-calculator/
finance	appreciation-calculator	https://tooldone.com/finance/appreciation-calculator/
finance	apr-calculator	https://tooldone.com/finance/apr-calculator/
finance	apy-calculator	https://tooldone.com/finance/apy-calculator/
finance	arm-mortgage-calculator	https://tooldone.com/finance/arm-mortgage-calculator/
finance	arv-calculator-after-repair-value	https://tooldone.com/finance/arv-calculator-after-repair-value/
finance	atal-pension-yojana-calculator	https://tooldone.com/finance/atal-pension-yojana-calculator/
finance	attrition-rate-calculator	https://tooldone.com/finance/attrition-rate-calculator/
finance	auto-loan-calculator	https://tooldone.com/finance/auto-loan-calculator/
finance	average-collection-period-calculator	https://tooldone.com/finance/average-collection-period-calculator/
finance	average-fixed-cost-calculator	https://tooldone.com/finance/average-fixed-cost-calculator/
finance	average-variable-cost-calculator	https://tooldone.com/finance/average-variable-cost-calculator/
finance	balance-transfer-calculator	https://tooldone.com/finance/balance-transfer-calculator/
finance	balloon-payment-calculator	https://tooldone.com/finance/balloon-payment-calculator/
finance	bank-reconciliation-calculator	https://tooldone.com/finance/bank-reconciliation-calculator/
finance	basis-point-calculator	https://tooldone.com/finance/basis-point-calculator/
finance	beta-stock-calculator	https://tooldone.com/finance/beta-stock-calculator/
finance	bi-weekly-mortgage-payment-calculator	https://tooldone.com/finance/bi-weekly-mortgage-payment-calculator/
finance	bidens-tax-plan-calculator	https://tooldone.com/finance/bidens-tax-plan-calculator/
finance	bike-emi-calculator	https://tooldone.com/finance/bike-emi-calculator/
finance	bill-rate-calculator	https://tooldone.com/finance/bill-rate-calculator/
finance	billable-hours-calculator	https://tooldone.com/finance/billable-hours-calculator/
finance	bitcoin-etf-calculator	https://tooldone.com/finance/bitcoin-etf-calculator/
finance	biweekly-mortgage-calculator	https://tooldone.com/finance/biweekly-mortgage-calculator/
finance	black-friday-calculator	https://tooldone.com/finance/black-friday-calculator/
finance	black-scholes-calculator	https://tooldone.com/finance/black-scholes-calculator/
finance	blended-rate-calculator	https://tooldone.com/finance/blended-rate-calculator/
finance	boat-loan-calculator	https://tooldone.com/finance/boat-loan-calculator/
finance	bond-convexity-calculator	https://tooldone.com/finance/bond-convexity-calculator/
finance	bond-current-yield-calculator	https://tooldone.com/finance/bond-current-yield-calculator/
finance	bond-equivalent-yield-calculator	https://tooldone.com/finance/bond-equivalent-yield-calculator/
finance	bond-price-calculator	https://tooldone.com/finance/bond-price-calculator/
finance	bond-yield-calculator	https://tooldone.com/finance/bond-yield-calculator/
finance	bond-ytm-calculator	https://tooldone.com/finance/bond-ytm-calculator/
finance	bounce-rate-calculator	https://tooldone.com/finance/bounce-rate-calculator/
finance	bradford-factor-calculator	https://tooldone.com/finance/bradford-factor-calculator/
finance	break-even-calculator	https://tooldone.com/finance/break-even-calculator/
finance	brexit-calculator	https://tooldone.com/finance/brexit-calculator/
finance	budget-calculator	https://tooldone.com/finance/budget-calculator/
finance	build-back-better-calculator	https://tooldone.com/finance/build-back-better-calculator/
finance	build-vs-buy-calculator	https://tooldone.com/finance/build-vs-buy-calculator/
finance	burn-rate-calculator	https://tooldone.com/finance/burn-rate-calculator/
finance	burndown-chart-calculator	https://tooldone.com/finance/burndown-chart-calculator/
finance	business-budget-calculator	https://tooldone.com/finance/business-budget-calculator/
finance	business-loan-calculator	https://tooldone.com/finance/business-loan-calculator/
finance	buying-power-calculator	https://tooldone.com/finance/buying-power-calculator/
finance	cagr-calculator-compound-annual-growth-rate	https://tooldone.com/finance/cagr-calculator-compound-annual-growth-rate/
finance	california-sales-tax-calculator	https://tooldone.com/finance/california-sales-tax-calculator/
finance	california-stimulus-check-ii-calculator	https://tooldone.com/finance/california-stimulus-check-ii-calculator/
finance	california-tax-calculator	https://tooldone.com/finance/california-tax-calculator/
finance	call-option-calculator	https://tooldone.com/finance/call-option-calculator/
finance	cap-rate-calculator	https://tooldone.com/finance/cap-rate-calculator/
finance	capital-gains-tax-uk-calculator	https://tooldone.com/finance/capital-gains-tax-uk-calculator/
finance	capital-gains-yield-calculator	https://tooldone.com/finance/capital-gains-yield-calculator/
finance	capm-calculator-capital-asset-pricing-model	https://tooldone.com/finance/capm-calculator-capital-asset-pricing-model/
finance	car-affordability-calculator	https://tooldone.com/finance/car-affordability-calculator/
finance	car-depreciation-calculator	https://tooldone.com/finance/car-depreciation-calculator/
finance	car-lease-calculator	https://tooldone.com/finance/car-lease-calculator/
finance	car-loan-emi-calculator	https://tooldone.com/finance/car-loan-emi-calculator/
finance	car-refinance-calculator	https://tooldone.com/finance/car-refinance-calculator/
finance	carried-interest-calculator	https://tooldone.com/finance/carried-interest-calculator/
finance	carry-trade-calculator	https://tooldone.com/finance/carry-trade-calculator/
finance	cash-back-calculator	https://tooldone.com/finance/cash-back-calculator/
finance	cash-conversion-cycle-calculator	https://tooldone.com/finance/cash-conversion-cycle-calculator/
finance	cash-flow-to-debt-ratio-calculator	https://tooldone.com/finance/cash-flow-to-debt-ratio-calculator/
finance	cash-out-refinance-calculator	https://tooldone.com/finance/cash-out-refinance-calculator/
finance	cash-ratio-calculator	https://tooldone.com/finance/cash-ratio-calculator/
finance	cd-calculator-certificate-of-deposit	https://tooldone.com/finance/cd-calculator-certificate-of-deposit/
finance	cell-phone-plan-calculator	https://tooldone.com/finance/cell-phone-plan-calculator/
finance	check-digit-calculator	https://tooldone.com/finance/check-digit-calculator/
finance	child-tax-credit-calculator	https://tooldone.com/finance/child-tax-credit-calculator/
finance	churn-rate-calculator	https://tooldone.com/finance/churn-rate-calculator/
finance	cltv-calculator-customer-lifetime-value	https://tooldone.com/finance/cltv-calculator-customer-lifetime-value/
finance	cobb-douglas-production-function-calculator	https://tooldone.com/finance/cobb-douglas-production-function-calculator/
finance	combined-ratio-calculator	https://tooldone.com/finance/combined-ratio-calculator/
finance	commercial-lease-calculator	https://tooldone.com/finance/commercial-lease-calculator/
finance	commission-calculator	https://tooldone.com/finance/commission-calculator/
finance	comparative-advantage-calculator	https://tooldone.com/finance/comparative-advantage-calculator/
finance	compound-growth-calculator	https://tooldone.com/finance/compound-growth-calculator/
finance	compound-interest-calculator	https://tooldone.com/finance/compound-interest-calculator/
finance	compound-interest-rate-calculator	https://tooldone.com/finance/compound-interest-rate-calculator/
finance	consumer-surplus-calculator	https://tooldone.com/finance/consumer-surplus-calculator/
finance	continuous-compound-interest-calculator	https://tooldone.com/finance/continuous-compound-interest-calculator/
finance	contribution-margin-calculator	https://tooldone.com/finance/contribution-margin-calculator/
finance	conversion-rate-calculator	https://tooldone.com/finance/conversion-rate-calculator/
finance	cost-of-capital-calculator	https://tooldone.com/finance/cost-of-capital-calculator/
finance	cost-of-doing-business-calculator	https://tooldone.com/finance/cost-of-doing-business-calculator/
finance	cost-of-equity-calculator	https://tooldone.com/finance/cost-of-equity-calculator/
finance	cost-of-goods-sold-calculator	https://tooldone.com/finance/cost-of-goods-sold-calculator/
finance	coupon-payment-calculator	https://tooldone.com/finance/coupon-payment-calculator/
finance	coupon-rate-calculator	https://tooldone.com/finance/coupon-rate-calculator/
finance	cpa-calculator-cost-per-acquisition	https://tooldone.com/finance/cpa-calculator-cost-per-acquisition/
finance	cpc-and-cpm-calculator	https://tooldone.com/finance/cpc-and-cpm-calculator/
finance	cpi-inflation-calculator-consumer-price-index	https://tooldone.com/finance/cpi-inflation-calculator-consumer-price-index/
finance	cpm-calculator	https://tooldone.com/finance/cpm-calculator/
finance	credit-card-calculator	https://tooldone.com/finance/credit-card-calculator/
finance	credit-card-interest-calculator	https://tooldone.com/finance/credit-card-interest-calculator/
finance	credit-card-minimum-payment-calculator	https://tooldone.com/finance/credit-card-minimum-payment-calculator/
finance	credit-card-payment-calculator	https://tooldone.com/finance/credit-card-payment-calculator/
finance	credit-card-payoff-calculator	https://tooldone.com/finance/credit-card-payoff-calculator/
finance	credit-spread-calculator	https://tooldone.com/finance/credit-spread-calculator/
finance	credit-utilization-calculator	https://tooldone.com/finance/credit-utilization-calculator/
finance	cross-exchange-rate-calculator	https://tooldone.com/finance/cross-exchange-rate-calculator/
finance	cross-price-elasticity-calculator	https://tooldone.com/finance/cross-price-elasticity-calculator/
finance	ctr-calculator	https://tooldone.com/finance/ctr-calculator/
finance	currency-forward-calculator	https://tooldone.com/finance/currency-forward-calculator/
finance	current-ratio-calculator	https://tooldone.com/finance/current-ratio-calculator/
finance	customer-acquisition-cost-calculator-cac-calculator	https://tooldone.com/finance/customer-acquisition-cost-calculator-cac-calculator/
finance	customer-retention-rate-calculator	https://tooldone.com/finance/customer-retention-rate-calculator/
finance	cyber-monday-calculator	https://tooldone.com/finance/cyber-monday-calculator/
finance	dart-rate-calculator	https://tooldone.com/finance/dart-rate-calculator/
finance	days-off-calculator	https://tooldone.com/finance/days-off-calculator/
finance	deadweight-loss-calculator	https://tooldone.com/finance/deadweight-loss-calculator/
finance	debt-avalanche-calculator	https://tooldone.com/finance/debt-avalanche-calculator/
finance	debt-calculator	https://tooldone.com/finance/debt-calculator/
finance	debt-consolidation-calculator	https://tooldone.com/finance/debt-consolidation-calculator/
finance	debt-payoff-calculator	https://tooldone.com/finance/debt-payoff-calculator/
finance	debt-service-coverage-ratio-calculator-dscr	https://tooldone.com/finance/debt-service-coverage-ratio-calculator-dscr/
finance	debt-snowball-calculator	https://tooldone.com/finance/debt-snowball-calculator/
finance	debt-to-asset-ratio-calculator	https://tooldone.com/finance/debt-to-asset-ratio-calculator/
finance	debt-to-capital-ratio-calculator	https://tooldone.com/finance/debt-to-capital-ratio-calculator/
finance	debt-to-equity-calculator	https://tooldone.com/finance/debt-to-equity-calculator/
finance	debt-to-income-ratio-calculator	https://tooldone.com/finance/debt-to-income-ratio-calculator/
finance	defensive-interval-ratio-calculator	https://tooldone.com/finance/defensive-interval-ratio-calculator/
finance	deferred-annuity-calculator	https://tooldone.com/finance/deferred-annuity-calculator/
finance	deferred-payment-loan-calculator	https://tooldone.com/finance/deferred-payment-loan-calculator/
finance	degree-of-operating-leverage-calculator	https://tooldone.com/finance/degree-of-operating-leverage-calculator/
finance	depreciation-calculator	https://tooldone.com/finance/depreciation-calculator/
finance	dio-calculator	https://tooldone.com/finance/dio-calculator/
finance	direct-material-price-variance-calculator	https://tooldone.com/finance/direct-material-price-variance-calculator/
finance	discount-calculator	https://tooldone.com/finance/discount-calculator/
finance	discount-rate-calculator	https://tooldone.com/finance/discount-rate-calculator/
finance	discounted-cash-flow-calculator-dcf	https://tooldone.com/finance/discounted-cash-flow-calculator-dcf/
finance	discretionary-income-calculator	https://tooldone.com/finance/discretionary-income-calculator/
finance	disposable-income-calculator	https://tooldone.com/finance/disposable-income-calculator/
finance	dividend-calculator	https://tooldone.com/finance/dividend-calculator/
finance	dividend-discount-model-calculator	https://tooldone.com/finance/dividend-discount-model-calculator/
finance	dividend-payout-ratio-calculator	https://tooldone.com/finance/dividend-payout-ratio-calculator/
finance	dividend-yield-calculator	https://tooldone.com/finance/dividend-yield-calculator/
finance	double-discount-calculator	https://tooldone.com/finance/double-discount-calculator/
finance	dpo-calculator-days-payable-outstanding	https://tooldone.com/finance/dpo-calculator-days-payable-outstanding/
finance	dream-come-true-calculator	https://tooldone.com/finance/dream-come-true-calculator/
finance	dso-calculator	https://tooldone.com/finance/dso-calculator/
finance	dupont-analysis-calculator	https://tooldone.com/finance/dupont-analysis-calculator/
finance	ear-calculator	https://tooldone.com/finance/ear-calculator/
finance	early-retirement-calculator	https://tooldone.com/finance/early-retirement-calculator/
finance	earnest-money-calculator	https://tooldone.com/finance/earnest-money-calculator/
finance	earnings-per-share-calculator	https://tooldone.com/finance/earnings-per-share-calculator/
finance	earnings-per-share-growth-calculator	https://tooldone.com/finance/earnings-per-share-growth-calculator/
finance	ebit-calculator	https://tooldone.com/finance/ebit-calculator/
finance	ebitda-calculator	https://tooldone.com/finance/ebitda-calculator/
finance	ebitda-margin-calculator	https://tooldone.com/finance/ebitda-margin-calculator/
finance	ebitda-multiple-calculator	https://tooldone.com/finance/ebitda-multiple-calculator/
finance	ebt-calculator-earnings-before-tax	https://tooldone.com/finance/ebt-calculator-earnings-before-tax/
finance	economic-injury-disaster-loan-emergency-advance-eidl	https://tooldone.com/finance/economic-injury-disaster-loan-emergency-advance-eidl/
finance	economic-profit-calculator	https://tooldone.com/finance/economic-profit-calculator/
finance	economic-value-added-calculator	https://tooldone.com/finance/economic-value-added-calculator/
finance	effective-annual-yield-calculator	https://tooldone.com/finance/effective-annual-yield-calculator/
finance	effective-corporate-tax-rate-calculator	https://tooldone.com/finance/effective-corporate-tax-rate-calculator/
finance	effective-duration-calculator	https://tooldone.com/finance/effective-duration-calculator/
finance	effective-interest-rate-calculator	https://tooldone.com/finance/effective-interest-rate-calculator/
finance	elss-calculator-equity-linked-savings-scheme	https://tooldone.com/finance/elss-calculator-equity-linked-savings-scheme/
finance	emergency-fund-calculator	https://tooldone.com/finance/emergency-fund-calculator/
finance	emi-calculator-equated-monthly-installment	https://tooldone.com/finance/emi-calculator-equated-monthly-installment/
finance	emv-calculator-expected-monetary-value	https://tooldone.com/finance/emv-calculator-expected-monetary-value/
finance	ending-inventory-calculator	https://tooldone.com/finance/ending-inventory-calculator/
finance	enterprise-value-calculator	https://tooldone.com/finance/enterprise-value-calculator/
finance	eoq-calculator-economic-order-quantity	https://tooldone.com/finance/eoq-calculator-economic-order-quantity/
finance	epf-calculator	https://tooldone.com/finance/epf-calculator/
finance	equivalent-rate-calculator-aer	https://tooldone.com/finance/equivalent-rate-calculator-aer/
finance	ev-to-sales-calculator-enterprise-value-to-sales	https://tooldone.com/finance/ev-to-sales-calculator-enterprise-value-to-sales/
finance	evm-calculator	https://tooldone.com/finance/evm-calculator/
finance	exit-rate-calculator	https://tooldone.com/finance/exit-rate-calculator/
finance	expected-utility-calculator	https://tooldone.com/finance/expected-utility-calculator/
finance	expense-ratio-calculator	https://tooldone.com/finance/expense-ratio-calculator/
finance	fcfe-calculator	https://tooldone.com/finance/fcfe-calculator/
finance	fcff-calculator-free-cash-flow-to-firm	https://tooldone.com/finance/fcff-calculator-free-cash-flow-to-firm/
finance	fd-calculator-fixed-deposit-calculator	https://tooldone.com/finance/fd-calculator-fixed-deposit-calculator/
finance	ffo-calculator	https://tooldone.com/finance/ffo-calculator/
finance	fha-loan-calculator	https://tooldone.com/finance/fha-loan-calculator/
finance	fibonacci-retracement-calculator	https://tooldone.com/finance/fibonacci-retracement-calculator/
finance	fica-tax-calculator	https://tooldone.com/finance/fica-tax-calculator/
finance	fifo-calculator-for-inventory	https://tooldone.com/finance/fifo-calculator-for-inventory/
finance	finance-charge-calculator	https://tooldone.com/finance/finance-charge-calculator/
finance	financial-leverage-ratio-calculator	https://tooldone.com/finance/financial-leverage-ratio-calculator/
finance	fire-calculator-financial-independence-retire-early	https://tooldone.com/finance/fire-calculator-financial-independence-retire-early/
finance	fisher-effect-calculator	https://tooldone.com/finance/fisher-effect-calculator/
finance	fisher-equation-calculator	https://tooldone.com/finance/fisher-equation-calculator/
finance	fixed-asset-turnover-ratio-calculator	https://tooldone.com/finance/fixed-asset-turnover-ratio-calculator/
finance	florida-sales-tax-calculator	https://tooldone.com/finance/florida-sales-tax-calculator/
finance	forward-premium-calculator	https://tooldone.com/finance/forward-premium-calculator/
finance	forward-rate-calculator	https://tooldone.com/finance/forward-rate-calculator/
finance	free-cash-flow-calculator	https://tooldone.com/finance/free-cash-flow-calculator/
finance	free-float-calculator	https://tooldone.com/finance/free-float-calculator/
finance	full-time-equivalent-fte-calculator	https://tooldone.com/finance/full-time-equivalent-fte-calculator/
finance	future-salary-calculator	https://tooldone.com/finance/future-salary-calculator/
finance	future-value-calculator	https://tooldone.com/finance/future-value-calculator/
finance	future-value-of-annuity-calculator	https://tooldone.com/finance/future-value-of-annuity-calculator/
finance	futures-contracts-calculator	https://tooldone.com/finance/futures-contracts-calculator/
finance	gdp-calculator-gross-domestic-product	https://tooldone.com/finance/gdp-calculator-gross-domestic-product/
finance	gdp-deflator-formula-calculator	https://tooldone.com/finance/gdp-deflator-formula-calculator/
finance	gdp-gap-calculator	https://tooldone.com/finance/gdp-gap-calculator/
finance	gdp-growth-rate-calculator	https://tooldone.com/finance/gdp-growth-rate-calculator/
finance	gdp-per-capita-calculator	https://tooldone.com/finance/gdp-per-capita-calculator/
finance	gift-of-equity-calculator	https://tooldone.com/finance/gift-of-equity-calculator/
finance	gini-coefficient-calculator	https://tooldone.com/finance/gini-coefficient-calculator/
finance	gmroi-calculator-gross-margin-return-on-investment	https://tooldone.com/finance/gmroi-calculator-gross-margin-return-on-investment/
finance	gold-melt-calculator	https://tooldone.com/finance/gold-melt-calculator/
finance	goodwill-calculator	https://tooldone.com/finance/goodwill-calculator/
finance	google-adsense-calculator	https://tooldone.com/finance/google-adsense-calculator/
finance	graham-number-calculator	https://tooldone.com/finance/graham-number-calculator/
finance	gratuity-calculator	https://tooldone.com/finance/gratuity-calculator/
finance	gross-margin-calculator	https://tooldone.com/finance/gross-margin-calculator/
finance	gross-rent-multiplier-calculator	https://tooldone.com/finance/gross-rent-multiplier-calculator/
finance	gross-to-net-calculator	https://tooldone.com/finance/gross-to-net-calculator/
finance	growing-annuity-calculator	https://tooldone.com/finance/growing-annuity-calculator/
finance	grp-calculator	https://tooldone.com/finance/grp-calculator/
finance	gst-calculator	https://tooldone.com/finance/gst-calculator/
finance	gst-qst-calculator-for-canada	https://tooldone.com/finance/gst-qst-calculator-for-canada/
finance	hedge-ratio-calculator	https://tooldone.com/finance/hedge-ratio-calculator/
finance	heloc-calculator	https://tooldone.com/finance/heloc-calculator/
finance	hhi-calculator-herfindahl-hirschman-index-calculator	https://tooldone.com/finance/hhi-calculator-herfindahl-hirschman-index-calculator/
finance	high-low-method-calculator	https://tooldone.com/finance/high-low-method-calculator/
finance	holding-period-return-calculator	https://tooldone.com/finance/holding-period-return-calculator/
finance	home-affordability-calculator	https://tooldone.com/finance/home-affordability-calculator/
finance	home-improvement-loan-calculator	https://tooldone.com/finance/home-improvement-loan-calculator/
finance	home-loan-calculator	https://tooldone.com/finance/home-loan-calculator/
finance	home-loan-emi-calculator	https://tooldone.com/finance/home-loan-emi-calculator/
finance	home-mortgage-calculator	https://tooldone.com/finance/home-mortgage-calculator/
finance	home-value-calculator-us	https://tooldone.com/finance/home-value-calculator-us/
finance	hourly-to-salary-wage-calculator	https://tooldone.com/finance/hourly-to-salary-wage-calculator/
finance	hr-software-roi-calculator	https://tooldone.com/finance/hr-software-roi-calculator/
finance	hra-exemption-calculator	https://tooldone.com/finance/hra-exemption-calculator/
finance	illinois-tax-calculator	https://tooldone.com/finance/illinois-tax-calculator/
finance	immediate-annuity-calculator	https://tooldone.com/finance/immediate-annuity-calculator/
finance	income-elasticity-of-demand-calculator	https://tooldone.com/finance/income-elasticity-of-demand-calculator/
finance	income-tax-calculator-pakistan	https://tooldone.com/finance/income-tax-calculator-pakistan/
finance	income-tax-cuts-calculator-australia-federal-budget-2020-21	https://tooldone.com/finance/income-tax-cuts-calculator-australia-federal-budget-2020-21/
finance	income-tax-philippines-calculator	https://tooldone.com/finance/income-tax-philippines-calculator/
finance	inflation-calculator	https://tooldone.com/finance/inflation-calculator/
finance	information-ratio-calculator	https://tooldone.com/finance/information-ratio-calculator/
finance	interest-coverage-ratio-calculator	https://tooldone.com/finance/interest-coverage-ratio-calculator/
finance	interest-only-mortgage-calculator	https://tooldone.com/finance/interest-only-mortgage-calculator/
finance	interest-rate-calculator	https://tooldone.com/finance/interest-rate-calculator/
finance	interest-rate-parity-calculator	https://tooldone.com/finance/interest-rate-parity-calculator/
finance	intrinsic-value-calculator	https://tooldone.com/finance/intrinsic-value-calculator/
finance	inventory-turnover-calculator	https://tooldone.com/finance/inventory-turnover-calculator/
finance	investment-calculator	https://tooldone.com/finance/investment-calculator/
finance	investment-fee-calculator	https://tooldone.com/finance/investment-fee-calculator/
finance	ira-calculator	https://tooldone.com/finance/ira-calculator/
finance	irr-calculator-internal-rate-of-return	https://tooldone.com/finance/irr-calculator-internal-rate-of-return/
finance	jensens-alpha-calculator	https://tooldone.com/finance/jensens-alpha-calculator/
finance	labor-cost-calculator	https://tooldone.com/finance/labor-cost-calculator/
finance	labor-force-participation-rate-calculator	https://tooldone.com/finance/labor-force-participation-rate-calculator/
finance	land-loan-calculator	https://tooldone.com/finance/land-loan-calculator/
finance	lcr-calculator	https://tooldone.com/finance/lcr-calculator/
finance	lease-calculator	https://tooldone.com/finance/lease-calculator/
finance	lease-mileage-calculator	https://tooldone.com/finance/lease-mileage-calculator/
finance	lemonade-stand-calculator	https://tooldone.com/finance/lemonade-stand-calculator/
finance	lerner-index-calculator	https://tooldone.com/finance/lerner-index-calculator/
finance	levered-free-cash-flow-calculator	https://tooldone.com/finance/levered-free-cash-flow-calculator/
finance	lgd-calculator-loss-given-default	https://tooldone.com/finance/lgd-calculator-loss-given-default/
finance	lifetime-earnings-calculator	https://tooldone.com/finance/lifetime-earnings-calculator/
finance	lifo-calculator-for-inventory	https://tooldone.com/finance/lifo-calculator-for-inventory/
finance	liquid-net-worth-calculator	https://tooldone.com/finance/liquid-net-worth-calculator/
finance	loan-balance-calculator	https://tooldone.com/finance/loan-balance-calculator/
finance	loan-calculator	https://tooldone.com/finance/loan-calculator/
finance	loan-comparison-calculator	https://tooldone.com/finance/loan-comparison-calculator/
finance	loan-interest-calculator	https://tooldone.com/finance/loan-interest-calculator/
finance	loan-payment-calculator	https://tooldone.com/finance/loan-payment-calculator/
finance	loan-repayment-calculator-loan-payoff-calculator	https://tooldone.com/finance/loan-repayment-calculator-loan-payoff-calculator/
finance	long-term-care-calculator	https://tooldone.com/finance/long-term-care-calculator/
finance	loss-ratio-calculator	https://tooldone.com/finance/loss-ratio-calculator/
finance	lottery-annuity-calculator	https://tooldone.com/finance/lottery-annuity-calculator/
finance	lottery-tax-calculator	https://tooldone.com/finance/lottery-tax-calculator/
finance	ltv-calculator-loan-to-value	https://tooldone.com/finance/ltv-calculator-loan-to-value/
finance	lumpsum-calculator	https://tooldone.com/finance/lumpsum-calculator/
finance	man-hours-calculator	https://tooldone.com/finance/man-hours-calculator/
finance	margin-and-markup-calculator	https://tooldone.com/finance/margin-and-markup-calculator/
finance	margin-and-sales-tax-calculator	https://tooldone.com/finance/margin-and-sales-tax-calculator/
finance	margin-and-vat-calculator	https://tooldone.com/finance/margin-and-vat-calculator/
finance	margin-calculator	https://tooldone.com/finance/margin-calculator/
finance	margin-calculator-classic	https://tooldone.com/finance/margin-calculator-classic/
finance	margin-call-calculator	https://tooldone.com/finance/margin-call-calculator/
finance	margin-interest-calculator	https://tooldone.com/finance/margin-interest-calculator/
finance	margin-of-safety-calculator	https://tooldone.com/finance/margin-of-safety-calculator/
finance	margin-with-discount-calculator	https://tooldone.com/finance/margin-with-discount-calculator/
finance	marginal-cost-calculator	https://tooldone.com/finance/marginal-cost-calculator/
finance	marginal-revenue-calculator	https://tooldone.com/finance/marginal-revenue-calculator/
finance	markdown-calculator	https://tooldone.com/finance/markdown-calculator/
finance	market-capitalization-calculator	https://tooldone.com/finance/market-capitalization-calculator/
finance	markup-calculator	https://tooldone.com/finance/markup-calculator/
finance	markup-calculator-classic	https://tooldone.com/finance/markup-calculator-classic/
finance	maturity-value-calculator	https://tooldone.com/finance/maturity-value-calculator/
finance	maximum-drawdown-calculator	https://tooldone.com/finance/maximum-drawdown-calculator/
finance	mega-millions-payout-calculator	https://tooldone.com/finance/mega-millions-payout-calculator/
finance	mileage-reimbursement-calculator	https://tooldone.com/finance/mileage-reimbursement-calculator/
finance	millionaire-calculator	https://tooldone.com/finance/millionaire-calculator/
finance	mirr-calculator-modified-internal-rate-of-return	https://tooldone.com/finance/mirr-calculator-modified-internal-rate-of-return/
finance	missouri-sales-tax-calculator	https://tooldone.com/finance/missouri-sales-tax-calculator/
finance	modified-adjusted-gross-income-magi-calculator	https://tooldone.com/finance/modified-adjusted-gross-income-magi-calculator/
finance	money-counter-calculator	https://tooldone.com/finance/money-counter-calculator/
finance	money-factor-calculator	https://tooldone.com/finance/money-factor-calculator/
finance	money-market-account-calculator	https://tooldone.com/finance/money-market-account-calculator/
finance	money-multiplier-calculator	https://tooldone.com/finance/money-multiplier-calculator/
finance	money-supply-calculator	https://tooldone.com/finance/money-supply-calculator/
finance	month-over-month-calculator	https://tooldone.com/finance/month-over-month-calculator/
finance	moratorium-calculator	https://tooldone.com/finance/moratorium-calculator/
finance	mortgage-acceleration-calculator	https://tooldone.com/finance/mortgage-acceleration-calculator/
finance	mortgage-amortization-calculator	https://tooldone.com/finance/mortgage-amortization-calculator/
finance	mortgage-calculator	https://tooldone.com/finance/mortgage-calculator/
finance	mortgage-calculator-with-taxes-and-insurance	https://tooldone.com/finance/mortgage-calculator-with-taxes-and-insurance/
finance	mortgage-comparison-calculator	https://tooldone.com/finance/mortgage-comparison-calculator/
finance	mortgage-interest-calculator	https://tooldone.com/finance/mortgage-interest-calculator/
finance	mortgage-payoff-calculator	https://tooldone.com/finance/mortgage-payoff-calculator/
finance	mortgage-penalty-calculator	https://tooldone.com/finance/mortgage-penalty-calculator/
finance	mortgage-points-calculator	https://tooldone.com/finance/mortgage-points-calculator/
finance	mortgage-prepayment-calculator	https://tooldone.com/finance/mortgage-prepayment-calculator/
finance	mortgage-rate-calculator	https://tooldone.com/finance/mortgage-rate-calculator/
finance	mortgage-refinance-calculator	https://tooldone.com/finance/mortgage-refinance-calculator/
finance	mortgage-with-extra-payments-calculator	https://tooldone.com/finance/mortgage-with-extra-payments-calculator/
finance	moving-average-calculator	https://tooldone.com/finance/moving-average-calculator/
finance	mpc-calculator	https://tooldone.com/finance/mpc-calculator/
finance	mps-calculator	https://tooldone.com/finance/mps-calculator/
finance	mutual-fund-calculator	https://tooldone.com/finance/mutual-fund-calculator/
finance	mva-calculator	https://tooldone.com/finance/mva-calculator/
finance	national-insurance-calculator	https://tooldone.com/finance/national-insurance-calculator/
finance	natural-rate-of-unemployment-calculator	https://tooldone.com/finance/natural-rate-of-unemployment-calculator/
finance	nav-calculator-net-asset-value	https://tooldone.com/finance/nav-calculator-net-asset-value/
finance	net-debt-calculator	https://tooldone.com/finance/net-debt-calculator/
finance	net-effective-rent-calculator	https://tooldone.com/finance/net-effective-rent-calculator/
finance	net-income-calculator	https://tooldone.com/finance/net-income-calculator/
finance	net-operating-assets-calculator	https://tooldone.com/finance/net-operating-assets-calculator/
finance	net-operating-income-calculator	https://tooldone.com/finance/net-operating-income-calculator/
finance	net-operating-working-capital-calculator	https://tooldone.com/finance/net-operating-working-capital-calculator/
finance	net-profit-margin-calculator	https://tooldone.com/finance/net-profit-margin-calculator/
finance	net-to-gross-calculator	https://tooldone.com/finance/net-to-gross-calculator/
finance	net-worth-calculator	https://tooldone.com/finance/net-worth-calculator/
finance	new-york-tax-calculator	https://tooldone.com/finance/new-york-tax-calculator/
finance	nopat-calculator	https://tooldone.com/finance/nopat-calculator/
finance	nps-calculator	https://tooldone.com/finance/nps-calculator/
finance	nps-calculator-for-india	https://tooldone.com/finance/nps-calculator-for-india/
finance	npv-calculator-net-present-value	https://tooldone.com/finance/npv-calculator-net-present-value/
finance	nsfr-calculator	https://tooldone.com/finance/nsfr-calculator/
finance	occupancy-rate-calculator	https://tooldone.com/finance/occupancy-rate-calculator/
finance	ohio-sales-tax-calculator	https://tooldone.com/finance/ohio-sales-tax-calculator/
finance	okuns-law-calculator	https://tooldone.com/finance/okuns-law-calculator/
finance	online-marketing-conversion-calculator	https://tooldone.com/finance/online-marketing-conversion-calculator/
finance	operating-asset-turnover-calculator	https://tooldone.com/finance/operating-asset-turnover-calculator/
finance	operating-cash-flow-calculator	https://tooldone.com/finance/operating-cash-flow-calculator/
finance	operating-cash-flow-ratio-calculator	https://tooldone.com/finance/operating-cash-flow-ratio-calculator/
finance	operating-margin-calculator	https://tooldone.com/finance/operating-margin-calculator/
finance	opportunity-cost-calculator	https://tooldone.com/finance/opportunity-cost-calculator/
finance	optimal-hedge-ratio-calculator	https://tooldone.com/finance/optimal-hedge-ratio-calculator/
finance	optimal-price-calculator	https://tooldone.com/finance/optimal-price-calculator/
finance	options-spread-calculator	https://tooldone.com/finance/options-spread-calculator/
finance	overtime-calculator	https://tooldone.com/finance/overtime-calculator/
finance	pag-ibig-housing-loan-calculator	https://tooldone.com/finance/pag-ibig-housing-loan-calculator/
finance	parking-ratio-calculator	https://tooldone.com/finance/parking-ratio-calculator/
finance	partially-amortized-loan-calculator	https://tooldone.com/finance/partially-amortized-loan-calculator/
finance	pay-raise-calculator	https://tooldone.com/finance/pay-raise-calculator/
finance	payback-period-calculator	https://tooldone.com/finance/payback-period-calculator/
finance	paycheck-protection-program-loan-calculator	https://tooldone.com/finance/paycheck-protection-program-loan-calculator/
finance	payday-loan-calculator	https://tooldone.com/finance/payday-loan-calculator/
finance	paypal-fee-calculator	https://tooldone.com/finance/paypal-fee-calculator/
finance	peg-ratio-calculator	https://tooldone.com/finance/peg-ratio-calculator/
finance	percent-off-calculator	https://tooldone.com/finance/percent-off-calculator/
finance	percentage-discount-calculator	https://tooldone.com/finance/percentage-discount-calculator/
finance	percentage-return-calculator	https://tooldone.com/finance/percentage-return-calculator/
finance	perpetuity-calculator	https://tooldone.com/finance/perpetuity-calculator/
finance	personal-loan-calculator	https://tooldone.com/finance/personal-loan-calculator/
finance	personal-loan-emi-calculator	https://tooldone.com/finance/personal-loan-emi-calculator/
finance	phillips-curve-calculator	https://tooldone.com/finance/phillips-curve-calculator/
finance	piti-calculator	https://tooldone.com/finance/piti-calculator/
finance	pivot-point-calculator	https://tooldone.com/finance/pivot-point-calculator/
finance	pmi-calculator	https://tooldone.com/finance/pmi-calculator/
finance	portfolio-beta-calculator	https://tooldone.com/finance/portfolio-beta-calculator/
finance	post-judgment-interest-calculator	https://tooldone.com/finance/post-judgment-interest-calculator/
finance	post-office-monthly-income-scheme-calculator	https://tooldone.com/finance/post-office-monthly-income-scheme-calculator/
finance	powerball-calculator	https://tooldone.com/finance/powerball-calculator/
finance	ppf-calculator	https://tooldone.com/finance/ppf-calculator/
finance	ppp-calculator-purchasing-power-parity	https://tooldone.com/finance/ppp-calculator-purchasing-power-parity/
finance	pre-and-post-money-valuation-calculator	https://tooldone.com/finance/pre-and-post-money-valuation-calculator/
finance	present-value-calculator	https://tooldone.com/finance/present-value-calculator/
finance	present-value-of-annuity-calculator	https://tooldone.com/finance/present-value-of-annuity-calculator/
finance	price-elasticity-of-demand-calculator	https://tooldone.com/finance/price-elasticity-of-demand-calculator/
finance	price-elasticity-of-supply-calculator	https://tooldone.com/finance/price-elasticity-of-supply-calculator/
finance	price-per-square-foot-calculator	https://tooldone.com/finance/price-per-square-foot-calculator/
finance	price-per-square-meter-calculator	https://tooldone.com/finance/price-per-square-meter-calculator/
finance	price-quantity-calculator	https://tooldone.com/finance/price-quantity-calculator/
finance	price-to-book-ratio-calculator	https://tooldone.com/finance/price-to-book-ratio-calculator/
finance	price-to-cash-flow-ratio-calculator	https://tooldone.com/finance/price-to-cash-flow-ratio-calculator/
finance	price-to-earnings-ratio-calculator	https://tooldone.com/finance/price-to-earnings-ratio-calculator/
finance	price-to-sales-ratio-calculator	https://tooldone.com/finance/price-to-sales-ratio-calculator/
finance	private-savings-calculator	https://tooldone.com/finance/private-savings-calculator/
finance	productivity-calculator	https://tooldone.com/finance/productivity-calculator/
finance	profit-calculator	https://tooldone.com/finance/profit-calculator/
finance	profitability-index-calculator	https://tooldone.com/finance/profitability-index-calculator/
finance	prorated-rent-calculator	https://tooldone.com/finance/prorated-rent-calculator/
finance	prorated-salary-calculator	https://tooldone.com/finance/prorated-salary-calculator/
finance	put-call-parity-calculator	https://tooldone.com/finance/put-call-parity-calculator/
finance	pvgo-calculator	https://tooldone.com/finance/pvgo-calculator/
finance	pvifa-calculator	https://tooldone.com/finance/pvifa-calculator/
finance	quick-ratio-calculator	https://tooldone.com/finance/quick-ratio-calculator/
finance	rate-of-return-calculator	https://tooldone.com/finance/rate-of-return-calculator/
finance	rd-calculator-recurring-deposit	https://tooldone.com/finance/rd-calculator-recurring-deposit/
finance	real-estate-commission-calculator	https://tooldone.com/finance/real-estate-commission-calculator/
finance	real-gdp-calculator	https://tooldone.com/finance/real-gdp-calculator/
finance	real-interest-rate-calculator	https://tooldone.com/finance/real-interest-rate-calculator/
finance	real-rate-of-return-calculator	https://tooldone.com/finance/real-rate-of-return-calculator/
finance	realtor-commission-calculator-with-vat	https://tooldone.com/finance/realtor-commission-calculator-with-vat/
finance	receivables-turnover-ratio-calculator	https://tooldone.com/finance/receivables-turnover-ratio-calculator/
finance	refinance-break-even-calculator	https://tooldone.com/finance/refinance-break-even-calculator/
finance	refinance-calculator	https://tooldone.com/finance/refinance-calculator/
finance	relative-strength-index-calculator-rsi	https://tooldone.com/finance/relative-strength-index-calculator-rsi/
finance	remote-vs-on-location-workers-calculator	https://tooldone.com/finance/remote-vs-on-location-workers-calculator/
finance	rent-calculator	https://tooldone.com/finance/rent-calculator/
finance	rent-increase-calculator	https://tooldone.com/finance/rent-increase-calculator/
finance	rent-or-buy-calculator	https://tooldone.com/finance/rent-or-buy-calculator/
finance	rental-commission-calculator	https://tooldone.com/finance/rental-commission-calculator/
finance	rental-property-calculator	https://tooldone.com/finance/rental-property-calculator/
finance	reserve-ratio-calculator	https://tooldone.com/finance/reserve-ratio-calculator/
finance	residual-income-calculator	https://tooldone.com/finance/residual-income-calculator/
finance	retained-earnings-calculator	https://tooldone.com/finance/retained-earnings-calculator/
finance	retention-ratio-calculator	https://tooldone.com/finance/retention-ratio-calculator/
finance	retirement-calculator	https://tooldone.com/finance/retirement-calculator/
finance	retirement-withdrawal-calculator	https://tooldone.com/finance/retirement-withdrawal-calculator/
finance	return-on-assets-calculator	https://tooldone.com/finance/return-on-assets-calculator/
finance	return-on-capital-employed-calculator-roce	https://tooldone.com/finance/return-on-capital-employed-calculator-roce/
finance	return-on-equity-calculator	https://tooldone.com/finance/return-on-equity-calculator/
finance	return-on-sales-calculator	https://tooldone.com/finance/return-on-sales-calculator/
finance	revenue-calculator	https://tooldone.com/finance/revenue-calculator/
finance	revenue-growth-calculator	https://tooldone.com/finance/revenue-growth-calculator/
finance	revenue-per-employee-calculator	https://tooldone.com/finance/revenue-per-employee-calculator/
finance	rmd-calculator-required-minimum-distributions-calculator	https://tooldone.com/finance/rmd-calculator-required-minimum-distributions-calculator/
finance	roas-calculator	https://tooldone.com/finance/roas-calculator/
finance	roi-calculator-return-on-investment	https://tooldone.com/finance/roi-calculator-return-on-investment/
finance	roic-calculator-return-on-invested-capital	https://tooldone.com/finance/roic-calculator-return-on-invested-capital/
finance	roth-ira-calculator	https://tooldone.com/finance/roth-ira-calculator/
finance	rule-of-72-calculator	https://tooldone.com/finance/rule-of-72-calculator/
finance	rv-loan-calculator	https://tooldone.com/finance/rv-loan-calculator/
finance	saas-lifetime-value-calculator	https://tooldone.com/finance/saas-lifetime-value-calculator/
finance	saas-metrics-calculator	https://tooldone.com/finance/saas-metrics-calculator/
finance	sabbatical-calculator	https://tooldone.com/finance/sabbatical-calculator/
finance	salary-calculator	https://tooldone.com/finance/salary-calculator/
finance	salary-inflation-calculator	https://tooldone.com/finance/salary-inflation-calculator/
finance	salary-to-hourly-calculator	https://tooldone.com/finance/salary-to-hourly-calculator/
finance	sales-calculator	https://tooldone.com/finance/sales-calculator/
finance	sales-commission-calculator	https://tooldone.com/finance/sales-commission-calculator/
finance	sales-tax-calculator	https://tooldone.com/finance/sales-tax-calculator/
finance	sales-tax-calculator-new-jersey	https://tooldone.com/finance/sales-tax-calculator-new-jersey/
finance	savings-calculator	https://tooldone.com/finance/savings-calculator/
finance	savings-goal-calculator	https://tooldone.com/finance/savings-goal-calculator/
finance	savings-interest-rate-calculator	https://tooldone.com/finance/savings-interest-rate-calculator/
finance	savings-plan-calculator	https://tooldone.com/finance/savings-plan-calculator/
finance	savings-withdrawal-calculator	https://tooldone.com/finance/savings-withdrawal-calculator/
finance	scrap-gold-calculator	https://tooldone.com/finance/scrap-gold-calculator/
finance	scrap-silver-calculator	https://tooldone.com/finance/scrap-silver-calculator/
finance	second-stimulus-check-calculator-900-billion-bill	https://tooldone.com/finance/second-stimulus-check-calculator-900-billion-bill/
finance	second-stimulus-check-calculator-cash-act	https://tooldone.com/finance/second-stimulus-check-calculator-cash-act/
finance	second-stimulus-check-calculator-heals-act	https://tooldone.com/finance/second-stimulus-check-calculator-heals-act/
finance	second-stimulus-check-calculator-heroes-act	https://tooldone.com/finance/second-stimulus-check-calculator-heroes-act/
finance	sell-through-rate-calculator	https://tooldone.com/finance/sell-through-rate-calculator/
finance	sharpe-ratio-calculator	https://tooldone.com/finance/sharpe-ratio-calculator/
finance	silver-melt-calculator	https://tooldone.com/finance/silver-melt-calculator/
finance	simple-interest-calculator	https://tooldone.com/finance/simple-interest-calculator/
finance	simple-savings-calculator	https://tooldone.com/finance/simple-savings-calculator/
finance	sinking-fund-calculator	https://tooldone.com/finance/sinking-fund-calculator/
finance	sip-calculator-lumpsum	https://tooldone.com/finance/sip-calculator-lumpsum/
finance	sip-calculator-systematic-investment-plan	https://tooldone.com/finance/sip-calculator-systematic-investment-plan/
finance	smokers-ctc-calculator-cost-to-company	https://tooldone.com/finance/smokers-ctc-calculator-cost-to-company/
finance	software-contract-value-calculator	https://tooldone.com/finance/software-contract-value-calculator/
finance	sortino-ratio-calculator	https://tooldone.com/finance/sortino-ratio-calculator/
finance	spending-multiplier-calculator	https://tooldone.com/finance/spending-multiplier-calculator/
finance	stamp-duty-land-tax-calculator-uk	https://tooldone.com/finance/stamp-duty-land-tax-calculator-uk/
finance	state-tax-calculator	https://tooldone.com/finance/state-tax-calculator/
finance	stimulus-check-calculator	https://tooldone.com/finance/stimulus-check-calculator/
finance	stimulus-check-calculator-40k-cap	https://tooldone.com/finance/stimulus-check-calculator-40k-cap/
finance	stimulus-check-calculator-caaf-act-vs-heals-act-vs-heroes-act	https://tooldone.com/finance/stimulus-check-calculator-caaf-act-vs-heals-act-vs-heroes-act/
finance	stock-average-calculator-cost-basis	https://tooldone.com/finance/stock-average-calculator-cost-basis/
finance	stock-calculator	https://tooldone.com/finance/stock-calculator/
finance	student-loan-calculator	https://tooldone.com/finance/student-loan-calculator/
finance	student-loan-forgiveness-calculator	https://tooldone.com/finance/student-loan-forgiveness-calculator/
finance	student-loan-payment-calculator	https://tooldone.com/finance/student-loan-payment-calculator/
finance	student-loan-repayment-calculator-covid-19	https://tooldone.com/finance/student-loan-repayment-calculator-covid-19/
finance	sukanya-samriddhi-yojana-calculator	https://tooldone.com/finance/sukanya-samriddhi-yojana-calculator/
finance	sustainable-growth-rate-calculator	https://tooldone.com/finance/sustainable-growth-rate-calculator/
finance	swp-calculator-systematic-withdrawal-plan	https://tooldone.com/finance/swp-calculator-systematic-withdrawal-plan/
finance	take-home-pay-calculator-uk	https://tooldone.com/finance/take-home-pay-calculator-uk/
finance	tax-bracket-calculator	https://tooldone.com/finance/tax-bracket-calculator/
finance	tax-equivalent-yield-calculator	https://tooldone.com/finance/tax-equivalent-yield-calculator/
finance	taylor-rule-calculator	https://tooldone.com/finance/taylor-rule-calculator/
finance	tds-interest-calculator	https://tooldone.com/finance/tds-interest-calculator/
finance	tenure-calculator	https://tooldone.com/finance/tenure-calculator/
finance	texas-tax-calculator	https://tooldone.com/finance/texas-tax-calculator/
finance	third-stimulus-check-calculator-american-rescue-plan	https://tooldone.com/finance/third-stimulus-check-calculator-american-rescue-plan/
finance	time-and-a-half-calculator	https://tooldone.com/finance/time-and-a-half-calculator/
finance	time-value-of-money-calculator	https://tooldone.com/finance/time-value-of-money-calculator/
finance	times-interest-earned-ratio-calculator	https://tooldone.com/finance/times-interest-earned-ratio-calculator/
finance	total-asset-turnover-calculator	https://tooldone.com/finance/total-asset-turnover-calculator/
finance	treynor-ratio-calculator	https://tooldone.com/finance/treynor-ratio-calculator/
finance	triple-discount-calculator	https://tooldone.com/finance/triple-discount-calculator/
finance	trir-calculator	https://tooldone.com/finance/trir-calculator/
finance	true-cost-of-real-estate-commission-calculator	https://tooldone.com/finance/true-cost-of-real-estate-commission-calculator/
finance	trump-tariff-calculator	https://tooldone.com/finance/trump-tariff-calculator/
finance	trumps-taxes-vs-your-taxes-calculator	https://tooldone.com/finance/trumps-taxes-vs-your-taxes-calculator/
finance	ttm-calculator-trailing-twelve-months	https://tooldone.com/finance/ttm-calculator-trailing-twelve-months/
finance	turnover-rate-calculator	https://tooldone.com/finance/turnover-rate-calculator/
finance	unemployment-benefit-calculator-cares-act	https://tooldone.com/finance/unemployment-benefit-calculator-cares-act/
finance	unemployment-benefit-calculator-heals-act-vs-heroes-act	https://tooldone.com/finance/unemployment-benefit-calculator-heals-act-vs-heroes-act/
finance	unemployment-benefit-calculator-lost-wages-assistance-lwa	https://tooldone.com/finance/unemployment-benefit-calculator-lost-wages-assistance-lwa/
finance	unemployment-calculator-unemployment-rate	https://tooldone.com/finance/unemployment-calculator-unemployment-rate/
finance	unlevered-beta-calculator	https://tooldone.com/finance/unlevered-beta-calculator/
finance	unlevered-free-cash-flow-calculator	https://tooldone.com/finance/unlevered-free-cash-flow-calculator/
finance	unpaid-work-calculator	https://tooldone.com/finance/unpaid-work-calculator/
finance	us-income-percentile-calculator	https://tooldone.com/finance/us-income-percentile-calculator/
finance	va-disability-calculator	https://tooldone.com/finance/va-disability-calculator/
finance	va-loan-calculator	https://tooldone.com/finance/va-loan-calculator/
finance	value-at-risk-calculator-var	https://tooldone.com/finance/value-at-risk-calculator-var/
finance	variable-annuity-calculator	https://tooldone.com/finance/variable-annuity-calculator/
finance	vat-calculator	https://tooldone.com/finance/vat-calculator/
finance	velocity-of-money-calculator	https://tooldone.com/finance/velocity-of-money-calculator/
finance	wacc-calculator-weighted-average-cost-of-capital	https://tooldone.com/finance/wacc-calculator-weighted-average-cost-of-capital/
finance	website-ad-revenue-calculator	https://tooldone.com/finance/website-ad-revenue-calculator/
finance	wedding-budget-calculator	https://tooldone.com/finance/wedding-budget-calculator/
finance	what-to-offer-on-a-house-calculator	https://tooldone.com/finance/what-to-offer-on-a-house-calculator/
finance	working-capital-calculator	https://tooldone.com/finance/working-capital-calculator/
finance	working-capital-turnover-ratio-calculator	https://tooldone.com/finance/working-capital-turnover-ratio-calculator/
finance	year-over-year-growth-calculator	https://tooldone.com/finance/year-over-year-growth-calculator/
finance	yield-to-call-calculator	https://tooldone.com/finance/yield-to-call-calculator/
finance	yield-to-maturity-calculator	https://tooldone.com/finance/yield-to-maturity-calculator/
finance	youtube-money-calculator	https://tooldone.com/finance/youtube-money-calculator/
finance	zakat-calculator	https://tooldone.com/finance/zakat-calculator/
health	20-20-vision-calculator-for-2020	https://tooldone.com/health/20-20-vision-calculator-for-2020/
health	4t-score-calculator-hit	https://tooldone.com/health/4t-score-calculator-hit/
health	6-minute-walk-test-calculator	https://tooldone.com/health/6-minute-walk-test-calculator/
health	a1c-calculator-hemoglobin-a1c-to-average-blood-sugar	https://tooldone.com/health/a1c-calculator-hemoglobin-a1c-to-average-blood-sugar/
health	aa-gradient-calculator	https://tooldone.com/health/aa-gradient-calculator/
health	abi-calculator-ankle-brachial-index	https://tooldone.com/health/abi-calculator-ankle-brachial-index/
health	absi-calculator	https://tooldone.com/health/absi-calculator/
health	absolute-eosinophil-count-calculator	https://tooldone.com/health/absolute-eosinophil-count-calculator/
health	absolute-lymphocyte-count-calculator	https://tooldone.com/health/absolute-lymphocyte-count-calculator/
health	absolute-reticulocyte-count-calculator	https://tooldone.com/health/absolute-reticulocyte-count-calculator/
health	acft-calculator	https://tooldone.com/health/acft-calculator/
health	acid-base-calculator	https://tooldone.com/health/acid-base-calculator/
health	added-sugar-intake-calculator	https://tooldone.com/health/added-sugar-intake-calculator/
health	adderall-dosage-calculator	https://tooldone.com/health/adderall-dosage-calculator/
health	addiction-calculator	https://tooldone.com/health/addiction-calculator/
health	adjusted-age-calculator	https://tooldone.com/health/adjusted-age-calculator/
health	adjusted-body-weight-calculator	https://tooldone.com/health/adjusted-body-weight-calculator/
health	adrenal-washout-calculator	https://tooldone.com/health/adrenal-washout-calculator/
health	age-adjusted-d-dimer-calculator	https://tooldone.com/health/age-adjusted-d-dimer-calculator/
health	ahi-calculator-apnea-hypopnea-index	https://tooldone.com/health/ahi-calculator-apnea-hypopnea-index/
health	air-force-pt-calculator	https://tooldone.com/health/air-force-pt-calculator/
health	albumin-creatinine-ratio-calculator	https://tooldone.com/health/albumin-creatinine-ratio-calculator/
health	albumin-globulin-ratio-calculator	https://tooldone.com/health/albumin-globulin-ratio-calculator/
health	alcohol-unit-calculator	https://tooldone.com/health/alcohol-unit-calculator/
health	aldrete-score-calculator	https://tooldone.com/health/aldrete-score-calculator/
health	aleve-dosage-calculator	https://tooldone.com/health/aleve-dosage-calculator/
health	allowable-blood-loss-calculator	https://tooldone.com/health/allowable-blood-loss-calculator/
health	alvarado-score-calculator	https://tooldone.com/health/alvarado-score-calculator/
health	alzheimers-life-expectancy-calculator	https://tooldone.com/health/alzheimers-life-expectancy-calculator/
health	amoxicillin-pediatric-dosage-calculator	https://tooldone.com/health/amoxicillin-pediatric-dosage-calculator/
health	anc-calculator-absolute-neutrophil-count	https://tooldone.com/health/anc-calculator-absolute-neutrophil-count/
health	anc-calculator-without-bands	https://tooldone.com/health/anc-calculator-without-bands/
health	anion-gap-calculator	https://tooldone.com/health/anion-gap-calculator/
health	aortic-valve-area-calculator	https://tooldone.com/health/aortic-valve-area-calculator/
health	apache-ii-calculator	https://tooldone.com/health/apache-ii-calculator/
health	apft-calculator	https://tooldone.com/health/apft-calculator/
health	apgar-score-calculator	https://tooldone.com/health/apgar-score-calculator/
health	apri-calculator	https://tooldone.com/health/apri-calculator/
health	army-body-fat-calculator	https://tooldone.com/health/army-body-fat-calculator/
health	arterial-age-calculator	https://tooldone.com/health/arterial-age-calculator/
health	arterial-blood-ph-calculator	https://tooldone.com/health/arterial-blood-ph-calculator/
health	ast-alt-ratio-calculator	https://tooldone.com/health/ast-alt-ratio-calculator/
health	audit-c-calculator-am-i-an-alcoholic	https://tooldone.com/health/audit-c-calculator-am-i-an-alcoholic/
health	audit-score-calculator	https://tooldone.com/health/audit-score-calculator/
health	baby-eye-color-calculator	https://tooldone.com/health/baby-eye-color-calculator/
health	baby-formula-calculator	https://tooldone.com/health/baby-formula-calculator/
health	baby-percentile-calculator	https://tooldone.com/health/baby-percentile-calculator/
health	babys-milk-intake-calculator	https://tooldone.com/health/babys-milk-intake-calculator/
health	bac-calculator-blood-alcohol-content	https://tooldone.com/health/bac-calculator-blood-alcohol-content/
health	bai-calculator-body-adiposity-index	https://tooldone.com/health/bai-calculator-body-adiposity-index/
health	barthel-index-calculator	https://tooldone.com/health/barthel-index-calculator/
health	basdai-score-calculator	https://tooldone.com/health/basdai-score-calculator/
health	bbt-calculator-basal-body-temperature	https://tooldone.com/health/bbt-calculator-basal-body-temperature/
health	bed-calculator	https://tooldone.com/health/bed-calculator/
health	bedridden-patient-height-calculator	https://tooldone.com/health/bedridden-patient-height-calculator/
health	bee-calculator	https://tooldone.com/health/bee-calculator/
health	beighton-score-calculator	https://tooldone.com/health/beighton-score-calculator/
health	benadryl-dosage-calculator	https://tooldone.com/health/benadryl-dosage-calculator/
health	benzodiazepine-conversion-calculator	https://tooldone.com/health/benzodiazepine-conversion-calculator/
health	berg-balance-test-calculator	https://tooldone.com/health/berg-balance-test-calculator/
health	bicarbonate-deficit-calculator	https://tooldone.com/health/bicarbonate-deficit-calculator/
health	bims-calculator-brief-interview-for-mental-status	https://tooldone.com/health/bims-calculator-brief-interview-for-mental-status/
health	birth-control-calculator	https://tooldone.com/health/birth-control-calculator/
health	birth-weight-percentile-calculator	https://tooldone.com/health/birth-weight-percentile-calculator/
health	bishop-score-calculator	https://tooldone.com/health/bishop-score-calculator/
health	bladder-volume-calculator	https://tooldone.com/health/bladder-volume-calculator/
health	blood-donation-due-date-calculator	https://tooldone.com/health/blood-donation-due-date-calculator/
health	blood-donor-calculator	https://tooldone.com/health/blood-donor-calculator/
health	blood-pressure-calculator	https://tooldone.com/health/blood-pressure-calculator/
health	blood-sugar-converter	https://tooldone.com/health/blood-sugar-converter/
health	blood-type-calculator	https://tooldone.com/health/blood-type-calculator/
health	blood-volume-calculator	https://tooldone.com/health/blood-volume-calculator/
health	bmi-calculator-body-mass-index	https://tooldone.com/health/bmi-calculator-body-mass-index/
health	bmi-calculator-for-kids	https://tooldone.com/health/bmi-calculator-for-kids/
health	bmi-calculator-for-men	https://tooldone.com/health/bmi-calculator-for-men/
health	bmi-calculator-for-teens	https://tooldone.com/health/bmi-calculator-for-teens/
health	bmi-calculator-for-women	https://tooldone.com/health/bmi-calculator-for-women/
health	bmi-percentile-calculator	https://tooldone.com/health/bmi-percentile-calculator/
health	bmi-weight-loss-calculator	https://tooldone.com/health/bmi-weight-loss-calculator/
health	bmr-calculator-basal-metabolic-rate-mifflin-st-jeor-equation	https://tooldone.com/health/bmr-calculator-basal-metabolic-rate-mifflin-st-jeor-equation/
health	bode-index-calculator	https://tooldone.com/health/bode-index-calculator/
health	body-fat-calculator	https://tooldone.com/health/body-fat-calculator/
health	body-frame-size-calculator	https://tooldone.com/health/body-frame-size-calculator/
health	body-shape-calculator	https://tooldone.com/health/body-shape-calculator/
health	braden-score-calculator	https://tooldone.com/health/braden-score-calculator/
health	breast-cancer-recurrence-risk-calculator	https://tooldone.com/health/breast-cancer-recurrence-risk-calculator/
health	breast-cancer-risk-calculator	https://tooldone.com/health/breast-cancer-risk-calculator/
health	breastfeeding-calorie-calculator	https://tooldone.com/health/breastfeeding-calorie-calculator/
health	bri-calculator-body-roundness-index	https://tooldone.com/health/bri-calculator-body-roundness-index/
health	bsa-calculator-body-surface-area	https://tooldone.com/health/bsa-calculator-body-surface-area/
health	bun-creatinine-ratio-calculator	https://tooldone.com/health/bun-creatinine-ratio-calculator/
health	caffeine-calculator	https://tooldone.com/health/caffeine-calculator/
health	cage-questionnaire-calculator	https://tooldone.com/health/cage-questionnaire-calculator/
health	calorie-calculator	https://tooldone.com/health/calorie-calculator/
health	calorie-deficit-calculator	https://tooldone.com/health/calorie-deficit-calculator/
health	calorie-intake-calculator-simple	https://tooldone.com/health/calorie-intake-calculator-simple/
health	carb-calculator-carbohydrates	https://tooldone.com/health/carb-calculator-carbohydrates/
health	carboplatin-calculator	https://tooldone.com/health/carboplatin-calculator/
health	cardiac-index-calculator	https://tooldone.com/health/cardiac-index-calculator/
health	cardiac-output-calculator	https://tooldone.com/health/cardiac-output-calculator/
health	cdai-calculator-crohns-disease-activity-index	https://tooldone.com/health/cdai-calculator-crohns-disease-activity-index/
health	cefdinir-dose-calculator	https://tooldone.com/health/cefdinir-dose-calculator/
health	centor-score-calculator-modified-mcisaac	https://tooldone.com/health/centor-score-calculator-modified-mcisaac/
health	cerebral-perfusion-pressure-calculator	https://tooldone.com/health/cerebral-perfusion-pressure-calculator/
health	cha2ds2-vasc-calculator	https://tooldone.com/health/cha2ds2-vasc-calculator/
health	chances-of-having-twins-calculator	https://tooldone.com/health/chances-of-having-twins-calculator/
health	charlson-comorbidity-index-calculator	https://tooldone.com/health/charlson-comorbidity-index-calculator/
health	child-pugh-calculator	https://tooldone.com/health/child-pugh-calculator/
health	cholesterol-ratio-calculator	https://tooldone.com/health/cholesterol-ratio-calculator/
health	cholesterol-units-converter	https://tooldone.com/health/cholesterol-units-converter/
health	cigarette-calculator	https://tooldone.com/health/cigarette-calculator/
health	ciwa-calculator	https://tooldone.com/health/ciwa-calculator/
health	clomid-ovulation-calculator	https://tooldone.com/health/clomid-ovulation-calculator/
health	conception-calculator	https://tooldone.com/health/conception-calculator/
health	coronavirus-protection-swiss-cheese-model	https://tooldone.com/health/coronavirus-protection-swiss-cheese-model/
health	corrected-calcium-calculator	https://tooldone.com/health/corrected-calcium-calculator/
health	corrected-magnesium-calculator	https://tooldone.com/health/corrected-magnesium-calculator/
health	corrected-reticulocyte-count-calculator	https://tooldone.com/health/corrected-reticulocyte-count-calculator/
health	covid-19-mortality-risk-calculator	https://tooldone.com/health/covid-19-mortality-risk-calculator/
health	creatinine-clearance-calculator	https://tooldone.com/health/creatinine-clearance-calculator/
health	crown-rump-length-calculator	https://tooldone.com/health/crown-rump-length-calculator/
health	curb-65-calculator	https://tooldone.com/health/curb-65-calculator/
health	cvd-risk-calculator-cardiovascular-disease-10-year-risk	https://tooldone.com/health/cvd-risk-calculator-cardiovascular-disease-10-year-risk/
health	dapt-calculator	https://tooldone.com/health/dapt-calculator/
health	dasi-calculator-duke-activity-status-index	https://tooldone.com/health/dasi-calculator-duke-activity-status-index/
health	dead-space-calculator	https://tooldone.com/health/dead-space-calculator/
health	denver-hiv-risk-score-calculator	https://tooldone.com/health/denver-hiv-risk-score-calculator/
health	depression-screening-by-phq-2-calculator	https://tooldone.com/health/depression-screening-by-phq-2-calculator/
health	diabetes-risk-calculator	https://tooldone.com/health/diabetes-risk-calculator/
health	diabetic-ketoacidosis-calculator	https://tooldone.com/health/diabetic-ketoacidosis-calculator/
health	dic-syndrome-calculator	https://tooldone.com/health/dic-syndrome-calculator/
health	diet-risk-score-calculator	https://tooldone.com/health/diet-risk-score-calculator/
health	diffuse-large-b-cell-lymphoma-prognosis-calculator	https://tooldone.com/health/diffuse-large-b-cell-lymphoma-prognosis-calculator/
health	dog-walking-benefits-calculator	https://tooldone.com/health/dog-walking-benefits-calculator/
health	doppler-echo-cardiac-output-calculator	https://tooldone.com/health/doppler-echo-cardiac-output-calculator/
health	dosage-calculator	https://tooldone.com/health/dosage-calculator/
health	dri-calculator	https://tooldone.com/health/dri-calculator/
health	drip-rate-calculator	https://tooldone.com/health/drip-rate-calculator/
health	drops-per-minute-calculator	https://tooldone.com/health/drops-per-minute-calculator/
health	drug-half-life-calculator	https://tooldone.com/health/drug-half-life-calculator/
health	dudit-calculator	https://tooldone.com/health/dudit-calculator/
health	due-date-calculator	https://tooldone.com/health/due-date-calculator/
health	duke-treadmill-score-calculator	https://tooldone.com/health/duke-treadmill-score-calculator/
health	easi-score-calculator	https://tooldone.com/health/easi-score-calculator/
health	ecg-boxes-to-seconds-calculator	https://tooldone.com/health/ecg-boxes-to-seconds-calculator/
health	ecg-heart-rate-calculator	https://tooldone.com/health/ecg-heart-rate-calculator/
health	edd-calculator-estimated-date-of-delivery	https://tooldone.com/health/edd-calculator-estimated-date-of-delivery/
health	eer-calculator-estimated-energy-requirement	https://tooldone.com/health/eer-calculator-estimated-energy-requirement/
health	egg-freezing-calculator	https://tooldone.com/health/egg-freezing-calculator/
health	endotracheal-tube-size-calculator	https://tooldone.com/health/endotracheal-tube-size-calculator/
health	eortc-bladder-cancer-recurrence-and-progression-calculator	https://tooldone.com/health/eortc-bladder-cancer-recurrence-and-progression-calculator/
health	epds-calculator	https://tooldone.com/health/epds-calculator/
health	epworth-sleepiness-scale-calculator	https://tooldone.com/health/epworth-sleepiness-scale-calculator/
health	eroa-mitral-regurgitation-calculator	https://tooldone.com/health/eroa-mitral-regurgitation-calculator/
health	estimated-average-glucose-calculator	https://tooldone.com/health/estimated-average-glucose-calculator/
health	event-risk-calculator-coronavirus	https://tooldone.com/health/event-risk-calculator-coronavirus/
health	exclusive-pumping-calculator	https://tooldone.com/health/exclusive-pumping-calculator/
health	face-shape-calculator	https://tooldone.com/health/face-shape-calculator/
health	fagerstrom-test-for-nicotine-dependence-calculator	https://tooldone.com/health/fagerstrom-test-for-nicotine-dependence-calculator/
health	fat-intake-calculator	https://tooldone.com/health/fat-intake-calculator/
health	fatigue-severity-scale-calculator	https://tooldone.com/health/fatigue-severity-scale-calculator/
health	fena-calculator-fractional-excretion-of-sodium	https://tooldone.com/health/fena-calculator-fractional-excretion-of-sodium/
health	fertility-by-age-calculator	https://tooldone.com/health/fertility-by-age-calculator/
health	fetal-weight-percentile-calculator	https://tooldone.com/health/fetal-weight-percentile-calculator/
health	feurea-calculator-acute-kidney-injury-cause-differentiation	https://tooldone.com/health/feurea-calculator-acute-kidney-injury-cause-differentiation/
health	fev1-fvc-ratio-calculator	https://tooldone.com/health/fev1-fvc-ratio-calculator/
health	ffmi-calculator-fat-free-mass-index	https://tooldone.com/health/ffmi-calculator-fat-free-mass-index/
health	fib-4-calculator	https://tooldone.com/health/fib-4-calculator/
health	fiber-calculator	https://tooldone.com/health/fiber-calculator/
health	finnegan-score-calculator	https://tooldone.com/health/finnegan-score-calculator/
health	fish-oil-calculator	https://tooldone.com/health/fish-oil-calculator/
health	flange-size-calculator	https://tooldone.com/health/flange-size-calculator/
health	frailty-index-calculator	https://tooldone.com/health/frailty-index-calculator/
health	framingham-risk-calculator	https://tooldone.com/health/framingham-risk-calculator/
health	free-testosterone-calculator-with-bioavailable-levels	https://tooldone.com/health/free-testosterone-calculator-with-bioavailable-levels/
health	free-water-deficit-calculator	https://tooldone.com/health/free-water-deficit-calculator/
health	fresh-frozen-plasma-dose-calculator	https://tooldone.com/health/fresh-frozen-plasma-dose-calculator/
health	fundal-height-calculator	https://tooldone.com/health/fundal-height-calculator/
health	gabapentin-dosage-calculator	https://tooldone.com/health/gabapentin-dosage-calculator/
health	gad-7-calculator	https://tooldone.com/health/gad-7-calculator/
health	gastric-sleeve-weight-loss-calculator	https://tooldone.com/health/gastric-sleeve-weight-loss-calculator/
health	gcs-calculator-glasgow-coma-scale	https://tooldone.com/health/gcs-calculator-glasgow-coma-scale/
health	geriatric-bmi-calculator	https://tooldone.com/health/geriatric-bmi-calculator/
health	gestational-age-calculator	https://tooldone.com/health/gestational-age-calculator/
health	gfr-calculator-estimated-glomerular-filtration-rate	https://tooldone.com/health/gfr-calculator-estimated-glomerular-filtration-rate/
health	gir-calculator-glucose-infusion-rate	https://tooldone.com/health/gir-calculator-glucose-infusion-rate/
health	glycemic-index-calculator	https://tooldone.com/health/glycemic-index-calculator/
health	glycemic-load-calculator	https://tooldone.com/health/glycemic-load-calculator/
health	gorlin-formula-calculator	https://tooldone.com/health/gorlin-formula-calculator/
health	gout-diagnosis-calculator	https://tooldone.com/health/gout-diagnosis-calculator/
health	grace-calculator	https://tooldone.com/health/grace-calculator/
health	gupta-risk-calculator	https://tooldone.com/health/gupta-risk-calculator/
health	gut-microbiome-score-calculator	https://tooldone.com/health/gut-microbiome-score-calculator/
health	hand-sanitizer-calculator-coronavirus	https://tooldone.com/health/hand-sanitizer-calculator-coronavirus/
health	happiness-calculator	https://tooldone.com/health/happiness-calculator/
health	harris-benedict-calculator-basal-metabolic-rate	https://tooldone.com/health/harris-benedict-calculator-basal-metabolic-rate/
health	has-bled-calculator	https://tooldone.com/health/has-bled-calculator/
health	hcg-levels-calculator	https://tooldone.com/health/hcg-levels-calculator/
health	head-circumference-percentile-calculator	https://tooldone.com/health/head-circumference-percentile-calculator/
health	heart-failure-life-expectancy-calculator	https://tooldone.com/health/heart-failure-life-expectancy-calculator/
health	heart-score-calculator	https://tooldone.com/health/heart-score-calculator/
health	height-calculator	https://tooldone.com/health/height-calculator/
health	height-percentile-calculator	https://tooldone.com/health/height-percentile-calculator/
health	hematocrit-to-hemoglobin-ratio-calculator	https://tooldone.com/health/hematocrit-to-hemoglobin-ratio-calculator/
health	homa-ir-calculator-insulin-resistance	https://tooldone.com/health/homa-ir-calculator-insulin-resistance/
health	hot-car-calculator	https://tooldone.com/health/hot-car-calculator/
health	hsi-calculator-heaviness-of-smoking-index	https://tooldone.com/health/hsi-calculator-heaviness-of-smoking-index/
health	hydroxychloroquine-dose-calculator	https://tooldone.com/health/hydroxychloroquine-dose-calculator/
health	ibuprofen-dosage-calculator	https://tooldone.com/health/ibuprofen-dosage-calculator/
health	ich-score-calculator	https://tooldone.com/health/ich-score-calculator/
health	ich-volume-calculator	https://tooldone.com/health/ich-volume-calculator/
health	ideal-weight-calculator	https://tooldone.com/health/ideal-weight-calculator/
health	iifym-calculator-if-it-fits-your-macros	https://tooldone.com/health/iifym-calculator-if-it-fits-your-macros/
health	implantation-calculator	https://tooldone.com/health/implantation-calculator/
health	incidence-rate-calculator	https://tooldone.com/health/incidence-rate-calculator/
health	infant-tylenol-dosage-calculator	https://tooldone.com/health/infant-tylenol-dosage-calculator/
health	infectious-disease-and-epidemic-calculator-sir-model	https://tooldone.com/health/infectious-disease-and-epidemic-calculator-sir-model/
health	injury-severity-score-calculator	https://tooldone.com/health/injury-severity-score-calculator/
health	inr-calculator	https://tooldone.com/health/inr-calculator/
health	insulin-dosage-calculator	https://tooldone.com/health/insulin-dosage-calculator/
health	iq-percentile-calculator	https://tooldone.com/health/iq-percentile-calculator/
health	iron-deficiency-calculator	https://tooldone.com/health/iron-deficiency-calculator/
health	isotretinoin-dose-calculator	https://tooldone.com/health/isotretinoin-dose-calculator/
health	iv-flow-rate-calculator	https://tooldone.com/health/iv-flow-rate-calculator/
health	ivf-due-date-calculator	https://tooldone.com/health/ivf-due-date-calculator/
health	ivig-dose-calculator	https://tooldone.com/health/ivig-dose-calculator/
health	karvonen-formula-calculator	https://tooldone.com/health/karvonen-formula-calculator/
health	katch-mcardle-calculator	https://tooldone.com/health/katch-mcardle-calculator/
health	keto-calculator	https://tooldone.com/health/keto-calculator/
health	kidney-failure-risk-calculator	https://tooldone.com/health/kidney-failure-risk-calculator/
health	kidney-stone-calculator-for-percutaneous-neprolithotomy	https://tooldone.com/health/kidney-stone-calculator-for-percutaneous-neprolithotomy/
health	kt-v-calculator-daugirdas	https://tooldone.com/health/kt-v-calculator-daugirdas/
health	ldl-calculator	https://tooldone.com/health/ldl-calculator/
health	lean-body-mass-calculator	https://tooldone.com/health/lean-body-mass-calculator/
health	levothyroxine-dosage-calculator	https://tooldone.com/health/levothyroxine-dosage-calculator/
health	lidocaine-dose-calculator	https://tooldone.com/health/lidocaine-dose-calculator/
health	lights-criteria-calculator-for-pleural-effusion	https://tooldone.com/health/lights-criteria-calculator-for-pleural-effusion/
health	lille-score-calculator	https://tooldone.com/health/lille-score-calculator/
health	local-anesthetic-calculator	https://tooldone.com/health/local-anesthetic-calculator/
health	lrinec-score-calculator	https://tooldone.com/health/lrinec-score-calculator/
health	lung-cancer-risk-calculator	https://tooldone.com/health/lung-cancer-risk-calculator/
health	lung-capacity-calculator	https://tooldone.com/health/lung-capacity-calculator/
health	lung-nodule-growth-rate-calculator	https://tooldone.com/health/lung-nodule-growth-rate-calculator/
health	luteal-phase-calculator	https://tooldone.com/health/luteal-phase-calculator/
health	lv-calculator	https://tooldone.com/health/lv-calculator/
health	macro-calculator	https://tooldone.com/health/macro-calculator/
health	maddreys-discriminant-function-calculator	https://tooldone.com/health/maddreys-discriminant-function-calculator/
health	maintenance-calorie-calculator	https://tooldone.com/health/maintenance-calorie-calculator/
health	maintenance-fluids-calculator	https://tooldone.com/health/maintenance-fluids-calculator/
health	map-calculator-mean-arterial-pressure	https://tooldone.com/health/map-calculator-mean-arterial-pressure/
health	mask-vs-no-mask-calculator	https://tooldone.com/health/mask-vs-no-mask-calculator/
health	max-vaccine-immunity-calculator	https://tooldone.com/health/max-vaccine-immunity-calculator/
health	mca-calculator	https://tooldone.com/health/mca-calculator/
health	mcg-to-iu-converter	https://tooldone.com/health/mcg-to-iu-converter/
health	meal-calorie-calculator	https://tooldone.com/health/meal-calorie-calculator/
health	mean-airway-pressure-calculator	https://tooldone.com/health/mean-airway-pressure-calculator/
health	mean-sac-diameter-calculator	https://tooldone.com/health/mean-sac-diameter-calculator/
health	medical-radiation-calculator	https://tooldone.com/health/medical-radiation-calculator/
health	melatonin-dosage-calculator	https://tooldone.com/health/melatonin-dosage-calculator/
health	meld-calculator-model-for-end-stage-liver-disease	https://tooldone.com/health/meld-calculator-model-for-end-stage-liver-disease/
health	mentzer-index-calculator	https://tooldone.com/health/mentzer-index-calculator/
health	metabolic-syndrome-calculator	https://tooldone.com/health/metabolic-syndrome-calculator/
health	metastatic-prostate-cancer-prognosis-calculator	https://tooldone.com/health/metastatic-prostate-cancer-prognosis-calculator/
health	mews-score-calculator	https://tooldone.com/health/mews-score-calculator/
health	micronutrient-calculator	https://tooldone.com/health/micronutrient-calculator/
health	mipi-calculator-mantle-cell-lymphoma-international-prognostic-index	https://tooldone.com/health/mipi-calculator-mantle-cell-lymphoma-international-prognostic-index/
health	mitral-valve-area-calculator	https://tooldone.com/health/mitral-valve-area-calculator/
health	mme-calculator	https://tooldone.com/health/mme-calculator/
health	mmol-l-to-mg-dl-calculator	https://tooldone.com/health/mmol-l-to-mg-dl-calculator/
health	morse-fall-scale-calculator	https://tooldone.com/health/morse-fall-scale-calculator/
health	mortality-rate-calculator	https://tooldone.com/health/mortality-rate-calculator/
health	nafld-fibrosis-score-calculator	https://tooldone.com/health/nafld-fibrosis-score-calculator/
health	navy-body-fat-calculator	https://tooldone.com/health/navy-body-fat-calculator/
health	navy-prt-calculator	https://tooldone.com/health/navy-prt-calculator/
health	nedocs-calculator	https://tooldone.com/health/nedocs-calculator/
health	net-carbs-calculator	https://tooldone.com/health/net-carbs-calculator/
health	newborn-hyperbilirubinemia-assessment-calculator	https://tooldone.com/health/newborn-hyperbilirubinemia-assessment-calculator/
health	nih-stroke-scale-calculator	https://tooldone.com/health/nih-stroke-scale-calculator/
health	nlr-calculator	https://tooldone.com/health/nlr-calculator/
health	nnt-calculator	https://tooldone.com/health/nnt-calculator/
health	noise-pollution-calculator-maximal-exposure-time	https://tooldone.com/health/noise-pollution-calculator-maximal-exposure-time/
health	nuchal-translucency-calculator	https://tooldone.com/health/nuchal-translucency-calculator/
health	opioid-conversion-calculator	https://tooldone.com/health/opioid-conversion-calculator/
health	overweight-calculator	https://tooldone.com/health/overweight-calculator/
health	ovulation-calculator	https://tooldone.com/health/ovulation-calculator/
health	oxygenation-index-calculator	https://tooldone.com/health/oxygenation-index-calculator/
health	pack-year-calculator	https://tooldone.com/health/pack-year-calculator/
health	padua-score-calculator	https://tooldone.com/health/padua-score-calculator/
health	paracetamol-dosage-calculator	https://tooldone.com/health/paracetamol-dosage-calculator/
health	parkland-formula-calculator	https://tooldone.com/health/parkland-formula-calculator/
health	peak-flow-calculator-estimated-peak-expiratory-flow	https://tooldone.com/health/peak-flow-calculator-estimated-peak-expiratory-flow/
health	pearl-index-calculator	https://tooldone.com/health/pearl-index-calculator/
health	pecarn-calculator	https://tooldone.com/health/pecarn-calculator/
health	pediatric-blood-pressure-calculator	https://tooldone.com/health/pediatric-blood-pressure-calculator/
health	pediatric-blood-transfusion-volume-calculator	https://tooldone.com/health/pediatric-blood-transfusion-volume-calculator/
health	pediatric-blood-volume-calculator	https://tooldone.com/health/pediatric-blood-volume-calculator/
health	pediatric-dose-calculator	https://tooldone.com/health/pediatric-dose-calculator/
health	pediatric-epinephrine-dose-calculator	https://tooldone.com/health/pediatric-epinephrine-dose-calculator/
health	pediatric-epworth-sleepiness-scale-calculator	https://tooldone.com/health/pediatric-epworth-sleepiness-scale-calculator/
health	pediatric-gfr-calculator-glomerular-filtration-rate	https://tooldone.com/health/pediatric-gfr-calculator-glomerular-filtration-rate/
health	peptide-dosage-calculator	https://tooldone.com/health/peptide-dosage-calculator/
health	perc-calculator-pulmonary-embolism-rule-out-criteria	https://tooldone.com/health/perc-calculator-pulmonary-embolism-rule-out-criteria/
health	period-calculator	https://tooldone.com/health/period-calculator/
health	pf-ratio-calculator	https://tooldone.com/health/pf-ratio-calculator/
health	pisa-calculator	https://tooldone.com/health/pisa-calculator/
health	plasma-osmolality-calculator	https://tooldone.com/health/plasma-osmolality-calculator/
health	plasma-volume-calculator	https://tooldone.com/health/plasma-volume-calculator/
health	pokemon-go-weight-loss-calculator	https://tooldone.com/health/pokemon-go-weight-loss-calculator/
health	ponderal-index-calculator	https://tooldone.com/health/ponderal-index-calculator/
health	pregnancy-test-calculator	https://tooldone.com/health/pregnancy-test-calculator/
health	pregnancy-weight-gain-calculator	https://tooldone.com/health/pregnancy-weight-gain-calculator/
health	prescription-refill-calculator	https://tooldone.com/health/prescription-refill-calculator/
health	progesterone-to-estrogen-ratio-calculator	https://tooldone.com/health/progesterone-to-estrogen-ratio-calculator/
health	protein-calculator	https://tooldone.com/health/protein-calculator/
health	protein-creatinine-ratio-calculator	https://tooldone.com/health/protein-creatinine-ratio-calculator/
health	psa-density-calculator	https://tooldone.com/health/psa-density-calculator/
health	psa-doubling-time-calculator	https://tooldone.com/health/psa-doubling-time-calculator/
health	psi-calculator	https://tooldone.com/health/psi-calculator/
health	pvr-calculator-pulmonary-vascular-resistance	https://tooldone.com/health/pvr-calculator-pulmonary-vascular-resistance/
health	qp-qs-calculator	https://tooldone.com/health/qp-qs-calculator/
health	qsofa-score-calculator	https://tooldone.com/health/qsofa-score-calculator/
health	qtc-calculator	https://tooldone.com/health/qtc-calculator/
health	quarantine-activity-calculator	https://tooldone.com/health/quarantine-activity-calculator/
health	quicki-calculator	https://tooldone.com/health/quicki-calculator/
health	radiation-dose-calculator	https://tooldone.com/health/radiation-dose-calculator/
health	rate-pressure-product-calculator	https://tooldone.com/health/rate-pressure-product-calculator/
health	rbc-indices-calculator-what-is-mchc	https://tooldone.com/health/rbc-indices-calculator-what-is-mchc/
health	rcri-calculator	https://tooldone.com/health/rcri-calculator/
health	reopening-calculator-coronavirus	https://tooldone.com/health/reopening-calculator-coronavirus/
health	reverse-due-date-calculator	https://tooldone.com/health/reverse-due-date-calculator/
health	revised-geneva-score-calculator-for-pulmonary-embolism	https://tooldone.com/health/revised-geneva-score-calculator-for-pulmonary-embolism/
health	revised-trauma-score-calculator	https://tooldone.com/health/revised-trauma-score-calculator/
health	rfm-calculator-relative-fat-mass	https://tooldone.com/health/rfm-calculator-relative-fat-mass/
health	rmr-calculator-resting-metabolic-rate	https://tooldone.com/health/rmr-calculator-resting-metabolic-rate/
health	rsbi-calculator-rapid-shallow-breathing-index	https://tooldone.com/health/rsbi-calculator-rapid-shallow-breathing-index/
health	saag-calculator-serum-ascites-albumin-gradient	https://tooldone.com/health/saag-calculator-serum-ascites-albumin-gradient/
health	saps-ii-calculator-simplified-acute-physiology-ii-score-calculator	https://tooldone.com/health/saps-ii-calculator-simplified-acute-physiology-ii-score-calculator/
health	scorad-calculator-scoring-atopic-dermatitis	https://tooldone.com/health/scorad-calculator-scoring-atopic-dermatitis/
health	sepsis-calculator-sepsis-3-criteria	https://tooldone.com/health/sepsis-calculator-sepsis-3-criteria/
health	serum-osmolality-calculator	https://tooldone.com/health/serum-osmolality-calculator/
health	shock-index-calculator	https://tooldone.com/health/shock-index-calculator/
health	skinfold-body-fat-calculator	https://tooldone.com/health/skinfold-body-fat-calculator/
health	sleep-calculator	https://tooldone.com/health/sleep-calculator/
health	sleep-debt-calculator	https://tooldone.com/health/sleep-debt-calculator/
health	smoking-recovery-calculator	https://tooldone.com/health/smoking-recovery-calculator/
health	snap-score-calculator	https://tooldone.com/health/snap-score-calculator/
health	sobriety-calculator	https://tooldone.com/health/sobriety-calculator/
health	social-distancing-calculator-coronavirus	https://tooldone.com/health/social-distancing-calculator-coronavirus/
health	sodium-change-calculator-in-hypertriglyceridemia	https://tooldone.com/health/sodium-change-calculator-in-hypertriglyceridemia/
health	sodium-correction-calculator	https://tooldone.com/health/sodium-correction-calculator/
health	sodium-correction-rate-calculator-for-hypo-and-hypernatremia	https://tooldone.com/health/sodium-correction-rate-calculator-for-hypo-and-hypernatremia/
health	sodium-deficit-calculator	https://tooldone.com/health/sodium-deficit-calculator/
health	sodium-in-salt-calculator	https://tooldone.com/health/sodium-in-salt-calculator/
health	sofa-score-calculator	https://tooldone.com/health/sofa-score-calculator/
health	sperm-analysis-calculator	https://tooldone.com/health/sperm-analysis-calculator/
health	standard-drink-calculator	https://tooldone.com/health/standard-drink-calculator/
health	stillbirth-risk-calculator	https://tooldone.com/health/stillbirth-risk-calculator/
health	stop-bang-calculator	https://tooldone.com/health/stop-bang-calculator/
health	stroke-volume-calculator	https://tooldone.com/health/stroke-volume-calculator/
health	tdee-calculator-total-daily-energy-expenditure	https://tooldone.com/health/tdee-calculator-total-daily-energy-expenditure/
health	testosterone-to-estradiol-ratio-calculator	https://tooldone.com/health/testosterone-to-estradiol-ratio-calculator/
health	ti-rads-calculator	https://tooldone.com/health/ti-rads-calculator/
health	tidal-volume-calculator	https://tooldone.com/health/tidal-volume-calculator/
health	timi-score-calculator-for-ua-nstemi	https://tooldone.com/health/timi-score-calculator-for-ua-nstemi/
health	timi-score-for-stemi-calculator	https://tooldone.com/health/timi-score-for-stemi-calculator/
health	tinetti-calculator	https://tooldone.com/health/tinetti-calculator/
health	total-body-water-calculator	https://tooldone.com/health/total-body-water-calculator/
health	tramadol-dosage-calculator	https://tooldone.com/health/tramadol-dosage-calculator/
health	transferrin-saturation-calculator	https://tooldone.com/health/transferrin-saturation-calculator/
health	ttkg-calculator-transtubular-potassium-gradient	https://tooldone.com/health/ttkg-calculator-transtubular-potassium-gradient/
health	tylenol-dosage-calculator	https://tooldone.com/health/tylenol-dosage-calculator/
health	tylenol-overdose-calculator	https://tooldone.com/health/tylenol-overdose-calculator/
health	urine-anion-gap-calculator	https://tooldone.com/health/urine-anion-gap-calculator/
health	urine-output-calculator	https://tooldone.com/health/urine-output-calculator/
health	urr-calculator-urea-reduction-ratio	https://tooldone.com/health/urr-calculator-urea-reduction-ratio/
health	vbac-calculator-vaginal-birth-after-cesarean-section	https://tooldone.com/health/vbac-calculator-vaginal-birth-after-cesarean-section/
health	venous-blood-ph-calculator	https://tooldone.com/health/venous-blood-ph-calculator/
health	vital-capacity-calculator	https://tooldone.com/health/vital-capacity-calculator/
health	vitamin-a-calculator	https://tooldone.com/health/vitamin-a-calculator/
health	vitamin-calculator	https://tooldone.com/health/vitamin-calculator/
health	vitamin-d-calculator	https://tooldone.com/health/vitamin-d-calculator/
health	vldl-calculator	https://tooldone.com/health/vldl-calculator/
health	vte-risk-score-calculator-in-pregnancy	https://tooldone.com/health/vte-risk-score-calculator-in-pregnancy/
health	waist-to-height-ratio-calculator	https://tooldone.com/health/waist-to-height-ratio-calculator/
health	waist-to-hip-ratio-calculator	https://tooldone.com/health/waist-to-hip-ratio-calculator/
health	warfarin-dosing-calculator	https://tooldone.com/health/warfarin-dosing-calculator/
health	warsaw-method-calculator	https://tooldone.com/health/warsaw-method-calculator/
health	water-intake-calculator	https://tooldone.com/health/water-intake-calculator/
health	weight-gain-calculator	https://tooldone.com/health/weight-gain-calculator/
health	weight-loss-percentage-calculator	https://tooldone.com/health/weight-loss-percentage-calculator/
health	weight-percentile-calculator	https://tooldone.com/health/weight-percentile-calculator/
health	weight-watchers-points-calculator	https://tooldone.com/health/weight-watchers-points-calculator/
health	wells-score-calculator-for-pulmonary-embolism	https://tooldone.com/health/wells-score-calculator-for-pulmonary-embolism/
health	winters-formula-calculator	https://tooldone.com/health/winters-formula-calculator/
math	30-60-90-triangle-calculator	https://tooldone.com/math/30-60-90-triangle-calculator/
math	45-45-90-triangle-calculator	https://tooldone.com/math/45-45-90-triangle-calculator/
math	absolute-change-calculator	https://tooldone.com/math/absolute-change-calculator/
math	absolute-value-calculator	https://tooldone.com/math/absolute-value-calculator/
math	absolute-value-equation-calculator	https://tooldone.com/math/absolute-value-equation-calculator/
math	absolute-value-inequalities-calculator	https://tooldone.com/math/absolute-value-inequalities-calculator/
math	adding-and-subtracting-fractions-calculator	https://tooldone.com/math/adding-and-subtracting-fractions-calculator/
math	adding-and-subtracting-polynomials-calculator	https://tooldone.com/math/adding-and-subtracting-polynomials-calculator/
math	addition-calculator	https://tooldone.com/math/addition-calculator/
math	adjoint-matrix-calculator	https://tooldone.com/math/adjoint-matrix-calculator/
math	and-calculator	https://tooldone.com/math/and-calculator/
math	angle-between-two-vectors-calculator	https://tooldone.com/math/angle-between-two-vectors-calculator/
math	angle-calculator	https://tooldone.com/math/angle-calculator/
math	antilog-calculator	https://tooldone.com/math/antilog-calculator/
math	arc-length-calculator	https://tooldone.com/math/arc-length-calculator/
math	arccos-calculator	https://tooldone.com/math/arccos-calculator/
math	arcsin-calculator	https://tooldone.com/math/arcsin-calculator/
math	arctan-calculator	https://tooldone.com/math/arctan-calculator/
math	area-calculator	https://tooldone.com/math/area-calculator/
math	area-of-a-circle-calculator	https://tooldone.com/math/area-of-a-circle-calculator/
math	area-of-a-rectangle-calculator	https://tooldone.com/math/area-of-a-rectangle-calculator/
math	area-of-a-right-triangle-calculator	https://tooldone.com/math/area-of-a-right-triangle-calculator/
math	area-of-crescent-calculator	https://tooldone.com/math/area-of-crescent-calculator/
math	arithmetic-sequence-calculator	https://tooldone.com/math/arithmetic-sequence-calculator/
math	associative-property-calculator	https://tooldone.com/math/associative-property-calculator/
math	average-calculator	https://tooldone.com/math/average-calculator/
math	average-percentage-calculator	https://tooldone.com/math/average-percentage-calculator/
math	average-rate-of-change-calculator	https://tooldone.com/math/average-rate-of-change-calculator/
math	babylonian-numbers-converter	https://tooldone.com/math/babylonian-numbers-converter/
math	bessel-function-calculator	https://tooldone.com/math/bessel-function-calculator/
math	bilinear-interpolation-calculator	https://tooldone.com/math/bilinear-interpolation-calculator/
math	binary-addition-calculator	https://tooldone.com/math/binary-addition-calculator/
math	binary-calculator	https://tooldone.com/math/binary-calculator/
math	binary-division-calculator	https://tooldone.com/math/binary-division-calculator/
math	binary-fraction-converter	https://tooldone.com/math/binary-fraction-converter/
math	binary-multiplication-calculator	https://tooldone.com/math/binary-multiplication-calculator/
math	binary-subtraction-calculator	https://tooldone.com/math/binary-subtraction-calculator/
math	binomial-coefficient-calculator	https://tooldone.com/math/binomial-coefficient-calculator/
math	bit-shift-calculator	https://tooldone.com/math/bit-shift-calculator/
math	bitwise-calculator	https://tooldone.com/math/bitwise-calculator/
math	box-method-calculator	https://tooldone.com/math/box-method-calculator/
math	catenary-curve-calculator	https://tooldone.com/math/catenary-curve-calculator/
math	ceiling-function-calculator	https://tooldone.com/math/ceiling-function-calculator/
math	center-of-mass-calculator	https://tooldone.com/math/center-of-mass-calculator/
math	central-angle-calculator	https://tooldone.com/math/central-angle-calculator/
math	centroid-calculator	https://tooldone.com/math/centroid-calculator/
math	change-of-base-formula-calculator	https://tooldone.com/math/change-of-base-formula-calculator/
math	characteristic-polynomial-calculator	https://tooldone.com/math/characteristic-polynomial-calculator/
math	chinese-remainder-theorem-calculator	https://tooldone.com/math/chinese-remainder-theorem-calculator/
math	cholesky-decomposition-calculator	https://tooldone.com/math/cholesky-decomposition-calculator/
math	chord-length-calculator	https://tooldone.com/math/chord-length-calculator/
math	circle-calculator	https://tooldone.com/math/circle-calculator/
math	circle-theorems-calculator	https://tooldone.com/math/circle-theorems-calculator/
math	circumference-calculator	https://tooldone.com/math/circumference-calculator/
math	circumscribed-circle-calculator	https://tooldone.com/math/circumscribed-circle-calculator/
math	classifying-triangles-calculator	https://tooldone.com/math/classifying-triangles-calculator/
math	clock-angle-calculator	https://tooldone.com/math/clock-angle-calculator/
math	cofactor-expansion-calculator	https://tooldone.com/math/cofactor-expansion-calculator/
math	cofactor-matrix-calculator	https://tooldone.com/math/cofactor-matrix-calculator/
math	cofunction-calculator	https://tooldone.com/math/cofunction-calculator/
math	coin-rotation-paradox	https://tooldone.com/math/coin-rotation-paradox/
math	collatz-conjecture-calculator	https://tooldone.com/math/collatz-conjecture-calculator/
math	column-space-calculator	https://tooldone.com/math/column-space-calculator/
math	comparing-fractions-calculator	https://tooldone.com/math/comparing-fractions-calculator/
math	compatible-numbers-calculator	https://tooldone.com/math/compatible-numbers-calculator/
math	complementary-angles-calculator	https://tooldone.com/math/complementary-angles-calculator/
math	completing-the-square-calculator	https://tooldone.com/math/completing-the-square-calculator/
math	complex-conjugate-calculator	https://tooldone.com/math/complex-conjugate-calculator/
math	complex-number-calculator	https://tooldone.com/math/complex-number-calculator/
math	complex-root-calculator	https://tooldone.com/math/complex-root-calculator/
math	condense-logarithms-calculator	https://tooldone.com/math/condense-logarithms-calculator/
math	condition-number-calculator	https://tooldone.com/math/condition-number-calculator/
math	conic-sections-calculator	https://tooldone.com/math/conic-sections-calculator/
math	consecutive-integers-calculator	https://tooldone.com/math/consecutive-integers-calculator/
math	convolution-calculator	https://tooldone.com/math/convolution-calculator/
math	coordinate-grid-calculator	https://tooldone.com/math/coordinate-grid-calculator/
math	corner-point-calculator	https://tooldone.com/math/corner-point-calculator/
math	cosecant-calculator	https://tooldone.com/math/cosecant-calculator/
math	cosine-calculator	https://tooldone.com/math/cosine-calculator/
math	cosine-similarity-calculator	https://tooldone.com/math/cosine-similarity-calculator/
math	cotangent-calculator	https://tooldone.com/math/cotangent-calculator/
math	coterminal-angle-calculator	https://tooldone.com/math/coterminal-angle-calculator/
math	cramers-rule-calculator	https://tooldone.com/math/cramers-rule-calculator/
math	cross-multiplication-calculator	https://tooldone.com/math/cross-multiplication-calculator/
math	cross-product-calculator	https://tooldone.com/math/cross-product-calculator/
math	cross-sectional-area-calculator	https://tooldone.com/math/cross-sectional-area-calculator/
math	cube-calculator	https://tooldone.com/math/cube-calculator/
math	cube-root-calculator	https://tooldone.com/math/cube-root-calculator/
math	cubic-equation-calculator	https://tooldone.com/math/cubic-equation-calculator/
math	cycloid-calculator	https://tooldone.com/math/cycloid-calculator/
math	cyclomatic-complexity-calculator	https://tooldone.com/math/cyclomatic-complexity-calculator/
math	cylindrical-coordinates-calculator	https://tooldone.com/math/cylindrical-coordinates-calculator/
math	decimal-calculator	https://tooldone.com/math/decimal-calculator/
math	decimal-to-fraction-calculator	https://tooldone.com/math/decimal-to-fraction-calculator/
math	decimal-to-percent-converter	https://tooldone.com/math/decimal-to-percent-converter/
math	descartes-rule-of-signs-calculator	https://tooldone.com/math/descartes-rule-of-signs-calculator/
math	diagonalize-matrix-calculator	https://tooldone.com/math/diagonalize-matrix-calculator/
math	diamond-problem-calculator	https://tooldone.com/math/diamond-problem-calculator/
math	digit-sum-calculator	https://tooldone.com/math/digit-sum-calculator/
math	direct-variation-calculator	https://tooldone.com/math/direct-variation-calculator/
math	direction-of-the-vector-calculator	https://tooldone.com/math/direction-of-the-vector-calculator/
math	discriminant-calculator	https://tooldone.com/math/discriminant-calculator/
math	distance-formula-calculator	https://tooldone.com/math/distance-formula-calculator/
math	distance-from-point-to-plane-calculator	https://tooldone.com/math/distance-from-point-to-plane-calculator/
math	distributive-property-calculator	https://tooldone.com/math/distributive-property-calculator/
math	dividing-exponents-calculator	https://tooldone.com/math/dividing-exponents-calculator/
math	dividing-fractions-calculator	https://tooldone.com/math/dividing-fractions-calculator/
math	dividing-radicals-calculator	https://tooldone.com/math/dividing-radicals-calculator/
math	divisibility-test-calculator	https://tooldone.com/math/divisibility-test-calculator/
math	dot-product-calculator	https://tooldone.com/math/dot-product-calculator/
math	double-angle-formula-calculator	https://tooldone.com/math/double-angle-formula-calculator/
math	doubling-time-calculator	https://tooldone.com/math/doubling-time-calculator/
math	e-calculator	https://tooldone.com/math/e-calculator/
math	egyptian-fractions-calculator	https://tooldone.com/math/egyptian-fractions-calculator/
math	eigenvalue-and-eigenvector-calculator	https://tooldone.com/math/eigenvalue-and-eigenvector-calculator/
math	elimination-method-calculator	https://tooldone.com/math/elimination-method-calculator/
math	ellipse-calculator	https://tooldone.com/math/ellipse-calculator/
math	ellipsoid-volume-calculator	https://tooldone.com/math/ellipsoid-volume-calculator/
math	endpoint-calculator	https://tooldone.com/math/endpoint-calculator/
math	equation-of-a-circle-calculator	https://tooldone.com/math/equation-of-a-circle-calculator/
math	equation-of-a-sphere-calculator	https://tooldone.com/math/equation-of-a-sphere-calculator/
math	equilateral-triangle-calculator	https://tooldone.com/math/equilateral-triangle-calculator/
math	equivalent-fractions-calculator	https://tooldone.com/math/equivalent-fractions-calculator/
math	error-function-calculator	https://tooldone.com/math/error-function-calculator/
math	expanded-form-calculator	https://tooldone.com/math/expanded-form-calculator/
math	expanding-logarithms-calculator	https://tooldone.com/math/expanding-logarithms-calculator/
math	exponent-calculator	https://tooldone.com/math/exponent-calculator/
math	exponential-form-calculator	https://tooldone.com/math/exponential-form-calculator/
math	exponential-function-calculator	https://tooldone.com/math/exponential-function-calculator/
math	exponential-growth-calculator	https://tooldone.com/math/exponential-growth-calculator/
math	factor-calculator	https://tooldone.com/math/factor-calculator/
math	factorial-calculator	https://tooldone.com/math/factorial-calculator/
math	factoring-trinomials-calculator	https://tooldone.com/math/factoring-trinomials-calculator/
math	fermats-little-theorem-calculator	https://tooldone.com/math/fermats-little-theorem-calculator/
math	fibonacci-calculator	https://tooldone.com/math/fibonacci-calculator/
math	floor-division-calculator	https://tooldone.com/math/floor-division-calculator/
math	floor-function-calculator	https://tooldone.com/math/floor-function-calculator/
math	foil-calculator	https://tooldone.com/math/foil-calculator/
math	fraction-calculator	https://tooldone.com/math/fraction-calculator/
math	fraction-exponent-calculator	https://tooldone.com/math/fraction-exponent-calculator/
math	fraction-to-decimal-converter	https://tooldone.com/math/fraction-to-decimal-converter/
math	fraction-to-percent-calculator	https://tooldone.com/math/fraction-to-percent-calculator/
math	fundamental-counting-principle-calculator	https://tooldone.com/math/fundamental-counting-principle-calculator/
math	galileos-paradox-of-infinity-calculator	https://tooldone.com/math/galileos-paradox-of-infinity-calculator/
math	gamma-function-calculator	https://tooldone.com/math/gamma-function-calculator/
math	gauss-jordan-elimination-calculator	https://tooldone.com/math/gauss-jordan-elimination-calculator/
math	gcf-and-lcm-calculator	https://tooldone.com/math/gcf-and-lcm-calculator/
math	gcf-calculator-greatest-common-factor	https://tooldone.com/math/gcf-calculator-greatest-common-factor/
math	generic-rectangle-calculator	https://tooldone.com/math/generic-rectangle-calculator/
math	geometric-mean-calculator	https://tooldone.com/math/geometric-mean-calculator/
math	geometric-sequence-calculator	https://tooldone.com/math/geometric-sequence-calculator/
math	golden-ratio-calculator	https://tooldone.com/math/golden-ratio-calculator/
math	golden-rectangle-calculator	https://tooldone.com/math/golden-rectangle-calculator/
math	gradient-calculator	https://tooldone.com/math/gradient-calculator/
math	gram-schmidt-calculator	https://tooldone.com/math/gram-schmidt-calculator/
math	graphing-inequalities-on-a-number-line-calculator	https://tooldone.com/math/graphing-inequalities-on-a-number-line-calculator/
math	graphing-quadratic-inequalities-calculator	https://tooldone.com/math/graphing-quadratic-inequalities-calculator/
math	great-circle-calculator	https://tooldone.com/math/great-circle-calculator/
math	greater-than-or-less-than-calculator	https://tooldone.com/math/greater-than-or-less-than-calculator/
math	hadamard-product-calculator	https://tooldone.com/math/hadamard-product-calculator/
math	half-angle-calculator	https://tooldone.com/math/half-angle-calculator/
math	harmonic-mean-calculator	https://tooldone.com/math/harmonic-mean-calculator/
math	harmonic-number-calculator	https://tooldone.com/math/harmonic-number-calculator/
math	herons-formula-calculator	https://tooldone.com/math/herons-formula-calculator/
math	hexagon-calculator	https://tooldone.com/math/hexagon-calculator/
math	hilberts-hotel-paradox-calculator	https://tooldone.com/math/hilberts-hotel-paradox-calculator/
math	hyperbolic-functions-calculator	https://tooldone.com/math/hyperbolic-functions-calculator/
math	hypotenuse-calculator	https://tooldone.com/math/hypotenuse-calculator/
math	improper-fraction-to-mixed-number-calculator	https://tooldone.com/math/improper-fraction-to-mixed-number-calculator/
math	inequality-to-interval-notation-calculator	https://tooldone.com/math/inequality-to-interval-notation-calculator/
math	integer-calculator	https://tooldone.com/math/integer-calculator/
math	interval-notation-calculator	https://tooldone.com/math/interval-notation-calculator/
math	inverse-matrix-calculator	https://tooldone.com/math/inverse-matrix-calculator/
math	inverse-modulo-calculator	https://tooldone.com/math/inverse-modulo-calculator/
math	inverse-trigonometric-functions-calculator	https://tooldone.com/math/inverse-trigonometric-functions-calculator/
math	inverse-variation-calculator	https://tooldone.com/math/inverse-variation-calculator/
math	involute-function-calculator	https://tooldone.com/math/involute-function-calculator/
math	irregular-polygon-area-calculator	https://tooldone.com/math/irregular-polygon-area-calculator/
math	isosceles-triangle-calculator	https://tooldone.com/math/isosceles-triangle-calculator/
math	lagrange-error-bound-calculator	https://tooldone.com/math/lagrange-error-bound-calculator/
math	lateral-area-trapezoidal-prism-calculator	https://tooldone.com/math/lateral-area-trapezoidal-prism-calculator/
math	latus-rectum-calculator	https://tooldone.com/math/latus-rectum-calculator/
math	law-of-cosines-calculator	https://tooldone.com/math/law-of-cosines-calculator/
math	law-of-sines-calculator	https://tooldone.com/math/law-of-sines-calculator/
math	lcd-calculator	https://tooldone.com/math/lcd-calculator/
math	lcm-calculator-least-common-multiple	https://tooldone.com/math/lcm-calculator-least-common-multiple/
math	least-squares-regression-line-calculator	https://tooldone.com/math/least-squares-regression-line-calculator/
math	lfsr-calculator	https://tooldone.com/math/lfsr-calculator/
math	line-equation-from-two-points-calculator	https://tooldone.com/math/line-equation-from-two-points-calculator/
math	line-of-intersection-of-two-planes-calculator	https://tooldone.com/math/line-of-intersection-of-two-planes-calculator/
math	linear-combination-calculator	https://tooldone.com/math/linear-combination-calculator/
math	linear-independence-calculator	https://tooldone.com/math/linear-independence-calculator/
math	linear-interpolation-calculator	https://tooldone.com/math/linear-interpolation-calculator/
math	log-base-2-calculator	https://tooldone.com/math/log-base-2-calculator/
math	log-calculator	https://tooldone.com/math/log-calculator/
math	long-addition-calculator	https://tooldone.com/math/long-addition-calculator/
math	long-division-calculator	https://tooldone.com/math/long-division-calculator/
math	long-multiplication-calculator	https://tooldone.com/math/long-multiplication-calculator/
math	long-subtraction-calculator	https://tooldone.com/math/long-subtraction-calculator/
math	lowest-term-calculator	https://tooldone.com/math/lowest-term-calculator/
math	lu-decomposition-calculator	https://tooldone.com/math/lu-decomposition-calculator/
math	luhn-algorithm-calculator	https://tooldone.com/math/luhn-algorithm-calculator/
math	magic-square-calculator	https://tooldone.com/math/magic-square-calculator/
math	manhattan-distance-calculator	https://tooldone.com/math/manhattan-distance-calculator/
math	matrix-addition-and-subtraction-calculator	https://tooldone.com/math/matrix-addition-and-subtraction-calculator/
math	matrix-by-scalar-calculator	https://tooldone.com/math/matrix-by-scalar-calculator/
math	matrix-calculator	https://tooldone.com/math/matrix-calculator/
math	matrix-determinant-calculator	https://tooldone.com/math/matrix-determinant-calculator/
math	matrix-multiplication-calculator	https://tooldone.com/math/matrix-multiplication-calculator/
math	matrix-norm-calculator	https://tooldone.com/math/matrix-norm-calculator/
math	matrix-power-calculator	https://tooldone.com/math/matrix-power-calculator/
math	matrix-rank-calculator	https://tooldone.com/math/matrix-rank-calculator/
math	matrix-trace-calculator	https://tooldone.com/math/matrix-trace-calculator/
math	matrix-transpose-calculator	https://tooldone.com/math/matrix-transpose-calculator/
math	mayan-numerals-converter	https://tooldone.com/math/mayan-numerals-converter/
math	mean-calculator	https://tooldone.com/math/mean-calculator/
math	midpoint-calculator	https://tooldone.com/math/midpoint-calculator/
math	mixed-number-calculator	https://tooldone.com/math/mixed-number-calculator/
math	mixed-number-to-improper-fraction-calculator	https://tooldone.com/math/mixed-number-to-improper-fraction-calculator/
math	modulo-calculator	https://tooldone.com/math/modulo-calculator/
math	moment-of-inertia-calculator	https://tooldone.com/math/moment-of-inertia-calculator/
math	multiplication-calculator	https://tooldone.com/math/multiplication-calculator/
math	multiplicative-inverse-calculator	https://tooldone.com/math/multiplicative-inverse-calculator/
math	multiplicative-inverse-modulo-calculator	https://tooldone.com/math/multiplicative-inverse-modulo-calculator/
math	multiplying-binomials-calculator	https://tooldone.com/math/multiplying-binomials-calculator/
math	multiplying-exponents-calculator	https://tooldone.com/math/multiplying-exponents-calculator/
math	multiplying-fractions-calculator	https://tooldone.com/math/multiplying-fractions-calculator/
math	multiplying-polynomials-calculator	https://tooldone.com/math/multiplying-polynomials-calculator/
math	multiplying-radicals-calculator	https://tooldone.com/math/multiplying-radicals-calculator/
math	natural-log-calculator	https://tooldone.com/math/natural-log-calculator/
math	negative-log-calculator	https://tooldone.com/math/negative-log-calculator/
math	nor-calculator	https://tooldone.com/math/nor-calculator/
math	null-space-calculator	https://tooldone.com/math/null-space-calculator/
math	octagon-calculator	https://tooldone.com/math/octagon-calculator/
math	ones-complement-calculator	https://tooldone.com/math/ones-complement-calculator/
math	or-calculator	https://tooldone.com/math/or-calculator/
math	order-of-magnitude-calculator	https://tooldone.com/math/order-of-magnitude-calculator/
math	orthocenter-calculator	https://tooldone.com/math/orthocenter-calculator/
math	parabola-calculator	https://tooldone.com/math/parabola-calculator/
math	parallel-line-calculator	https://tooldone.com/math/parallel-line-calculator/
math	partial-fraction-decomposition-calculator	https://tooldone.com/math/partial-fraction-decomposition-calculator/
math	partial-products-calculator	https://tooldone.com/math/partial-products-calculator/
math	pascals-triangle-calculator	https://tooldone.com/math/pascals-triangle-calculator/
math	pentagon-calculator	https://tooldone.com/math/pentagon-calculator/
math	percent-error-calculator	https://tooldone.com/math/percent-error-calculator/
math	percent-to-goal-calculator	https://tooldone.com/math/percent-to-goal-calculator/
math	percentage-calculator	https://tooldone.com/math/percentage-calculator/
math	percentage-change-calculator	https://tooldone.com/math/percentage-change-calculator/
math	percentage-decrease-calculator	https://tooldone.com/math/percentage-decrease-calculator/
math	percentage-difference-calculator	https://tooldone.com/math/percentage-difference-calculator/
math	percentage-increase-calculator	https://tooldone.com/math/percentage-increase-calculator/
math	percentage-of-a-percentage-calculator	https://tooldone.com/math/percentage-of-a-percentage-calculator/
math	percentage-point-calculator	https://tooldone.com/math/percentage-point-calculator/
math	perfect-cube-calculator	https://tooldone.com/math/perfect-cube-calculator/
math	perfect-square-calculator	https://tooldone.com/math/perfect-square-calculator/
math	perfect-square-trinomial-calculator	https://tooldone.com/math/perfect-square-trinomial-calculator/
math	perimeter-calculator	https://tooldone.com/math/perimeter-calculator/
math	perimeter-of-a-triangle-calculator	https://tooldone.com/math/perimeter-of-a-triangle-calculator/
math	perpendicular-line-calculator	https://tooldone.com/math/perpendicular-line-calculator/
math	phase-shift-calculator	https://tooldone.com/math/phase-shift-calculator/
math	pi-experiments-calculator	https://tooldone.com/math/pi-experiments-calculator/
math	place-value-calculator	https://tooldone.com/math/place-value-calculator/
math	point-slope-form-calculator	https://tooldone.com/math/point-slope-form-calculator/
math	polar-coordinates-calculator	https://tooldone.com/math/polar-coordinates-calculator/
math	polar-decomposition-calculator	https://tooldone.com/math/polar-decomposition-calculator/
math	polish-notation-converter	https://tooldone.com/math/polish-notation-converter/
math	polygon-calculator	https://tooldone.com/math/polygon-calculator/
math	polynomial-division-calculator	https://tooldone.com/math/polynomial-division-calculator/
math	polynomial-graphing-calculator	https://tooldone.com/math/polynomial-graphing-calculator/
math	power-mod-calculator	https://tooldone.com/math/power-mod-calculator/
math	power-reducing-calculator	https://tooldone.com/math/power-reducing-calculator/
math	power-set-calculator	https://tooldone.com/math/power-set-calculator/
math	powers-of-i-calculator	https://tooldone.com/math/powers-of-i-calculator/
math	prime-factorization-calculator	https://tooldone.com/math/prime-factorization-calculator/
math	prime-number-calculator	https://tooldone.com/math/prime-number-calculator/
math	prisoners-dilemma-calculator	https://tooldone.com/math/prisoners-dilemma-calculator/
math	proportion-calculator	https://tooldone.com/math/proportion-calculator/
math	pseudoinverse-calculator	https://tooldone.com/math/pseudoinverse-calculator/
math	pyramid-angle-calculator	https://tooldone.com/math/pyramid-angle-calculator/
math	pyramid-volume-calculator	https://tooldone.com/math/pyramid-volume-calculator/
math	pythagorean-theorem-calculator	https://tooldone.com/math/pythagorean-theorem-calculator/
math	pythagorean-triples-calculator	https://tooldone.com/math/pythagorean-triples-calculator/
math	qr-decomposition-calculator	https://tooldone.com/math/qr-decomposition-calculator/
math	quadratic-formula-calculator	https://tooldone.com/math/quadratic-formula-calculator/
math	quadrilateral-calculator	https://tooldone.com/math/quadrilateral-calculator/
math	quaternion-calculator	https://tooldone.com/math/quaternion-calculator/
math	queueing-theory-calculator	https://tooldone.com/math/queueing-theory-calculator/
math	quotient-calculator	https://tooldone.com/math/quotient-calculator/
math	radical-calculator	https://tooldone.com/math/radical-calculator/
math	ratio-calculator	https://tooldone.com/math/ratio-calculator/
math	rational-zeros-calculator	https://tooldone.com/math/rational-zeros-calculator/
math	rationalize-denominator-calculator	https://tooldone.com/math/rationalize-denominator-calculator/
math	ratios-of-directed-line-segments-calculator	https://tooldone.com/math/ratios-of-directed-line-segments-calculator/
math	reciprocal-calculator	https://tooldone.com/math/reciprocal-calculator/
math	rectangular-prism-calculator	https://tooldone.com/math/rectangular-prism-calculator/
math	reduced-row-echelon-form-calculator	https://tooldone.com/math/reduced-row-echelon-form-calculator/
math	reference-angle-calculator	https://tooldone.com/math/reference-angle-calculator/
math	relative-change-calculator	https://tooldone.com/math/relative-change-calculator/
math	relatively-prime-calculator	https://tooldone.com/math/relatively-prime-calculator/
math	remainder-calculator	https://tooldone.com/math/remainder-calculator/
math	reverse-foil-calculator	https://tooldone.com/math/reverse-foil-calculator/
math	right-circular-cone-calculator-area-volume-lateral-base	https://tooldone.com/math/right-circular-cone-calculator-area-volume-lateral-base/
math	right-cylinder-calculator-area-volume-lateral-base	https://tooldone.com/math/right-cylinder-calculator-area-volume-lateral-base/
math	right-rectangular-pyramid-calculator-area-volume-lateral-base	https://tooldone.com/math/right-rectangular-pyramid-calculator-area-volume-lateral-base/
math	right-triangle-calculator	https://tooldone.com/math/right-triangle-calculator/
math	right-triangle-side-and-angle-calculator	https://tooldone.com/math/right-triangle-side-and-angle-calculator/
math	rise-over-run-calculator	https://tooldone.com/math/rise-over-run-calculator/
math	root-calculator	https://tooldone.com/math/root-calculator/
math	root-mean-square-calculator	https://tooldone.com/math/root-mean-square-calculator/
math	rotation-calculator	https://tooldone.com/math/rotation-calculator/
math	round-to-the-nearest-thousand-calculator	https://tooldone.com/math/round-to-the-nearest-thousand-calculator/
math	rounding-calculator	https://tooldone.com/math/rounding-calculator/
math	rsa-calculator	https://tooldone.com/math/rsa-calculator/
math	scatter-plot-calculator	https://tooldone.com/math/scatter-plot-calculator/
math	scientific-notation-calculator	https://tooldone.com/math/scientific-notation-calculator/
math	secant-calculator	https://tooldone.com/math/secant-calculator/
math	sector-area-calculator	https://tooldone.com/math/sector-area-calculator/
math	segment-addition-postulate-calculator	https://tooldone.com/math/segment-addition-postulate-calculator/
math	segment-area-calculator	https://tooldone.com/math/segment-area-calculator/
math	semicircle-area-calculator	https://tooldone.com/math/semicircle-area-calculator/
math	sequence-calculator	https://tooldone.com/math/sequence-calculator/
math	set-builder-calculator	https://tooldone.com/math/set-builder-calculator/
math	significant-figures-calculator	https://tooldone.com/math/significant-figures-calculator/
math	similar-triangles-calculator	https://tooldone.com/math/similar-triangles-calculator/
math	simplify-fractions-calculator	https://tooldone.com/math/simplify-fractions-calculator/
math	simplifying-radicals-calculator	https://tooldone.com/math/simplifying-radicals-calculator/
math	sine-calculator	https://tooldone.com/math/sine-calculator/
math	singular-values-calculator	https://tooldone.com/math/singular-values-calculator/
math	slant-height-calculator	https://tooldone.com/math/slant-height-calculator/
math	slope-calculator	https://tooldone.com/math/slope-calculator/
math	slope-intercept-form-calculator	https://tooldone.com/math/slope-intercept-form-calculator/
math	special-right-triangles-calculator	https://tooldone.com/math/special-right-triangles-calculator/
math	sphere-calculator-volume-area-diameter	https://tooldone.com/math/sphere-calculator-volume-area-diameter/
math	spherical-coordinates-calculator	https://tooldone.com/math/spherical-coordinates-calculator/
math	spiral-length-calculator	https://tooldone.com/math/spiral-length-calculator/
math	square-calculator-area-perimeter-diagonal	https://tooldone.com/math/square-calculator-area-perimeter-diagonal/
math	square-in-a-circle-calculator	https://tooldone.com/math/square-in-a-circle-calculator/
math	square-of-a-binomial-calculator	https://tooldone.com/math/square-of-a-binomial-calculator/
math	square-root-calculator	https://tooldone.com/math/square-root-calculator/
math	standard-form-calculator	https://tooldone.com/math/standard-form-calculator/
math	standard-form-to-slope-intercept-form-calculator	https://tooldone.com/math/standard-form-to-slope-intercept-form-calculator/
math	star-shape-calculator	https://tooldone.com/math/star-shape-calculator/
math	string-girdling-earth-calculator	https://tooldone.com/math/string-girdling-earth-calculator/
math	subset-calculator	https://tooldone.com/math/subset-calculator/
math	substitution-method-calculator	https://tooldone.com/math/substitution-method-calculator/
math	subtracting-fractions-calculator	https://tooldone.com/math/subtracting-fractions-calculator/
math	subtraction-calculator	https://tooldone.com/math/subtraction-calculator/
math	sum-and-difference-identities-calculator	https://tooldone.com/math/sum-and-difference-identities-calculator/
math	sum-of-a-linear-number-sequence-calculator	https://tooldone.com/math/sum-of-a-linear-number-sequence-calculator/
math	sum-of-products-calculator	https://tooldone.com/math/sum-of-products-calculator/
math	sum-of-series-calculator	https://tooldone.com/math/sum-of-series-calculator/
math	supplementary-angles-calculator	https://tooldone.com/math/supplementary-angles-calculator/
math	surface-area-calculator	https://tooldone.com/math/surface-area-calculator/
math	surface-area-of-a-hemisphere-calculator	https://tooldone.com/math/surface-area-of-a-hemisphere-calculator/
math	surface-area-of-a-triangular-prism-calculator	https://tooldone.com/math/surface-area-of-a-triangular-prism-calculator/
math	surface-area-to-volume-ratio-calculator	https://tooldone.com/math/surface-area-to-volume-ratio-calculator/
math	svd-calculator	https://tooldone.com/math/svd-calculator/
math	synthetic-division-calculator	https://tooldone.com/math/synthetic-division-calculator/
math	system-of-equations-calculator	https://tooldone.com/math/system-of-equations-calculator/
math	tangent-calculator	https://tooldone.com/math/tangent-calculator/
math	tangent-of-a-circle-calculator	https://tooldone.com/math/tangent-of-a-circle-calculator/
math	tensor-product-calculator	https://tooldone.com/math/tensor-product-calculator/
math	terminating-decimals-calculator	https://tooldone.com/math/terminating-decimals-calculator/
math	tetrahedron-volume-calculator	https://tooldone.com/math/tetrahedron-volume-calculator/
math	three-dimensional-distance-calculator	https://tooldone.com/math/three-dimensional-distance-calculator/
math	time-percentage-calculator	https://tooldone.com/math/time-percentage-calculator/
math	torus-surface-area-calculator	https://tooldone.com/math/torus-surface-area-calculator/
math	torus-volume-calculator	https://tooldone.com/math/torus-volume-calculator/
math	trapezoid-calculator	https://tooldone.com/math/trapezoid-calculator/
math	triangle-angle-calculator	https://tooldone.com/math/triangle-angle-calculator/
math	triangle-area-calculator	https://tooldone.com/math/triangle-area-calculator/
math	triangle-height-calculator	https://tooldone.com/math/triangle-height-calculator/
math	triangle-inequality-theorem-calculator	https://tooldone.com/math/triangle-inequality-theorem-calculator/
math	triangular-numbers-calculator	https://tooldone.com/math/triangular-numbers-calculator/
math	triangular-prism-calculator	https://tooldone.com/math/triangular-prism-calculator/
math	triangulation-calculator	https://tooldone.com/math/triangulation-calculator/
math	trig-identities-calculator	https://tooldone.com/math/trig-identities-calculator/
math	trigonometric-functions-calculator	https://tooldone.com/math/trigonometric-functions-calculator/
math	trigonometry-calculator	https://tooldone.com/math/trigonometry-calculator/
math	twos-complement-calculator	https://tooldone.com/math/twos-complement-calculator/
math	ugly-duckling-theorem-calculator	https://tooldone.com/math/ugly-duckling-theorem-calculator/
math	union-and-intersection-calculator	https://tooldone.com/math/union-and-intersection-calculator/
math	unit-circle-calculator	https://tooldone.com/math/unit-circle-calculator/
math	unit-rate-calculator	https://tooldone.com/math/unit-rate-calculator/
math	unit-vector-calculator	https://tooldone.com/math/unit-vector-calculator/
math	vector-addition-calculator	https://tooldone.com/math/vector-addition-calculator/
math	vector-calculator	https://tooldone.com/math/vector-calculator/
math	vector-magnitude-calculator	https://tooldone.com/math/vector-magnitude-calculator/
math	vector-projection-calculator	https://tooldone.com/math/vector-projection-calculator/
math	vertex-form-calculator	https://tooldone.com/math/vertex-form-calculator/
math	volume-calculator	https://tooldone.com/math/volume-calculator/
math	volume-of-a-hemisphere-calculator	https://tooldone.com/math/volume-of-a-hemisphere-calculator/
math	volume-of-a-parallelepiped-calculator	https://tooldone.com/math/volume-of-a-parallelepiped-calculator/
math	volume-of-a-trapezoidal-prism-calculator	https://tooldone.com/math/volume-of-a-trapezoidal-prism-calculator/
math	weighted-average-calculator	https://tooldone.com/math/weighted-average-calculator/
math	xor-calculator	https://tooldone.com/math/xor-calculator/
math	y-intercept-calculator	https://tooldone.com/math/y-intercept-calculator/
other	16-10-aspect-ratio-calculator	https://tooldone.com/other/16-10-aspect-ratio-calculator/
other	16-9-aspect-ratio-calculator	https://tooldone.com/other/16-9-aspect-ratio-calculator/
other	3d-printing-cost-calculator	https://tooldone.com/other/3d-printing-cost-calculator/
other	3d-render-calculator	https://tooldone.com/other/3d-render-calculator/
other	4-3-aspect-ratio-calculator	https://tooldone.com/other/4-3-aspect-ratio-calculator/
other	act-score-calculator	https://tooldone.com/other/act-score-calculator/
other	age-on-other-planets-calculator	https://tooldone.com/other/age-on-other-planets-calculator/
other	amdahls-law-calculator	https://tooldone.com/other/amdahls-law-calculator/
other	angle-of-impact-calculator	https://tooldone.com/other/angle-of-impact-calculator/
other	antipode-calculator	https://tooldone.com/other/antipode-calculator/
other	aquarium-calculator	https://tooldone.com/other/aquarium-calculator/
other	aquarium-glass-thickness-calculator	https://tooldone.com/other/aquarium-glass-thickness-calculator/
other	aspect-ratio-calculator	https://tooldone.com/other/aspect-ratio-calculator/
other	audio-file-size-calculator	https://tooldone.com/other/audio-file-size-calculator/
other	azimuth-calculator	https://tooldone.com/other/azimuth-calculator/
other	bandwidth-calculator	https://tooldone.com/other/bandwidth-calculator/
other	battery-capacity-calculator	https://tooldone.com/other/battery-capacity-calculator/
other	battery-life-calculator	https://tooldone.com/other/battery-life-calculator/
other	battery-size-calculator	https://tooldone.com/other/battery-size-calculator/
other	baud-rate-calculator	https://tooldone.com/other/baud-rate-calculator/
other	blink-free-photo-calculator	https://tooldone.com/other/blink-free-photo-calculator/
other	bpm-calculator	https://tooldone.com/other/bpm-calculator/
other	cable-impedance-calculator	https://tooldone.com/other/cable-impedance-calculator/
other	camera-field-of-view-calculator	https://tooldone.com/other/camera-field-of-view-calculator/
other	carat-weight-calculator	https://tooldone.com/other/carat-weight-calculator/
other	cbm-calculator-for-shipping	https://tooldone.com/other/cbm-calculator-for-shipping/
other	chmod-calculator	https://tooldone.com/other/chmod-calculator/
other	chord-calculator	https://tooldone.com/other/chord-calculator/
other	chord-finder	https://tooldone.com/other/chord-finder/
other	chord-inversion-calculator	https://tooldone.com/other/chord-inversion-calculator/
other	chord-progression-generator	https://tooldone.com/other/chord-progression-generator/
other	chord-transposer	https://tooldone.com/other/chord-transposer/
other	christmas-countdown-calculator	https://tooldone.com/other/christmas-countdown-calculator/
other	christmas-tree-calculator	https://tooldone.com/other/christmas-tree-calculator/
other	cidr-calculator	https://tooldone.com/other/cidr-calculator/
other	classroom-spacing-calculator-coronavirus	https://tooldone.com/other/classroom-spacing-calculator-coronavirus/
other	college-gpa-calculator	https://tooldone.com/other/college-gpa-calculator/
other	contrast-ratio-calculator	https://tooldone.com/other/contrast-ratio-calculator/
other	cost-of-hiring-an-expert-vs-hiring-a-fresher-calculator	https://tooldone.com/other/cost-of-hiring-an-expert-vs-hiring-a-fresher-calculator/
other	crop-factor-calculator	https://tooldone.com/other/crop-factor-calculator/
other	crosstalk-calculator	https://tooldone.com/other/crosstalk-calculator/
other	css-aspect-ratio-calculator	https://tooldone.com/other/css-aspect-ratio-calculator/
other	data-transfer-calculator	https://tooldone.com/other/data-transfer-calculator/
other	dating-theory-calculator	https://tooldone.com/other/dating-theory-calculator/
other	day-of-the-week-calculator	https://tooldone.com/other/day-of-the-week-calculator/
other	days-until-fall-calculator	https://tooldone.com/other/days-until-fall-calculator/
other	days-until-valentines-day-calculator	https://tooldone.com/other/days-until-valentines-day-calculator/
other	delay-and-reverb-calculator	https://tooldone.com/other/delay-and-reverb-calculator/
other	depth-of-field-calculator	https://tooldone.com/other/depth-of-field-calculator/
other	diamond-carat-calculator	https://tooldone.com/other/diamond-carat-calculator/
other	diamond-weight-calculator	https://tooldone.com/other/diamond-weight-calculator/
other	dimensional-weight-calculator	https://tooldone.com/other/dimensional-weight-calculator/
other	download-time-calculator	https://tooldone.com/other/download-time-calculator/
other	dpmo-calculator	https://tooldone.com/other/dpmo-calculator/
other	drone-flight-time-calculator	https://tooldone.com/other/drone-flight-time-calculator/
other	drone-motor-calculator	https://tooldone.com/other/drone-motor-calculator/
other	duty-cycle-calculator	https://tooldone.com/other/duty-cycle-calculator/
other	earthquake-calculator	https://tooldone.com/other/earthquake-calculator/
other	easter-calculator	https://tooldone.com/other/easter-calculator/
other	edpi-calculator	https://tooldone.com/other/edpi-calculator/
other	encounter-calculator-5e	https://tooldone.com/other/encounter-calculator-5e/
other	engagement-rate-calculator	https://tooldone.com/other/engagement-rate-calculator/
other	even-parity-bit-calculator	https://tooldone.com/other/even-parity-bit-calculator/
other	exposure-calculator	https://tooldone.com/other/exposure-calculator/
other	film-calculator	https://tooldone.com/other/film-calculator/
other	final-grade-calculator	https://tooldone.com/other/final-grade-calculator/
other	flag-calculator-usa	https://tooldone.com/other/flag-calculator-usa/
other	floating-point-calculator	https://tooldone.com/other/floating-point-calculator/
other	focal-length-calculator	https://tooldone.com/other/focal-length-calculator/
other	frames-to-timecode-calculator	https://tooldone.com/other/frames-to-timecode-calculator/
other	freight-class-calculator	https://tooldone.com/other/freight-class-calculator/
other	fret-calculator	https://tooldone.com/other/fret-calculator/
other	gender-pay-gap-calculator	https://tooldone.com/other/gender-pay-gap-calculator/
other	gpa-calculator	https://tooldone.com/other/gpa-calculator/
other	gpa-calculator-pakistan	https://tooldone.com/other/gpa-calculator-pakistan/
other	grade-calculator	https://tooldone.com/other/grade-calculator/
other	gsd-calculator-ground-sample-distance	https://tooldone.com/other/gsd-calculator-ground-sample-distance/
other	guitar-string-tension-calculator	https://tooldone.com/other/guitar-string-tension-calculator/
other	gwa-calculator-general-weighted-average	https://tooldone.com/other/gwa-calculator-general-weighted-average/
other	hamming-code-calculator	https://tooldone.com/other/hamming-code-calculator/
other	hamming-distance-calculator	https://tooldone.com/other/hamming-distance-calculator/
other	harmonic-series-calculator	https://tooldone.com/other/harmonic-series-calculator/
other	high-school-gpa-calculator	https://tooldone.com/other/high-school-gpa-calculator/
other	hp-calculator-5e-dungeons-and-dragons	https://tooldone.com/other/hp-calculator-5e-dungeons-and-dragons/
other	hyperfocal-distance-calculator	https://tooldone.com/other/hyperfocal-distance-calculator/
other	ielts-score-calculator	https://tooldone.com/other/ielts-score-calculator/
other	image-file-size-calculator	https://tooldone.com/other/image-file-size-calculator/
other	image-ratio-calculator	https://tooldone.com/other/image-ratio-calculator/
other	impact-factor-calculator	https://tooldone.com/other/impact-factor-calculator/
other	impedance-matching-calculator	https://tooldone.com/other/impedance-matching-calculator/
other	impostor-odds-calculator-among-us	https://tooldone.com/other/impostor-odds-calculator-among-us/
other	ip-subnet-calculator	https://tooldone.com/other/ip-subnet-calculator/
other	kd-calculator-kill-death-ratio	https://tooldone.com/other/kd-calculator-kill-death-ratio/
other	key-signature-calculator	https://tooldone.com/other/key-signature-calculator/
other	latitude-longitude-distance-calculator	https://tooldone.com/other/latitude-longitude-distance-calculator/
other	lm317-calculator	https://tooldone.com/other/lm317-calculator/
other	logic-gate-calculator	https://tooldone.com/other/logic-gate-calculator/
other	magnification-of-a-lens-calculator	https://tooldone.com/other/magnification-of-a-lens-calculator/
other	matched-betting-calculator	https://tooldone.com/other/matched-betting-calculator/
other	mayan-calendar-converter	https://tooldone.com/other/mayan-calendar-converter/
other	minecraft-circle-generator	https://tooldone.com/other/minecraft-circle-generator/
other	minecraft-end-portal-finder	https://tooldone.com/other/minecraft-end-portal-finder/
other	minecraft-stack-calculator	https://tooldone.com/other/minecraft-stack-calculator/
other	mm-to-carat-conversion	https://tooldone.com/other/mm-to-carat-conversion/
other	music-duration-calculator	https://tooldone.com/other/music-duration-calculator/
other	music-interval-calculator	https://tooldone.com/other/music-interval-calculator/
other	music-scale-calculator	https://tooldone.com/other/music-scale-calculator/
other	music-transposition-calculator	https://tooldone.com/other/music-transposition-calculator/
other	nanowrimo-calculator	https://tooldone.com/other/nanowrimo-calculator/
other	nether-portal-calculator	https://tooldone.com/other/nether-portal-calculator/
other	new-year-countdown-calculator	https://tooldone.com/other/new-year-countdown-calculator/
other	new-years-resolutions-calculator	https://tooldone.com/other/new-years-resolutions-calculator/
other	note-frequency-calculator	https://tooldone.com/other/note-frequency-calculator/
other	odd-parity-bit-calculator	https://tooldone.com/other/odd-parity-bit-calculator/
other	op-amp-gain-calculator	https://tooldone.com/other/op-amp-gain-calculator/
other	oxygen-tank-duration-calculator	https://tooldone.com/other/oxygen-tank-duration-calculator/
other	pallet-calculator	https://tooldone.com/other/pallet-calculator/
other	parity-bit-calculator	https://tooldone.com/other/parity-bit-calculator/
other	parity-calculator	https://tooldone.com/other/parity-calculator/
other	password-entropy-calculator	https://tooldone.com/other/password-entropy-calculator/
other	pay-gap-calculator	https://tooldone.com/other/pay-gap-calculator/
other	pcb-impedance-calculator	https://tooldone.com/other/pcb-impedance-calculator/
other	pcb-trace-current-calculator	https://tooldone.com/other/pcb-trace-current-calculator/
other	pcb-trace-resistance-calculator	https://tooldone.com/other/pcb-trace-resistance-calculator/
other	pcb-trace-width-calculator	https://tooldone.com/other/pcb-trace-width-calculator/
other	pert-calculator	https://tooldone.com/other/pert-calculator/
other	pi-attenuator-calculator	https://tooldone.com/other/pi-attenuator-calculator/
other	pixel-aspect-ratio-calculator	https://tooldone.com/other/pixel-aspect-ratio-calculator/
other	pixels-to-print-size-calculator	https://tooldone.com/other/pixels-to-print-size-calculator/
other	pizza-tip-calculator	https://tooldone.com/other/pizza-tip-calculator/
other	point-buy-calculator-5e	https://tooldone.com/other/point-buy-calculator-5e/
other	pokemon-go-candy-calculator	https://tooldone.com/other/pokemon-go-candy-calculator/
other	poker-ev-calculator	https://tooldone.com/other/poker-ev-calculator/
other	poker-odds-calculator	https://tooldone.com/other/poker-odds-calculator/
other	port-length-calculator	https://tooldone.com/other/port-length-calculator/
other	portrait-aspect-ratio-calculator	https://tooldone.com/other/portrait-aspect-ratio-calculator/
other	ppi-calculator-pixels-per-inch	https://tooldone.com/other/ppi-calculator-pixels-per-inch/
other	projector-calculator	https://tooldone.com/other/projector-calculator/
other	propagation-delay-calculator	https://tooldone.com/other/propagation-delay-calculator/
other	pte-score-calculator	https://tooldone.com/other/pte-score-calculator/
other	pyramid-block-calculator	https://tooldone.com/other/pyramid-block-calculator/
other	raid-calculator	https://tooldone.com/other/raid-calculator/
other	rain-to-snow-calculator	https://tooldone.com/other/rain-to-snow-calculator/
other	rainfall-calculator	https://tooldone.com/other/rainfall-calculator/
other	ram-latency-calculator	https://tooldone.com/other/ram-latency-calculator/
other	recruitment-process-duration-calculator	https://tooldone.com/other/recruitment-process-duration-calculator/
other	reorder-point-calculator	https://tooldone.com/other/reorder-point-calculator/
other	resolution-scale-calculator	https://tooldone.com/other/resolution-scale-calculator/
other	rf-unit-converter	https://tooldone.com/other/rf-unit-converter/
other	rounds-per-minute-calculator	https://tooldone.com/other/rounds-per-minute-calculator/
other	rust-decay-calculator	https://tooldone.com/other/rust-decay-calculator/
other	salt-dough-calculator	https://tooldone.com/other/salt-dough-calculator/
other	sandbox-calculator	https://tooldone.com/other/sandbox-calculator/
other	screen-ratio-calculator	https://tooldone.com/other/screen-ratio-calculator/
other	screen-size-calculator	https://tooldone.com/other/screen-size-calculator/
other	semester-grade-calculator	https://tooldone.com/other/semester-grade-calculator/
other	semitone-calculator	https://tooldone.com/other/semitone-calculator/
other	shutter-speed-calculator	https://tooldone.com/other/shutter-speed-calculator/
other	snowman-calculator	https://tooldone.com/other/snowman-calculator/
other	speaker-box-calculator	https://tooldone.com/other/speaker-box-calculator/
other	streaming-bitrate-calculator	https://tooldone.com/other/streaming-bitrate-calculator/
other	streaming-services-royalties-calculator	https://tooldone.com/other/streaming-services-royalties-calculator/
other	sunbathing-calculator	https://tooldone.com/other/sunbathing-calculator/
other	takt-time-calculator	https://tooldone.com/other/takt-time-calculator/
other	test-grade-calculator	https://tooldone.com/other/test-grade-calculator/
other	the-witcher-monster-slayer-calculator	https://tooldone.com/other/the-witcher-monster-slayer-calculator/
other	time-lapse-calculator	https://tooldone.com/other/time-lapse-calculator/
other	timecode-to-frames-calculator	https://tooldone.com/other/timecode-to-frames-calculator/
other	tip-calculator	https://tooldone.com/other/tip-calculator/
other	tip-from-net-price-calculator	https://tooldone.com/other/tip-from-net-price-calculator/
other	total-harmonic-distortion-calculator	https://tooldone.com/other/total-harmonic-distortion-calculator/
other	travel-expenses	https://tooldone.com/other/travel-expenses/
other	trick-or-treat-calculator	https://tooldone.com/other/trick-or-treat-calculator/
other	tv-mounting-height-calculator	https://tooldone.com/other/tv-mounting-height-calculator/
other	tv-size-calculator	https://tooldone.com/other/tv-size-calculator/
other	upload-time-calculator	https://tooldone.com/other/upload-time-calculator/
other	uptime-calculator	https://tooldone.com/other/uptime-calculator/
other	vampire-apocalypse-calculator	https://tooldone.com/other/vampire-apocalypse-calculator/
other	vertical-exaggeration-calculator	https://tooldone.com/other/vertical-exaggeration-calculator/
other	video-file-size-calculator-by-format	https://tooldone.com/other/video-file-size-calculator-by-format/
other	video-frame-size-calculator	https://tooldone.com/other/video-frame-size-calculator/
other	vocal-range-calculator	https://tooldone.com/other/vocal-range-calculator/
other	white-christmas-calculator	https://tooldone.com/other/white-christmas-calculator/
other	wind-chill-calculator	https://tooldone.com/other/wind-chill-calculator/
other	zombie-invasion-calculator	https://tooldone.com/other/zombie-invasion-calculator/
physic	555-timer-calculator	https://tooldone.com/physic/555-timer-calculator/
physic	absolute-humidity-calculator	https://tooldone.com/physic/absolute-humidity-calculator/
physic	ac-wattage-calculator	https://tooldone.com/physic/ac-wattage-calculator/
physic	acceleration-calculator	https://tooldone.com/physic/acceleration-calculator/
physic	acceleration-in-the-electric-field-calculator	https://tooldone.com/physic/acceleration-in-the-electric-field-calculator/
physic	acoustic-impedance-calculator	https://tooldone.com/physic/acoustic-impedance-calculator/
physic	air-density-calculator	https://tooldone.com/physic/air-density-calculator/
physic	air-pressure-at-altitude-calculator	https://tooldone.com/physic/air-pressure-at-altitude-calculator/
physic	alfven-velocity-calculator	https://tooldone.com/physic/alfven-velocity-calculator/
physic	alien-civilization-calculator	https://tooldone.com/physic/alien-civilization-calculator/
physic	angle-of-banking-calculator	https://tooldone.com/physic/angle-of-banking-calculator/
physic	angle-of-repose-calculator	https://tooldone.com/physic/angle-of-repose-calculator/
physic	angle-of-twist-calculator	https://tooldone.com/physic/angle-of-twist-calculator/
physic	angular-acceleration-calculator	https://tooldone.com/physic/angular-acceleration-calculator/
physic	angular-displacement-calculator	https://tooldone.com/physic/angular-displacement-calculator/
physic	angular-frequency-calculator	https://tooldone.com/physic/angular-frequency-calculator/
physic	angular-momentum-calculator	https://tooldone.com/physic/angular-momentum-calculator/
physic	angular-resolution-calculator	https://tooldone.com/physic/angular-resolution-calculator/
physic	angular-velocity-calculator	https://tooldone.com/physic/angular-velocity-calculator/
physic	aperture-area-calculator	https://tooldone.com/physic/aperture-area-calculator/
physic	api-gravity-calculator	https://tooldone.com/physic/api-gravity-calculator/
physic	archimedes-principle-calculator	https://tooldone.com/physic/archimedes-principle-calculator/
physic	arrow-speed-calculator	https://tooldone.com/physic/arrow-speed-calculator/
physic	attenuation-calculator	https://tooldone.com/physic/attenuation-calculator/
physic	ballistic-coefficient-calculator	https://tooldone.com/physic/ballistic-coefficient-calculator/
physic	barn-pole-paradox	https://tooldone.com/physic/barn-pole-paradox/
physic	beat-frequency-calculator	https://tooldone.com/physic/beat-frequency-calculator/
physic	belt-length-calculator	https://tooldone.com/physic/belt-length-calculator/
physic	bend-allowance-calculator	https://tooldone.com/physic/bend-allowance-calculator/
physic	bernoulli-equation-calculator	https://tooldone.com/physic/bernoulli-equation-calculator/
physic	binoculars-range-calculator	https://tooldone.com/physic/binoculars-range-calculator/
physic	biot-number-calculator	https://tooldone.com/physic/biot-number-calculator/
physic	black-hole-collision-calculator	https://tooldone.com/physic/black-hole-collision-calculator/
physic	black-hole-temperature-calculator	https://tooldone.com/physic/black-hole-temperature-calculator/
physic	blackbody-radiation-calculator	https://tooldone.com/physic/blackbody-radiation-calculator/
physic	blast-radius-calculator	https://tooldone.com/physic/blast-radius-calculator/
physic	bmep-calculator-brake-mean-effective-pressure-calculator	https://tooldone.com/physic/bmep-calculator-brake-mean-effective-pressure-calculator/
physic	bohr-model-calculator	https://tooldone.com/physic/bohr-model-calculator/
physic	boltzmann-factor-calculator	https://tooldone.com/physic/boltzmann-factor-calculator/
physic	boost-converter-calculator	https://tooldone.com/physic/boost-converter-calculator/
physic	boyles-law-calculator	https://tooldone.com/physic/boyles-law-calculator/
physic	braggs-law-calculator	https://tooldone.com/physic/braggs-law-calculator/
physic	breaker-size-calculator	https://tooldone.com/physic/breaker-size-calculator/
physic	brewsters-angle-calculator	https://tooldone.com/physic/brewsters-angle-calculator/
physic	bridge-rectifier-calculator	https://tooldone.com/physic/bridge-rectifier-calculator/
physic	brinell-hardness-number-calculator	https://tooldone.com/physic/brinell-hardness-number-calculator/
physic	broad-crested-weir-calculator	https://tooldone.com/physic/broad-crested-weir-calculator/
physic	btu-to-tons-converter	https://tooldone.com/physic/btu-to-tons-converter/
physic	buck-converter-calculator	https://tooldone.com/physic/buck-converter-calculator/
physic	buckling-calculator	https://tooldone.com/physic/buckling-calculator/
physic	bug-rivet-paradox	https://tooldone.com/physic/bug-rivet-paradox/
physic	bulk-modulus-calculator	https://tooldone.com/physic/bulk-modulus-calculator/
physic	bullet-energy-calculator	https://tooldone.com/physic/bullet-energy-calculator/
physic	buoyancy-calculator	https://tooldone.com/physic/buoyancy-calculator/
physic	buoyancy-experiment-calculator	https://tooldone.com/physic/buoyancy-experiment-calculator/
physic	calorimetry-calculator	https://tooldone.com/physic/calorimetry-calculator/
physic	capacitance-calculator	https://tooldone.com/physic/capacitance-calculator/
physic	capacitive-reactance-calculator	https://tooldone.com/physic/capacitive-reactance-calculator/
physic	capacitive-transformerless-power-supply-calculator	https://tooldone.com/physic/capacitive-transformerless-power-supply-calculator/
physic	capacitor-calculator	https://tooldone.com/physic/capacitor-calculator/
physic	capacitor-charge-time-calculator	https://tooldone.com/physic/capacitor-charge-time-calculator/
physic	capacitor-energy-calculator	https://tooldone.com/physic/capacitor-energy-calculator/
physic	capacitor-size-calculator	https://tooldone.com/physic/capacitor-size-calculator/
physic	capacitors-in-series-calculator	https://tooldone.com/physic/capacitors-in-series-calculator/
physic	car-center-of-mass-calculator	https://tooldone.com/physic/car-center-of-mass-calculator/
physic	car-crash-calculator	https://tooldone.com/physic/car-crash-calculator/
physic	car-jump-distance-calculator	https://tooldone.com/physic/car-jump-distance-calculator/
physic	carburetor-cfm-calculator	https://tooldone.com/physic/carburetor-cfm-calculator/
physic	carnot-efficiency-calculator	https://tooldone.com/physic/carnot-efficiency-calculator/
physic	centrifugal-force-calculator	https://tooldone.com/physic/centrifugal-force-calculator/
physic	centrifuge-calculator	https://tooldone.com/physic/centrifuge-calculator/
physic	centripetal-force-calculator	https://tooldone.com/physic/centripetal-force-calculator/
physic	charles-law-calculator	https://tooldone.com/physic/charles-law-calculator/
physic	circular-motion-calculator	https://tooldone.com/physic/circular-motion-calculator/
physic	cloud-base-calculator	https://tooldone.com/physic/cloud-base-calculator/
physic	coefficient-of-discharge-calculator	https://tooldone.com/physic/coefficient-of-discharge-calculator/
physic	coefficient-of-performance-calculator	https://tooldone.com/physic/coefficient-of-performance-calculator/
physic	combined-gas-law-calculator	https://tooldone.com/physic/combined-gas-law-calculator/
physic	compressibility-factor-calculator	https://tooldone.com/physic/compressibility-factor-calculator/
physic	compton-scattering-calculator	https://tooldone.com/physic/compton-scattering-calculator/
physic	compton-wavelength-calculator	https://tooldone.com/physic/compton-wavelength-calculator/
physic	conductivity-to-resistivity-calculator	https://tooldone.com/physic/conductivity-to-resistivity-calculator/
physic	conservation-of-momentum-calculator	https://tooldone.com/physic/conservation-of-momentum-calculator/
physic	contact-lens-vertex-calculator	https://tooldone.com/physic/contact-lens-vertex-calculator/
physic	copper-wire-weight-calculator	https://tooldone.com/physic/copper-wire-weight-calculator/
physic	coriolis-effect-calculator	https://tooldone.com/physic/coriolis-effect-calculator/
physic	coulombs-law-calculator	https://tooldone.com/physic/coulombs-law-calculator/
physic	crawl-ratio-calculator	https://tooldone.com/physic/crawl-ratio-calculator/
physic	critical-damping-calculator	https://tooldone.com/physic/critical-damping-calculator/
physic	crossover-calculator	https://tooldone.com/physic/crossover-calculator/
physic	curie-constant-calculator	https://tooldone.com/physic/curie-constant-calculator/
physic	curies-law-calculator	https://tooldone.com/physic/curies-law-calculator/
physic	current-divider-calculator	https://tooldone.com/physic/current-divider-calculator/
physic	cutoff-frequency-calculator	https://tooldone.com/physic/cutoff-frequency-calculator/
physic	cv-flow-calculator	https://tooldone.com/physic/cv-flow-calculator/
physic	cyclotron-frequency-calculator	https://tooldone.com/physic/cyclotron-frequency-calculator/
physic	damping-ratio-calculator	https://tooldone.com/physic/damping-ratio-calculator/
physic	darcy-weisbach-calculator	https://tooldone.com/physic/darcy-weisbach-calculator/
physic	darcys-law-calculator	https://tooldone.com/physic/darcys-law-calculator/
physic	db-calculator	https://tooldone.com/physic/db-calculator/
physic	db-gain-calculator	https://tooldone.com/physic/db-gain-calculator/
physic	de-broglie-wavelength-calculator	https://tooldone.com/physic/de-broglie-wavelength-calculator/
physic	delta-to-wye-conversion	https://tooldone.com/physic/delta-to-wye-conversion/
physic	delta-v-calculator	https://tooldone.com/physic/delta-v-calculator/
physic	density-altitude-calculator	https://tooldone.com/physic/density-altitude-calculator/
physic	density-calculator	https://tooldone.com/physic/density-calculator/
physic	dew-point-calculator	https://tooldone.com/physic/dew-point-calculator/
physic	differential-pressure-calculator	https://tooldone.com/physic/differential-pressure-calculator/
physic	diffraction-grating-calculator	https://tooldone.com/physic/diffraction-grating-calculator/
physic	diopter-calculator	https://tooldone.com/physic/diopter-calculator/
physic	dipole-calculator	https://tooldone.com/physic/dipole-calculator/
physic	dipole-moment-calculator	https://tooldone.com/physic/dipole-moment-calculator/
physic	displacement-calculator	https://tooldone.com/physic/displacement-calculator/
physic	distance-attenuation-calculator	https://tooldone.com/physic/distance-attenuation-calculator/
physic	distance-to-horizon-calculator	https://tooldone.com/physic/distance-to-horizon-calculator/
physic	doppler-effect-calculator	https://tooldone.com/physic/doppler-effect-calculator/
physic	drag-equation-calculator	https://tooldone.com/physic/drag-equation-calculator/
physic	drake-equation-calculator	https://tooldone.com/physic/drake-equation-calculator/
physic	drift-velocity-calculator	https://tooldone.com/physic/drift-velocity-calculator/
physic	e-mc2-calculator	https://tooldone.com/physic/e-mc2-calculator/
physic	earth-curvature-calculator	https://tooldone.com/physic/earth-curvature-calculator/
physic	earth-orbit-calculator	https://tooldone.com/physic/earth-orbit-calculator/
physic	effectiveness-ntu-calculator	https://tooldone.com/physic/effectiveness-ntu-calculator/
physic	efficiency-calculator	https://tooldone.com/physic/efficiency-calculator/
physic	eirp-calculator-effective-isotropic-radiated-power	https://tooldone.com/physic/eirp-calculator-effective-isotropic-radiated-power/
physic	elastic-constants-calculator	https://tooldone.com/physic/elastic-constants-calculator/
physic	elastic-potential-energy-calculator	https://tooldone.com/physic/elastic-potential-energy-calculator/
physic	electric-field-calculator	https://tooldone.com/physic/electric-field-calculator/
physic	electric-motor-torque-calculator	https://tooldone.com/physic/electric-motor-torque-calculator/
physic	electric-potential-calculator	https://tooldone.com/physic/electric-potential-calculator/
physic	electrical-mobility-calculator	https://tooldone.com/physic/electrical-mobility-calculator/
physic	electrical-power-calculator	https://tooldone.com/physic/electrical-power-calculator/
physic	electron-speed-calculator	https://tooldone.com/physic/electron-speed-calculator/
physic	elongation-calculator	https://tooldone.com/physic/elongation-calculator/
physic	energy-density-of-fields-calculator	https://tooldone.com/physic/energy-density-of-fields-calculator/
physic	engine-displacement-calculator	https://tooldone.com/physic/engine-displacement-calculator/
physic	enthalpy-calculator	https://tooldone.com/physic/enthalpy-calculator/
physic	escape-velocity-calculator	https://tooldone.com/physic/escape-velocity-calculator/
physic	evaporation-rate-calculator	https://tooldone.com/physic/evaporation-rate-calculator/
physic	excess-electrons-calculator	https://tooldone.com/physic/excess-electrons-calculator/
physic	exhaust-diameter-calculator	https://tooldone.com/physic/exhaust-diameter-calculator/
physic	exoplanet-discovery-calculator	https://tooldone.com/physic/exoplanet-discovery-calculator/
physic	exoplanet-travel-planner-calculator	https://tooldone.com/physic/exoplanet-travel-planner-calculator/
physic	factor-of-safety-calculator	https://tooldone.com/physic/factor-of-safety-calculator/
physic	fan-calculator	https://tooldone.com/physic/fan-calculator/
physic	faradays-law-calculator	https://tooldone.com/physic/faradays-law-calculator/
physic	fermi-level-calculator	https://tooldone.com/physic/fermi-level-calculator/
physic	flat-vs-round-earth-calculator	https://tooldone.com/physic/flat-vs-round-earth-calculator/
physic	flow-rate-calculator	https://tooldone.com/physic/flow-rate-calculator/
physic	flyback-converter-calculator	https://tooldone.com/physic/flyback-converter-calculator/
physic	flywheel-energy-storage-calculator	https://tooldone.com/physic/flywheel-energy-storage-calculator/
physic	force-calculator	https://tooldone.com/physic/force-calculator/
physic	forward-converter-calculator	https://tooldone.com/physic/forward-converter-calculator/
physic	free-fall-calculator	https://tooldone.com/physic/free-fall-calculator/
physic	free-fall-with-air-resistance-calculator	https://tooldone.com/physic/free-fall-with-air-resistance-calculator/
physic	free-space-path-loss-calculator	https://tooldone.com/physic/free-space-path-loss-calculator/
physic	frequency-bandwidth-calculator	https://tooldone.com/physic/frequency-bandwidth-calculator/
physic	frequency-calculator	https://tooldone.com/physic/frequency-calculator/
physic	frequency-converter	https://tooldone.com/physic/frequency-converter/
physic	frequency-of-light-calculator	https://tooldone.com/physic/frequency-of-light-calculator/
physic	fresnel-zone-calculator	https://tooldone.com/physic/fresnel-zone-calculator/
physic	friction-calculator	https://tooldone.com/physic/friction-calculator/
physic	friction-factor-calculator	https://tooldone.com/physic/friction-factor-calculator/
physic	friction-loss-calculator	https://tooldone.com/physic/friction-loss-calculator/
physic	froude-number-calculator	https://tooldone.com/physic/froude-number-calculator/
physic	fulcrum-calculator	https://tooldone.com/physic/fulcrum-calculator/
physic	gausss-law-calculator	https://tooldone.com/physic/gausss-law-calculator/
physic	gay-lussacs-law-calculator	https://tooldone.com/physic/gay-lussacs-law-calculator/
physic	gear-ratio-calculator	https://tooldone.com/physic/gear-ratio-calculator/
physic	generator-power-calculator	https://tooldone.com/physic/generator-power-calculator/
physic	gold-weight-calculator	https://tooldone.com/physic/gold-weight-calculator/
physic	gravitational-force-calculator	https://tooldone.com/physic/gravitational-force-calculator/
physic	gravitational-time-dilation-calculator	https://tooldone.com/physic/gravitational-time-dilation-calculator/
physic	ground-speed-calculator	https://tooldone.com/physic/ground-speed-calculator/
physic	hair-diffraction-calculator	https://tooldone.com/physic/hair-diffraction-calculator/
physic	hall-coefficient-calculator	https://tooldone.com/physic/hall-coefficient-calculator/
physic	harmonic-wave-equation-calculator	https://tooldone.com/physic/harmonic-wave-equation-calculator/
physic	heat-capacity-calculator	https://tooldone.com/physic/heat-capacity-calculator/
physic	heat-index-calculator	https://tooldone.com/physic/heat-index-calculator/
physic	heat-transfer-calculator	https://tooldone.com/physic/heat-transfer-calculator/
physic	heat-transfer-coefficient-calculator	https://tooldone.com/physic/heat-transfer-coefficient-calculator/
physic	heisenbergs-uncertainty-principle-calculator	https://tooldone.com/physic/heisenbergs-uncertainty-principle-calculator/
physic	helical-coil-calculator	https://tooldone.com/physic/helical-coil-calculator/
physic	helmholtz-resonator-calculator	https://tooldone.com/physic/helmholtz-resonator-calculator/
physic	high-pass-filter-calculator	https://tooldone.com/physic/high-pass-filter-calculator/
physic	hohmann-transfer-calculator	https://tooldone.com/physic/hohmann-transfer-calculator/
physic	hookes-law-calculator	https://tooldone.com/physic/hookes-law-calculator/
physic	hoop-stress-calculator	https://tooldone.com/physic/hoop-stress-calculator/
physic	horizontal-projectile-motion-calculator	https://tooldone.com/physic/horizontal-projectile-motion-calculator/
physic	hp-to-amps-calculator	https://tooldone.com/physic/hp-to-amps-calculator/
physic	hubble-law-distance-calculator	https://tooldone.com/physic/hubble-law-distance-calculator/
physic	hydraulic-conductivity-calculator	https://tooldone.com/physic/hydraulic-conductivity-calculator/
physic	hydraulic-gradient-calculator	https://tooldone.com/physic/hydraulic-gradient-calculator/
physic	hydraulic-jump-calculator	https://tooldone.com/physic/hydraulic-jump-calculator/
physic	hydraulic-pressure-calculator	https://tooldone.com/physic/hydraulic-pressure-calculator/
physic	hydraulic-radius-calculator	https://tooldone.com/physic/hydraulic-radius-calculator/
physic	hydrogen-energy-levels-calculator	https://tooldone.com/physic/hydrogen-energy-levels-calculator/
physic	hydrostatic-pressure-calculator	https://tooldone.com/physic/hydrostatic-pressure-calculator/
physic	ideal-gas-density-calculator	https://tooldone.com/physic/ideal-gas-density-calculator/
physic	ideal-gas-law-calculator	https://tooldone.com/physic/ideal-gas-law-calculator/
physic	ideal-transformer-calculator	https://tooldone.com/physic/ideal-transformer-calculator/
physic	immersed-weight-calculator	https://tooldone.com/physic/immersed-weight-calculator/
physic	impact-energy-calculator	https://tooldone.com/physic/impact-energy-calculator/
physic	impact-test-calculator	https://tooldone.com/physic/impact-test-calculator/
physic	impulse-and-momentum-calculator	https://tooldone.com/physic/impulse-and-momentum-calculator/
physic	inclined-plane-calculator	https://tooldone.com/physic/inclined-plane-calculator/
physic	index-of-refraction-calculator	https://tooldone.com/physic/index-of-refraction-calculator/
physic	inductive-reactance-calculator	https://tooldone.com/physic/inductive-reactance-calculator/
physic	inductor-energy-storage-calculator	https://tooldone.com/physic/inductor-energy-storage-calculator/
physic	inductors-in-parallel-calculator	https://tooldone.com/physic/inductors-in-parallel-calculator/
physic	inductors-in-series-calculator	https://tooldone.com/physic/inductors-in-series-calculator/
physic	insertion-loss-calculator	https://tooldone.com/physic/insertion-loss-calculator/
physic	internal-resistance-calculator	https://tooldone.com/physic/internal-resistance-calculator/
physic	intrinsic-carrier-concentration-calculator	https://tooldone.com/physic/intrinsic-carrier-concentration-calculator/
physic	inverse-square-law-calculator	https://tooldone.com/physic/inverse-square-law-calculator/
physic	inverting-buck-boost-converter-calculator	https://tooldone.com/physic/inverting-buck-boost-converter-calculator/
physic	isentropic-flow-calculator	https://tooldone.com/physic/isentropic-flow-calculator/
physic	j-pole-antenna-calculator	https://tooldone.com/physic/j-pole-antenna-calculator/
physic	joule-heating-calculator	https://tooldone.com/physic/joule-heating-calculator/
physic	keplers-third-law-calculator	https://tooldone.com/physic/keplers-third-law-calculator/
physic	kinematic-viscosity-of-air-calculator	https://tooldone.com/physic/kinematic-viscosity-of-air-calculator/
physic	kinetic-energy-calculator	https://tooldone.com/physic/kinetic-energy-calculator/
physic	kinetic-energy-of-a-pendulum-calculator	https://tooldone.com/physic/kinetic-energy-of-a-pendulum-calculator/
physic	knudsen-number-calculator	https://tooldone.com/physic/knudsen-number-calculator/
physic	kva-calculator	https://tooldone.com/physic/kva-calculator/
physic	laser-beam-divergence-calculator	https://tooldone.com/physic/laser-beam-divergence-calculator/
physic	laser-beam-expander-calculator	https://tooldone.com/physic/laser-beam-expander-calculator/
physic	laser-beam-spot-size-calculator	https://tooldone.com/physic/laser-beam-spot-size-calculator/
physic	laser-brightness-calculator	https://tooldone.com/physic/laser-brightness-calculator/
physic	laser-linewidth-and-bandwidth-calculator	https://tooldone.com/physic/laser-linewidth-and-bandwidth-calculator/
physic	latent-heat-calculator	https://tooldone.com/physic/latent-heat-calculator/
physic	led-resistor-calculator	https://tooldone.com/physic/led-resistor-calculator/
physic	length-contraction-calculator	https://tooldone.com/physic/length-contraction-calculator/
physic	lens-maker-equation-calculator	https://tooldone.com/physic/lens-maker-equation-calculator/
physic	lever-calculator	https://tooldone.com/physic/lever-calculator/
physic	lift-coefficient-calculator	https://tooldone.com/physic/lift-coefficient-calculator/
physic	light-year-calculator	https://tooldone.com/physic/light-year-calculator/
physic	lightning-distance-calculator	https://tooldone.com/physic/lightning-distance-calculator/
physic	linear-actuator-force-calculator	https://tooldone.com/physic/linear-actuator-force-calculator/
physic	lmtd-calculator-log-mean-temperature-difference	https://tooldone.com/physic/lmtd-calculator-log-mean-temperature-difference/
physic	lorentz-force-calculator	https://tooldone.com/physic/lorentz-force-calculator/
physic	low-pass-filter-calculator	https://tooldone.com/physic/low-pass-filter-calculator/
physic	lumen-calculator-lumen-to-lux-to-candela	https://tooldone.com/physic/lumen-calculator-lumen-to-lux-to-candela/
physic	luminosity-calculator	https://tooldone.com/physic/luminosity-calculator/
physic	lux-to-foot-candles-converter	https://tooldone.com/physic/lux-to-foot-candles-converter/
physic	mach-number-calculator	https://tooldone.com/physic/mach-number-calculator/
physic	magnetic-declination-calculator	https://tooldone.com/physic/magnetic-declination-calculator/
physic	magnetic-dipole-moment-calculator	https://tooldone.com/physic/magnetic-dipole-moment-calculator/
physic	magnetic-field-of-a-straight-current-carrying-wire-calculator	https://tooldone.com/physic/magnetic-field-of-a-straight-current-carrying-wire-calculator/
physic	magnetic-force-between-current-carrying-wires-calculator	https://tooldone.com/physic/magnetic-force-between-current-carrying-wires-calculator/
physic	magnetic-force-on-a-current-carrying-wire-calculator	https://tooldone.com/physic/magnetic-force-on-a-current-carrying-wire-calculator/
physic	magnetic-moment-calculator	https://tooldone.com/physic/magnetic-moment-calculator/
physic	magnetic-permeability-calculator	https://tooldone.com/physic/magnetic-permeability-calculator/
physic	magnitude-of-acceleration-calculator	https://tooldone.com/physic/magnitude-of-acceleration-calculator/
physic	magnus-force-calculator	https://tooldone.com/physic/magnus-force-calculator/
physic	malus-law-calculator	https://tooldone.com/physic/malus-law-calculator/
physic	manometer-calculator	https://tooldone.com/physic/manometer-calculator/
physic	mass-moment-of-inertia-calculator	https://tooldone.com/physic/mass-moment-of-inertia-calculator/
physic	maximum-height-calculator-projectile-motion	https://tooldone.com/physic/maximum-height-calculator-projectile-motion/
physic	mean-free-path-calculator	https://tooldone.com/physic/mean-free-path-calculator/
physic	mechanical-advantage-calculator	https://tooldone.com/physic/mechanical-advantage-calculator/
physic	mirror-equation-calculator	https://tooldone.com/physic/mirror-equation-calculator/
physic	mixed-air-calculator	https://tooldone.com/physic/mixed-air-calculator/
physic	mixed-air-temperature-calculator	https://tooldone.com/physic/mixed-air-temperature-calculator/
physic	mixing-ratio-of-air-calculator	https://tooldone.com/physic/mixing-ratio-of-air-calculator/
physic	modulation-calculator	https://tooldone.com/physic/modulation-calculator/
physic	mohrs-circle-calculator	https://tooldone.com/physic/mohrs-circle-calculator/
physic	moisture-content-calculator	https://tooldone.com/physic/moisture-content-calculator/
physic	momentum-calculator	https://tooldone.com/physic/momentum-calculator/
physic	mosfet-calculator	https://tooldone.com/physic/mosfet-calculator/
physic	mosfet-threshold-voltage-calculator	https://tooldone.com/physic/mosfet-threshold-voltage-calculator/
physic	muzzle-velocity-calculator	https://tooldone.com/physic/muzzle-velocity-calculator/
physic	natural-frequency-calculator	https://tooldone.com/physic/natural-frequency-calculator/
physic	net-force-calculator	https://tooldone.com/physic/net-force-calculator/
physic	newtons-law-of-cooling-calculator	https://tooldone.com/physic/newtons-law-of-cooling-calculator/
physic	newtons-second-law-calculator	https://tooldone.com/physic/newtons-second-law-calculator/
physic	newtons-third-law-calculator	https://tooldone.com/physic/newtons-third-law-calculator/
physic	noise-figure-calculator	https://tooldone.com/physic/noise-figure-calculator/
physic	normal-force-calculator	https://tooldone.com/physic/normal-force-calculator/
physic	npsh-calculator-net-positive-suction-head	https://tooldone.com/physic/npsh-calculator-net-positive-suction-head/
physic	number-density-calculator	https://tooldone.com/physic/number-density-calculator/
physic	nusselt-number-calculator	https://tooldone.com/physic/nusselt-number-calculator/
physic	oblique-shock-calculator	https://tooldone.com/physic/oblique-shock-calculator/
physic	ohms-law-calculator	https://tooldone.com/physic/ohms-law-calculator/
physic	olbers-paradox	https://tooldone.com/physic/olbers-paradox/
physic	open-channel-flow-calculator	https://tooldone.com/physic/open-channel-flow-calculator/
physic	optical-density-calculator	https://tooldone.com/physic/optical-density-calculator/
physic	orbital-period-calculator	https://tooldone.com/physic/orbital-period-calculator/
physic	orbital-velocity-calculator	https://tooldone.com/physic/orbital-velocity-calculator/
physic	orifice-flow-calculator	https://tooldone.com/physic/orifice-flow-calculator/
physic	parallax-calculator	https://tooldone.com/physic/parallax-calculator/
physic	parallel-capacitor-calculator	https://tooldone.com/physic/parallel-capacitor-calculator/
physic	parallel-resistor-calculator	https://tooldone.com/physic/parallel-resistor-calculator/
physic	particles-velocity-calculator	https://tooldone.com/physic/particles-velocity-calculator/
physic	photoelectric-effect-calculator	https://tooldone.com/physic/photoelectric-effect-calculator/
physic	photon-detection-efficiency-calculator-sipm	https://tooldone.com/physic/photon-detection-efficiency-calculator-sipm/
physic	photon-energy-calculator	https://tooldone.com/physic/photon-energy-calculator/
physic	physical-pendulum-calculator	https://tooldone.com/physic/physical-pendulum-calculator/
physic	pipe-flow-calculator	https://tooldone.com/physic/pipe-flow-calculator/
physic	piston-force-calculator	https://tooldone.com/physic/piston-force-calculator/
physic	piston-speed-calculator	https://tooldone.com/physic/piston-speed-calculator/
physic	pneumatic-cylinder-force-calculator	https://tooldone.com/physic/pneumatic-cylinder-force-calculator/
physic	poise-stokes-converter	https://tooldone.com/physic/poise-stokes-converter/
physic	poiseuilles-law-calculator	https://tooldone.com/physic/poiseuilles-law-calculator/
physic	poissons-ratio-calculator	https://tooldone.com/physic/poissons-ratio-calculator/
physic	polar-moment-of-inertia-calculator	https://tooldone.com/physic/polar-moment-of-inertia-calculator/
physic	porosity-and-permeability-calculator	https://tooldone.com/physic/porosity-and-permeability-calculator/
physic	potential-energy-calculator	https://tooldone.com/physic/potential-energy-calculator/
physic	pounds-per-minute-calculator	https://tooldone.com/physic/pounds-per-minute-calculator/
physic	power-dissipation-calculator	https://tooldone.com/physic/power-dissipation-calculator/
physic	power-factor-calculator	https://tooldone.com/physic/power-factor-calculator/
physic	power-to-weight-ratio-calculator	https://tooldone.com/physic/power-to-weight-ratio-calculator/
physic	prandtl-meyer-expansion-calculator	https://tooldone.com/physic/prandtl-meyer-expansion-calculator/
physic	prandtl-number-calculator	https://tooldone.com/physic/prandtl-number-calculator/
physic	pressure-calculator	https://tooldone.com/physic/pressure-calculator/
physic	principal-stress-calculator	https://tooldone.com/physic/principal-stress-calculator/
physic	projectile-motion-calculator	https://tooldone.com/physic/projectile-motion-calculator/
physic	projectile-motion-experiment-calculator	https://tooldone.com/physic/projectile-motion-experiment-calculator/
physic	projectile-range-calculator	https://tooldone.com/physic/projectile-range-calculator/
physic	prop-pitch-calculator	https://tooldone.com/physic/prop-pitch-calculator/
physic	prop-slip-calculator	https://tooldone.com/physic/prop-slip-calculator/
physic	psychrometric-calculator	https://tooldone.com/physic/psychrometric-calculator/
physic	pulley-calculator	https://tooldone.com/physic/pulley-calculator/
physic	pump-horsepower-calculator	https://tooldone.com/physic/pump-horsepower-calculator/
physic	quantum-number-calculator	https://tooldone.com/physic/quantum-number-calculator/
physic	quarter-mile-calculator	https://tooldone.com/physic/quarter-mile-calculator/
physic	radar-horizon-calculator	https://tooldone.com/physic/radar-horizon-calculator/
physic	radiation-pressure-calculator	https://tooldone.com/physic/radiation-pressure-calculator/
physic	rc-circuit-calculator	https://tooldone.com/physic/rc-circuit-calculator/
physic	reaction-time-calculator	https://tooldone.com/physic/reaction-time-calculator/
physic	recoil-energy-calculator	https://tooldone.com/physic/recoil-energy-calculator/
physic	redshift-calculator	https://tooldone.com/physic/redshift-calculator/
physic	reduced-mass-calculator	https://tooldone.com/physic/reduced-mass-calculator/
physic	refrigerant-capillary-tube-calculator	https://tooldone.com/physic/refrigerant-capillary-tube-calculator/
physic	relative-humidity-calculator	https://tooldone.com/physic/relative-humidity-calculator/
physic	relativistic-kinetic-energy-calculator	https://tooldone.com/physic/relativistic-kinetic-energy-calculator/
physic	resistor-color-code-calculator	https://tooldone.com/physic/resistor-color-code-calculator/
physic	resistor-noise-calculator	https://tooldone.com/physic/resistor-noise-calculator/
physic	resistor-wattage-calculator	https://tooldone.com/physic/resistor-wattage-calculator/
physic	resonant-frequency-calculator	https://tooldone.com/physic/resonant-frequency-calculator/
physic	resultant-velocity-calculator	https://tooldone.com/physic/resultant-velocity-calculator/
physic	reverberation-time-calculator	https://tooldone.com/physic/reverberation-time-calculator/
physic	reynolds-number-calculator	https://tooldone.com/physic/reynolds-number-calculator/
physic	rlc-circuit-calculator	https://tooldone.com/physic/rlc-circuit-calculator/
physic	rlc-impedance-calculator	https://tooldone.com/physic/rlc-impedance-calculator/
physic	rms-voltage-calculator	https://tooldone.com/physic/rms-voltage-calculator/
physic	rocket-equation-calculator	https://tooldone.com/physic/rocket-equation-calculator/
physic	rocket-thrust-calculator	https://tooldone.com/physic/rocket-thrust-calculator/
physic	rockwell-hardness-conversion-calculator	https://tooldone.com/physic/rockwell-hardness-conversion-calculator/
physic	rolling-resistance-calculator	https://tooldone.com/physic/rolling-resistance-calculator/
physic	root-mean-square-velocity-calculator	https://tooldone.com/physic/root-mean-square-velocity-calculator/
physic	rotational-kinetic-energy-calculator	https://tooldone.com/physic/rotational-kinetic-energy-calculator/
physic	rotational-stiffness-calculator	https://tooldone.com/physic/rotational-stiffness-calculator/
physic	rydberg-equation-calculator	https://tooldone.com/physic/rydberg-equation-calculator/
physic	scfm-calculator-standard-cubic-feet-per-minute	https://tooldone.com/physic/scfm-calculator-standard-cubic-feet-per-minute/
physic	schwarzschild-radius-calculator	https://tooldone.com/physic/schwarzschild-radius-calculator/
physic	section-modulus-calculator	https://tooldone.com/physic/section-modulus-calculator/
physic	sensible-heat-calculator	https://tooldone.com/physic/sensible-heat-calculator/
physic	series-resistor-calculator	https://tooldone.com/physic/series-resistor-calculator/
physic	shaft-size-calculator	https://tooldone.com/physic/shaft-size-calculator/
physic	shear-modulus-calculator	https://tooldone.com/physic/shear-modulus-calculator/
physic	shear-strain-calculator	https://tooldone.com/physic/shear-strain-calculator/
physic	shear-stress-calculator	https://tooldone.com/physic/shear-stress-calculator/
physic	shear-wave-velocity-calculator	https://tooldone.com/physic/shear-wave-velocity-calculator/
physic	shockley-diode-calculator	https://tooldone.com/physic/shockley-diode-calculator/
physic	signal-to-noise-ratio-calculator	https://tooldone.com/physic/signal-to-noise-ratio-calculator/
physic	simple-harmonic-motion-calculator	https://tooldone.com/physic/simple-harmonic-motion-calculator/
physic	simple-pendulum-calculator	https://tooldone.com/physic/simple-pendulum-calculator/
physic	skin-depth-calculator	https://tooldone.com/physic/skin-depth-calculator/
physic	sled-ride-calculator	https://tooldone.com/physic/sled-ride-calculator/
physic	slenderness-ratio-calculator	https://tooldone.com/physic/slenderness-ratio-calculator/
physic	smartphone-projector-calculator	https://tooldone.com/physic/smartphone-projector-calculator/
physic	snells-law-calculator	https://tooldone.com/physic/snells-law-calculator/
physic	solenoid-inductance-calculator	https://tooldone.com/physic/solenoid-inductance-calculator/
physic	solenoid-magnetic-field-calculator	https://tooldone.com/physic/solenoid-magnetic-field-calculator/
physic	sound-absorption-coefficient-calculator	https://tooldone.com/physic/sound-absorption-coefficient-calculator/
physic	sound-wavelength-calculator	https://tooldone.com/physic/sound-wavelength-calculator/
physic	space-travel-calculator	https://tooldone.com/physic/space-travel-calculator/
physic	specific-gas-constant-calculator	https://tooldone.com/physic/specific-gas-constant-calculator/
physic	specific-gravity-calculator	https://tooldone.com/physic/specific-gravity-calculator/
physic	specific-heat-calculator	https://tooldone.com/physic/specific-heat-calculator/
physic	specific-impulse-calculator	https://tooldone.com/physic/specific-impulse-calculator/
physic	speed-of-light-calculator	https://tooldone.com/physic/speed-of-light-calculator/
physic	speed-of-sound-calculator	https://tooldone.com/physic/speed-of-sound-calculator/
physic	speed-of-sound-in-solids-calculator	https://tooldone.com/physic/speed-of-sound-in-solids-calculator/
physic	speeds-and-feeds-calculator	https://tooldone.com/physic/speeds-and-feeds-calculator/
physic	spherical-capacitor-calculator	https://tooldone.com/physic/spherical-capacitor-calculator/
physic	spring-calculator	https://tooldone.com/physic/spring-calculator/
physic	spring-rate-calculator	https://tooldone.com/physic/spring-rate-calculator/
physic	stefan-boltzmann-law-calculator	https://tooldone.com/physic/stefan-boltzmann-law-calculator/
physic	stiffness-matrix-calculator	https://tooldone.com/physic/stiffness-matrix-calculator/
physic	stokes-law-calculator	https://tooldone.com/physic/stokes-law-calculator/
physic	stopping-distance-calculator	https://tooldone.com/physic/stopping-distance-calculator/
physic	stress-calculator	https://tooldone.com/physic/stress-calculator/
physic	stress-concentration-factor-calculator	https://tooldone.com/physic/stress-concentration-factor-calculator/
physic	sun-angle-calculator	https://tooldone.com/physic/sun-angle-calculator/
physic	sunrise-sunset-calculator	https://tooldone.com/physic/sunrise-sunset-calculator/
physic	surface-tension-calculator	https://tooldone.com/physic/surface-tension-calculator/
physic	suvat-calculator	https://tooldone.com/physic/suvat-calculator/
physic	synodic-period-calculator	https://tooldone.com/physic/synodic-period-calculator/
physic	telescope-field-of-view-calculator	https://tooldone.com/physic/telescope-field-of-view-calculator/
physic	telescope-magnification-calculator	https://tooldone.com/physic/telescope-magnification-calculator/
physic	temperature-at-altitude-calculator	https://tooldone.com/physic/temperature-at-altitude-calculator/
physic	tension-calculator	https://tooldone.com/physic/tension-calculator/
physic	terminal-velocity-calculator	https://tooldone.com/physic/terminal-velocity-calculator/
physic	thermal-conductivity-calculator	https://tooldone.com/physic/thermal-conductivity-calculator/
physic	thermal-diffusivity-calculator	https://tooldone.com/physic/thermal-diffusivity-calculator/
physic	thermal-efficiency-calculator	https://tooldone.com/physic/thermal-efficiency-calculator/
physic	thermal-energy-calculator	https://tooldone.com/physic/thermal-energy-calculator/
physic	thermal-equilibrium-calculator	https://tooldone.com/physic/thermal-equilibrium-calculator/
physic	thermal-expansion-calculator	https://tooldone.com/physic/thermal-expansion-calculator/
physic	thermal-resistance-calculator	https://tooldone.com/physic/thermal-resistance-calculator/
physic	thermal-stress-calculator	https://tooldone.com/physic/thermal-stress-calculator/
physic	thin-film-optical-coating-calculator	https://tooldone.com/physic/thin-film-optical-coating-calculator/
physic	thin-lens-equation-calculator	https://tooldone.com/physic/thin-lens-equation-calculator/
physic	three-phase-calculator	https://tooldone.com/physic/three-phase-calculator/
physic	thrust-to-weight-ratio-calculator	https://tooldone.com/physic/thrust-to-weight-ratio-calculator/
physic	time-dilation-calculator	https://tooldone.com/physic/time-dilation-calculator/
physic	time-of-flight-calculator-projectile-motion	https://tooldone.com/physic/time-of-flight-calculator-projectile-motion/
physic	tnt-equivalent-calculator	https://tooldone.com/physic/tnt-equivalent-calculator/
physic	torque-calculator	https://tooldone.com/physic/torque-calculator/
physic	torsion-spring-calculator	https://tooldone.com/physic/torsion-spring-calculator/
physic	torsional-constant-calculator	https://tooldone.com/physic/torsional-constant-calculator/
physic	torsional-stiffness-calculator	https://tooldone.com/physic/torsional-stiffness-calculator/
physic	trajectory-calculator	https://tooldone.com/physic/trajectory-calculator/
physic	transformer-sizing-calculator	https://tooldone.com/physic/transformer-sizing-calculator/
physic	transistor-biasing-calculator	https://tooldone.com/physic/transistor-biasing-calculator/
physic	transmission-calculator	https://tooldone.com/physic/transmission-calculator/
physic	true-airspeed-calculator	https://tooldone.com/physic/true-airspeed-calculator/
physic	true-strain-calculator	https://tooldone.com/physic/true-strain-calculator/
physic	twist-rate-calculator	https://tooldone.com/physic/twist-rate-calculator/
physic	ufo-travel-calculator	https://tooldone.com/physic/ufo-travel-calculator/
physic	universe-expansion-calculator	https://tooldone.com/physic/universe-expansion-calculator/
physic	van-der-waals-equation-calculator	https://tooldone.com/physic/van-der-waals-equation-calculator/
physic	velocity-addition-calculator	https://tooldone.com/physic/velocity-addition-calculator/
physic	velocity-calculator	https://tooldone.com/physic/velocity-calculator/
physic	vickers-hardness-number-calculator	https://tooldone.com/physic/vickers-hardness-number-calculator/
physic	virtual-temperature-calculator	https://tooldone.com/physic/virtual-temperature-calculator/
physic	volt-to-electron-volt-calculator	https://tooldone.com/physic/volt-to-electron-volt-calculator/
physic	voltage-divider-calculator	https://tooldone.com/physic/voltage-divider-calculator/
physic	voltage-drop-calculator	https://tooldone.com/physic/voltage-drop-calculator/
physic	voltage-regulation-calculator	https://tooldone.com/physic/voltage-regulation-calculator/
physic	volume-to-mass-calculator	https://tooldone.com/physic/volume-to-mass-calculator/
physic	von-mises-stress-calculator	https://tooldone.com/physic/von-mises-stress-calculator/
physic	vswr-calculator-voltage-standing-wave-ratio-calculator	https://tooldone.com/physic/vswr-calculator-voltage-standing-wave-ratio-calculator/
physic	warp-speed-calculator	https://tooldone.com/physic/warp-speed-calculator/
physic	water-density-calculator	https://tooldone.com/physic/water-density-calculator/
physic	water-heating-calculator	https://tooldone.com/physic/water-heating-calculator/
physic	water-viscosity-calculator	https://tooldone.com/physic/water-viscosity-calculator/
physic	watt-calculator	https://tooldone.com/physic/watt-calculator/
physic	watt-converter	https://tooldone.com/physic/watt-converter/
physic	watt-hour-calculator	https://tooldone.com/physic/watt-hour-calculator/
physic	watts-to-amps-calculator	https://tooldone.com/physic/watts-to-amps-calculator/
physic	watts-to-heat-calculator	https://tooldone.com/physic/watts-to-heat-calculator/
physic	watts-to-lux-calculator	https://tooldone.com/physic/watts-to-lux-calculator/
physic	wavelength-calculator	https://tooldone.com/physic/wavelength-calculator/
physic	weight-on-other-planets-calculator	https://tooldone.com/physic/weight-on-other-planets-calculator/
physic	wet-bulb-calculator	https://tooldone.com/physic/wet-bulb-calculator/
physic	wheatstone-bridge-calculator	https://tooldone.com/physic/wheatstone-bridge-calculator/
physic	wiens-law-calculator	https://tooldone.com/physic/wiens-law-calculator/
physic	wind-correction-angle-calculator	https://tooldone.com/physic/wind-correction-angle-calculator/
physic	wind-load-calculator	https://tooldone.com/physic/wind-load-calculator/
physic	wing-loading-calculator	https://tooldone.com/physic/wing-loading-calculator/
physic	wire-gauge-calculator	https://tooldone.com/physic/wire-gauge-calculator/
physic	wire-resistance-calculator	https://tooldone.com/physic/wire-resistance-calculator/
physic	wire-size-calculator	https://tooldone.com/physic/wire-size-calculator/
physic	work-and-power-calculator	https://tooldone.com/physic/work-and-power-calculator/
physic	work-calculator	https://tooldone.com/physic/work-calculator/
physic	y-plus-calculator	https://tooldone.com/physic/y-plus-calculator/
physic	youngs-modulus-calculator	https://tooldone.com/physic/youngs-modulus-calculator/
statistic	5-number-summary-calculator	https://tooldone.com/statistic/5-number-summary-calculator/
statistic	ab-test-calculator	https://tooldone.com/statistic/ab-test-calculator/
statistic	absolute-uncertainty-calculator	https://tooldone.com/statistic/absolute-uncertainty-calculator/
statistic	accuracy-calculator	https://tooldone.com/statistic/accuracy-calculator/
statistic	anova-calculator	https://tooldone.com/statistic/anova-calculator/
statistic	anova-two-way-calculator	https://tooldone.com/statistic/anova-two-way-calculator/
statistic	average-rating-calculator	https://tooldone.com/statistic/average-rating-calculator/
statistic	bayes-theorem-calculator	https://tooldone.com/statistic/bayes-theorem-calculator/
statistic	benfords-law-calculator	https://tooldone.com/statistic/benfords-law-calculator/
statistic	bertrands-box-paradox	https://tooldone.com/statistic/bertrands-box-paradox/
statistic	bertrands-paradox	https://tooldone.com/statistic/bertrands-paradox/
statistic	beta-distribution-calculator	https://tooldone.com/statistic/beta-distribution-calculator/
statistic	binomial-distribution-calculator	https://tooldone.com/statistic/binomial-distribution-calculator/
statistic	birthday-paradox-calculator	https://tooldone.com/statistic/birthday-paradox-calculator/
statistic	bonferroni-correction-calculator	https://tooldone.com/statistic/bonferroni-correction-calculator/
statistic	box-plot-calculator	https://tooldone.com/statistic/box-plot-calculator/
statistic	boy-or-girl-paradox	https://tooldone.com/statistic/boy-or-girl-paradox/
statistic	central-limit-theorem-calculator	https://tooldone.com/statistic/central-limit-theorem-calculator/
statistic	chebyshevs-theorem-calculator	https://tooldone.com/statistic/chebyshevs-theorem-calculator/
statistic	chi-square-calculator	https://tooldone.com/statistic/chi-square-calculator/
statistic	chi-square-goodness-of-fit-calculator	https://tooldone.com/statistic/chi-square-goodness-of-fit-calculator/
statistic	class-width-calculator	https://tooldone.com/statistic/class-width-calculator/
statistic	coefficient-of-determination-calculator-r-squared	https://tooldone.com/statistic/coefficient-of-determination-calculator-r-squared/
statistic	coefficient-of-variation-calculator	https://tooldone.com/statistic/coefficient-of-variation-calculator/
statistic	cohens-d-calculator	https://tooldone.com/statistic/cohens-d-calculator/
statistic	coin-flip-probability-calculator	https://tooldone.com/statistic/coin-flip-probability-calculator/
statistic	coin-flipper	https://tooldone.com/statistic/coin-flipper/
statistic	coin-toss-streak-calculator	https://tooldone.com/statistic/coin-toss-streak-calculator/
statistic	combination-calculator	https://tooldone.com/statistic/combination-calculator/
statistic	conditional-probability-calculator	https://tooldone.com/statistic/conditional-probability-calculator/
statistic	confidence-interval-calculator	https://tooldone.com/statistic/confidence-interval-calculator/
statistic	confusion-matrix-calculator	https://tooldone.com/statistic/confusion-matrix-calculator/
statistic	constant-of-proportionality-calculator	https://tooldone.com/statistic/constant-of-proportionality-calculator/
statistic	continuity-correction-calculator	https://tooldone.com/statistic/continuity-correction-calculator/
statistic	correlation-coefficient-calculator	https://tooldone.com/statistic/correlation-coefficient-calculator/
statistic	correlation-coefficient-calculator-matthews	https://tooldone.com/statistic/correlation-coefficient-calculator-matthews/
statistic	covariance-calculator	https://tooldone.com/statistic/covariance-calculator/
statistic	critical-value-calculator	https://tooldone.com/statistic/critical-value-calculator/
statistic	cubic-regression-calculator	https://tooldone.com/statistic/cubic-regression-calculator/
statistic	decile-calculator	https://tooldone.com/statistic/decile-calculator/
statistic	degrees-of-freedom-calculator	https://tooldone.com/statistic/degrees-of-freedom-calculator/
statistic	descriptive-statistics-calculator	https://tooldone.com/statistic/descriptive-statistics-calculator/
statistic	dice-average-calculator	https://tooldone.com/statistic/dice-average-calculator/
statistic	dice-probability-calculator	https://tooldone.com/statistic/dice-probability-calculator/
statistic	dice-roller-calculator	https://tooldone.com/statistic/dice-roller-calculator/
statistic	dispersion-calculator	https://tooldone.com/statistic/dispersion-calculator/
statistic	dot-plot-calculator	https://tooldone.com/statistic/dot-plot-calculator/
statistic	empirical-rule-calculator	https://tooldone.com/statistic/empirical-rule-calculator/
statistic	error-propagation-calculator	https://tooldone.com/statistic/error-propagation-calculator/
statistic	expected-value-calculator	https://tooldone.com/statistic/expected-value-calculator/
statistic	exponential-distribution-calculator	https://tooldone.com/statistic/exponential-distribution-calculator/
statistic	exponential-growth-prediction-calculator	https://tooldone.com/statistic/exponential-growth-prediction-calculator/
statistic	exponential-regression-calculator	https://tooldone.com/statistic/exponential-regression-calculator/
statistic	f-statistic-calculator	https://tooldone.com/statistic/f-statistic-calculator/
statistic	f-test-for-equality-of-two-variances-calculator	https://tooldone.com/statistic/f-test-for-equality-of-two-variances-calculator/
statistic	false-positive-paradox-calculator	https://tooldone.com/statistic/false-positive-paradox-calculator/
statistic	fishers-exact-test-calculator	https://tooldone.com/statistic/fishers-exact-test-calculator/
statistic	frequency-distribution-calculator	https://tooldone.com/statistic/frequency-distribution-calculator/
statistic	frequency-polygon-calculator	https://tooldone.com/statistic/frequency-polygon-calculator/
statistic	geometric-distribution-calculator	https://tooldone.com/statistic/geometric-distribution-calculator/
statistic	grouped-data-standard-deviation-calculator	https://tooldone.com/statistic/grouped-data-standard-deviation-calculator/
statistic	histogram-calculator	https://tooldone.com/statistic/histogram-calculator/
statistic	hypergeometric-distribution-calculator	https://tooldone.com/statistic/hypergeometric-distribution-calculator/
statistic	hypothesis-testing-calculator	https://tooldone.com/statistic/hypothesis-testing-calculator/
statistic	implied-probability-calculator	https://tooldone.com/statistic/implied-probability-calculator/
statistic	index-of-qualitative-variation-calculator	https://tooldone.com/statistic/index-of-qualitative-variation-calculator/
statistic	inverse-normal-distribution-calculator	https://tooldone.com/statistic/inverse-normal-distribution-calculator/
statistic	iqr-calculator-interquartile-range	https://tooldone.com/statistic/iqr-calculator-interquartile-range/
statistic	kruskal-wallis-h-test-calculator	https://tooldone.com/statistic/kruskal-wallis-h-test-calculator/
statistic	least-to-greatest-calculator	https://tooldone.com/statistic/least-to-greatest-calculator/
statistic	linear-regression-calculator	https://tooldone.com/statistic/linear-regression-calculator/
statistic	log-rank-test-calculator	https://tooldone.com/statistic/log-rank-test-calculator/
statistic	lognormal-distribution-calculator	https://tooldone.com/statistic/lognormal-distribution-calculator/
statistic	lottery-calculator	https://tooldone.com/statistic/lottery-calculator/
statistic	mann-whitney-u-test-calculator	https://tooldone.com/statistic/mann-whitney-u-test-calculator/
statistic	margin-of-error-calculator	https://tooldone.com/statistic/margin-of-error-calculator/
statistic	mcnemars-chi-squared-test-calculator	https://tooldone.com/statistic/mcnemars-chi-squared-test-calculator/
statistic	mcnemars-test-calculator	https://tooldone.com/statistic/mcnemars-test-calculator/
statistic	mean-absolute-deviation-calculator	https://tooldone.com/statistic/mean-absolute-deviation-calculator/
statistic	mean-median-mode-calculator	https://tooldone.com/statistic/mean-median-mode-calculator/
statistic	median-absolute-deviation-calculator	https://tooldone.com/statistic/median-absolute-deviation-calculator/
statistic	median-calculator	https://tooldone.com/statistic/median-calculator/
statistic	midrange-calculator	https://tooldone.com/statistic/midrange-calculator/
statistic	minimum-and-maximum-calculator	https://tooldone.com/statistic/minimum-and-maximum-calculator/
statistic	mode-calculator	https://tooldone.com/statistic/mode-calculator/
statistic	monty-hall-problem-calculator	https://tooldone.com/statistic/monty-hall-problem-calculator/
statistic	mse-calculator	https://tooldone.com/statistic/mse-calculator/
statistic	multiple-linear-regression-calculator	https://tooldone.com/statistic/multiple-linear-regression-calculator/
statistic	negative-binomial-distribution-calculator	https://tooldone.com/statistic/negative-binomial-distribution-calculator/
statistic	normal-approximation-calculator	https://tooldone.com/statistic/normal-approximation-calculator/
statistic	normal-distribution-calculator	https://tooldone.com/statistic/normal-distribution-calculator/
statistic	normal-probability-calculator-for-sampling-distributions	https://tooldone.com/statistic/normal-probability-calculator-for-sampling-distributions/
statistic	odds-calculator	https://tooldone.com/statistic/odds-calculator/
statistic	odds-ratio-calculator	https://tooldone.com/statistic/odds-ratio-calculator/
statistic	outlier-calculator	https://tooldone.com/statistic/outlier-calculator/
statistic	p-hat-calculator	https://tooldone.com/statistic/p-hat-calculator/
statistic	p-value-calculator	https://tooldone.com/statistic/p-value-calculator/
statistic	paired-samples-t-test-calculator	https://tooldone.com/statistic/paired-samples-t-test-calculator/
statistic	parrondos-paradox-calculator	https://tooldone.com/statistic/parrondos-paradox-calculator/
statistic	partial-correlation-calculator	https://tooldone.com/statistic/partial-correlation-calculator/
statistic	password-combination-calculator	https://tooldone.com/statistic/password-combination-calculator/
statistic	pearson-correlation-calculator	https://tooldone.com/statistic/pearson-correlation-calculator/
statistic	percentile-calculator	https://tooldone.com/statistic/percentile-calculator/
statistic	percentile-rank-calculator	https://tooldone.com/statistic/percentile-rank-calculator/
statistic	permutation-calculator	https://tooldone.com/statistic/permutation-calculator/
statistic	pie-chart-calculator	https://tooldone.com/statistic/pie-chart-calculator/
statistic	point-biserial-correlation-calculator	https://tooldone.com/statistic/point-biserial-correlation-calculator/
statistic	point-estimate-calculator	https://tooldone.com/statistic/point-estimate-calculator/
statistic	poisson-distribution-calculator	https://tooldone.com/statistic/poisson-distribution-calculator/
statistic	polynomial-regression-calculator	https://tooldone.com/statistic/polynomial-regression-calculator/
statistic	pooled-standard-deviation-calculator	https://tooldone.com/statistic/pooled-standard-deviation-calculator/
statistic	population-variance-calculator	https://tooldone.com/statistic/population-variance-calculator/
statistic	post-test-probability-calculator	https://tooldone.com/statistic/post-test-probability-calculator/
statistic	power-analysis-calculator	https://tooldone.com/statistic/power-analysis-calculator/
statistic	probability-calculator	https://tooldone.com/statistic/probability-calculator/
statistic	probability-of-3-events-calculator	https://tooldone.com/statistic/probability-of-3-events-calculator/
statistic	process-capability-index-calculator	https://tooldone.com/statistic/process-capability-index-calculator/
statistic	propensity-score-matching-calculator	https://tooldone.com/statistic/propensity-score-matching-calculator/
statistic	quadratic-regression-calculator	https://tooldone.com/statistic/quadratic-regression-calculator/
statistic	quartile-calculator	https://tooldone.com/statistic/quartile-calculator/
statistic	random-number-generator	https://tooldone.com/statistic/random-number-generator/
statistic	range-calculator	https://tooldone.com/statistic/range-calculator/
statistic	raw-score-calculator	https://tooldone.com/statistic/raw-score-calculator/
statistic	rayleigh-distribution-calculator	https://tooldone.com/statistic/rayleigh-distribution-calculator/
statistic	relative-error-calculator	https://tooldone.com/statistic/relative-error-calculator/
statistic	relative-frequency-calculator	https://tooldone.com/statistic/relative-frequency-calculator/
statistic	relative-risk-calculator	https://tooldone.com/statistic/relative-risk-calculator/
statistic	relative-risk-reduction-calculator	https://tooldone.com/statistic/relative-risk-reduction-calculator/
statistic	relative-standard-deviation-calculator	https://tooldone.com/statistic/relative-standard-deviation-calculator/
statistic	repeated-measures-anova-calculator	https://tooldone.com/statistic/repeated-measures-anova-calculator/
statistic	residual-calculator	https://tooldone.com/statistic/residual-calculator/
statistic	risk-calculator	https://tooldone.com/statistic/risk-calculator/
statistic	roc-curve-calculator	https://tooldone.com/statistic/roc-curve-calculator/
statistic	roulette-payout-calculator	https://tooldone.com/statistic/roulette-payout-calculator/
statistic	rse-calculator-relative-standard-error	https://tooldone.com/statistic/rse-calculator-relative-standard-error/
statistic	sample-size-calculator	https://tooldone.com/statistic/sample-size-calculator/
statistic	sampling-distribution-of-the-sample-proportion-calculator	https://tooldone.com/statistic/sampling-distribution-of-the-sample-proportion-calculator/
statistic	sampling-error-calculator	https://tooldone.com/statistic/sampling-error-calculator/
statistic	sensitivity-and-specificity-calculator	https://tooldone.com/statistic/sensitivity-and-specificity-calculator/
statistic	shannon-entropy-calculator	https://tooldone.com/statistic/shannon-entropy-calculator/
statistic	sign-test-calculator	https://tooldone.com/statistic/sign-test-calculator/
statistic	simpsons-diversity-index-calculator	https://tooldone.com/statistic/simpsons-diversity-index-calculator/
statistic	skewness-calculator	https://tooldone.com/statistic/skewness-calculator/
statistic	smp-x-distribution-calculator	https://tooldone.com/statistic/smp-x-distribution-calculator/
statistic	spearmans-correlation-calculator	https://tooldone.com/statistic/spearmans-correlation-calculator/
statistic	standard-deviation-calculator	https://tooldone.com/statistic/standard-deviation-calculator/
statistic	standard-deviation-index-calculator	https://tooldone.com/statistic/standard-deviation-index-calculator/
statistic	standard-deviation-of-sample-mean-calculator	https://tooldone.com/statistic/standard-deviation-of-sample-mean-calculator/
statistic	standard-error-calculator	https://tooldone.com/statistic/standard-error-calculator/
statistic	stem-and-leaf-plot-calculator	https://tooldone.com/statistic/stem-and-leaf-plot-calculator/
statistic	sum-of-squares-calculator	https://tooldone.com/statistic/sum-of-squares-calculator/
statistic	survival-analysis-calculator	https://tooldone.com/statistic/survival-analysis-calculator/
statistic	t-statistic-calculator	https://tooldone.com/statistic/t-statistic-calculator/
statistic	t-test-calculator	https://tooldone.com/statistic/t-test-calculator/
statistic	tukey-hsd-calculator	https://tooldone.com/statistic/tukey-hsd-calculator/
statistic	two-envelopes-paradox-calculator	https://tooldone.com/statistic/two-envelopes-paradox-calculator/
statistic	uniform-distribution-calculator	https://tooldone.com/statistic/uniform-distribution-calculator/
statistic	upper-and-lower-fence-calculator	https://tooldone.com/statistic/upper-and-lower-fence-calculator/
statistic	upper-control-limit-calculator	https://tooldone.com/statistic/upper-control-limit-calculator/
statistic	variance-calculator	https://tooldone.com/statistic/variance-calculator/
statistic	venn-diagram-calculator	https://tooldone.com/statistic/venn-diagram-calculator/
statistic	wald-test-calculator	https://tooldone.com/statistic/wald-test-calculator/
statistic	weibull-distribution-calculator	https://tooldone.com/statistic/weibull-distribution-calculator/
statistic	weighted-mean-calculator	https://tooldone.com/statistic/weighted-mean-calculator/
statistic	wilcoxon-rank-sum-test-calculator	https://tooldone.com/statistic/wilcoxon-rank-sum-test-calculator/
statistic	wilcoxon-signed-rank-test-calculator	https://tooldone.com/statistic/wilcoxon-signed-rank-test-calculator/
statistic	yates-correction-for-continuity-calculator	https://tooldone.com/statistic/yates-correction-for-continuity-calculator/
statistic	z-score-calculator	https://tooldone.com/statistic/z-score-calculator/
statistic	z-test-calculator	https://tooldone.com/statistic/z-test-calculator/
