category	slug_en	url_en	url_zh
biology	acres-per-hour-calculator	https://tooldone.com/biology/acres-per-hour-calculator/	https://tooldone.com/zh/shengwuxue/mu-mei-xiaoshi-jisuanqi/
biology	allele-frequency-calculator	https://tooldone.com/biology/allele-frequency-calculator/	https://tooldone.com/zh/shengwuxue/dengweijiyin-pinlv-jisuanqi/
biology	animal-mortality-rate-calculator	https://tooldone.com/biology/animal-mortality-rate-calculator/	https://tooldone.com/zh/shengwuxue/dongwu-siwanglv-jisuanqi/
biology	annealing-temperature-calculator	https://tooldone.com/biology/annealing-temperature-calculator/	https://tooldone.com/zh/shengwuxue/annealing-wendu-jisuanqi/
biology	basal-area-calculator	https://tooldone.com/biology/basal-area-calculator/	https://tooldone.com/zh/shengwuxue/shumu-duanmianji-jisuanqi/
biology	benadryl-dosage-calculator-for-dogs	https://tooldone.com/biology/benadryl-dosage-calculator-for-dogs/	https://tooldone.com/zh/shengwuxue/gou-benadryl-dosage-jisuanqi/
biology	bird-age-calculator	https://tooldone.com/biology/bird-age-calculator/	https://tooldone.com/zh/shengwuxue/niao-lei-nian-ling-jisuanqi/
biology	bulb-spacing-calculator	https://tooldone.com/biology/bulb-spacing-calculator/	https://tooldone.com/zh/shengwuxue/huaqian-juli-jisuanqi/
biology	cat-age-calculator	https://tooldone.com/biology/cat-age-calculator/	https://tooldone.com/zh/shengwuxue/mao-nianling-jisuanqi/
biology	cat-benadryl-dosage-calculator	https://tooldone.com/biology/cat-benadryl-dosage-calculator/	https://tooldone.com/zh/shengwuxue/mao-benadryl-jiliang-jisuanqi/
biology	cat-bmi-calculator	https://tooldone.com/biology/cat-bmi-calculator/	https://tooldone.com/zh/shengwuxue/mao-bmi-jisuanqi/
biology	cat-calorie-calculator	https://tooldone.com/biology/cat-calorie-calculator/	https://tooldone.com/zh/shengwuxue/mao-kaluli-jisuanqi/
biology	cat-chocolate-toxicity-calculator	https://tooldone.com/biology/cat-chocolate-toxicity-calculator/	https://tooldone.com/zh/shengwuxue/mao-chocolate-duxing-jisuanqi/
biology	cat-pregnancy-calculator	https://tooldone.com/biology/cat-pregnancy-calculator/	https://tooldone.com/zh/shengwuxue/mao-huaiyun-jisuanqi/
biology	cat-quality-of-life-calculator	https://tooldone.com/biology/cat-quality-of-life-calculator/	https://tooldone.com/zh/shengwuxue/mao-shengming-zhiliang-jisuanqi/
biology	catculator	https://tooldone.com/biology/catculator/	https://tooldone.com/zh/shengwuxue/mao-nianling-jiankang-jisuanqi/
biology	cattle-per-acre-calculator	https://tooldone.com/biology/cattle-per-acre-calculator/	https://tooldone.com/zh/shengwuxue/niunai-mei-mu-jisuanqi/
biology	cell-dilution-calculator	https://tooldone.com/biology/cell-dilution-calculator/	https://tooldone.com/zh/shengwuxue/xibao-xieru-jisuanqi/
biology	cell-doubling-time-calculator	https://tooldone.com/biology/cell-doubling-time-calculator/	https://tooldone.com/zh/shengwuxue/xibao-beizeng-shijian-jisuanqi/
biology	cephalexin-for-cats-dosage-calculator	https://tooldone.com/biology/cephalexin-for-cats-dosage-calculator/	https://tooldone.com/zh/shengwuxue/mao-toupaoxilin-jiliang-jisuanqi/
biology	cephalexin-for-dogs-dosage-calculator	https://tooldone.com/biology/cephalexin-for-dogs-dosage-calculator/	https://tooldone.com/zh/shengwuxue/gou-cephalexin-dosage-jisuanqi/
biology	co2-grow-room-calculator	https://tooldone.com/biology/co2-grow-room-calculator/	https://tooldone.com/zh/shengwuxue/co2-shengzhangfang-jisuanqi/
biology	corn-yield-calculator	https://tooldone.com/biology/corn-yield-calculator/	https://tooldone.com/zh/shengwuxue/yumi-shouhuo-jisuanqi/
biology	cost-of-owning-a-dog-calculator	https://tooldone.com/biology/cost-of-owning-a-dog-calculator/	https://tooldone.com/zh/shengwuxue/yang-gou-cheng-ben-jisuanqi/
biology	cow-gestation-calculator	https://tooldone.com/biology/cow-gestation-calculator/	https://tooldone.com/zh/shengwuxue/niu-huaiyun-jisuanqi/
biology	crickets-chirping-thermometer	https://tooldone.com/biology/crickets-chirping-thermometer/	https://tooldone.com/zh/shengwuxue/xishuai-mingjiao-thermometer/
biology	daily-light-integral-calculator	https://tooldone.com/biology/daily-light-integral-calculator/	https://tooldone.com/zh/shengwuxue/meiri-guangzhao-jihe-jisuanqi/
biology	dihybrid-cross-calculator-punnett-square	https://tooldone.com/biology/dihybrid-cross-calculator-punnett-square/	https://tooldone.com/zh/shengwuxue/shuangyinzi-jiaochayi-punnett-fangkuai-jisuanqi/
biology	dna-concentration-calculator	https://tooldone.com/biology/dna-concentration-calculator/	https://tooldone.com/zh/shengwuxue/shengwu-dna-nongdu-jisuanqi/
biology	dna-copy-number-calculator	https://tooldone.com/biology/dna-copy-number-calculator/	https://tooldone.com/zh/shengwuxue/shengwu-dna-fuzhi-shuliang-jisuanqi/
biology	dog-age-calculator	https://tooldone.com/biology/dog-age-calculator/	https://tooldone.com/zh/shengwuxue/gou-nianling-jisuanqi/
biology	dog-bmi-calculator	https://tooldone.com/biology/dog-bmi-calculator/	https://tooldone.com/zh/shengwuxue/gou-bmi-jisuanqi/
biology	dog-chocolate-toxicity-calculator	https://tooldone.com/biology/dog-chocolate-toxicity-calculator/	https://tooldone.com/zh/shengwuxue/gou-qiaokeli-duxing-jisuanqi/
biology	dog-crate-size-calculator	https://tooldone.com/biology/dog-crate-size-calculator/	https://tooldone.com/zh/shengwuxue/gou-long-da-xiao-ji-suan-qi/
biology	dog-food-calculator	https://tooldone.com/biology/dog-food-calculator/	https://tooldone.com/zh/shengwuxue/gou-liang-jisuanqi/
biology	dog-harness-size-calculator	https://tooldone.com/biology/dog-harness-size-calculator/	https://tooldone.com/zh/shengwuxue/gou-dai-chi-cun-jisuanqi/
biology	dog-heat-cycle-calculator	https://tooldone.com/biology/dog-heat-cycle-calculator/	https://tooldone.com/zh/shengwuxue/gou-fa-qing-zhou-qi-ji-suan-qi/
biology	dog-life-expectancy-calculator	https://tooldone.com/biology/dog-life-expectancy-calculator/	https://tooldone.com/zh/shengwuxue/gou-shouming-jisuanqi/
biology	dog-nutrition-calculator	https://tooldone.com/biology/dog-nutrition-calculator/	https://tooldone.com/zh/shengwuxue/gou-yingyang-jisuanqi/
biology	dog-onion-toxicity-calculator	https://tooldone.com/biology/dog-onion-toxicity-calculator/	https://tooldone.com/zh/shengwuxue/gou-yangcong-duxing-jisuanqi/
biology	dog-pregnancy-calculator	https://tooldone.com/biology/dog-pregnancy-calculator/	https://tooldone.com/zh/shengwuxue/gou-huaiyun-jisuanqi/
biology	dog-quality-of-life-calculator	https://tooldone.com/biology/dog-quality-of-life-calculator/	https://tooldone.com/zh/shengwuxue/gou-shenghuo-zhiliang-jisuanqi/
biology	dog-raisin-toxicity-calculator	https://tooldone.com/biology/dog-raisin-toxicity-calculator/	https://tooldone.com/zh/shengwuxue/gou-putao-gan-duxing-jisuanqi/
biology	dog-size-calculator	https://tooldone.com/biology/dog-size-calculator/	https://tooldone.com/zh/shengwuxue/gou-de-chicun-jisuanqi/
biology	dog-water-intake-calculator	https://tooldone.com/biology/dog-water-intake-calculator/	https://tooldone.com/zh/shengwuxue/gou-yin-shui-liang-ji-suan-qi/
biology	dry-matter-calculator	https://tooldone.com/biology/dry-matter-calculator/	https://tooldone.com/zh/shengwuxue/ganwu-jisuanqi/
biology	feed-conversion-ratio-calculator	https://tooldone.com/biology/feed-conversion-ratio-calculator/	https://tooldone.com/zh/shengwuxue/siliao-zhuanhuan-lv-jisuanqi/
biology	fertilizer-calculator	https://tooldone.com/biology/fertilizer-calculator/	https://tooldone.com/zh/shengwuxue/feiliao-jisuanqi/
biology	fish-oil-dosage-calculator-for-cats	https://tooldone.com/biology/fish-oil-dosage-calculator-for-cats/	https://tooldone.com/zh/shengwuxue/mao-yong-yuyou-liang-jisuanqi/
biology	gdu-calculator-growing-degree-units	https://tooldone.com/biology/gdu-calculator-growing-degree-units/	https://tooldone.com/zh/shengwuxue/zengzhang-wendu-danwei-jisuanqi/
biology	generation-time-calculator	https://tooldone.com/biology/generation-time-calculator/	https://tooldone.com/zh/shengwuxue/shengcheng-shijian-jisuanqi/
biology	goat-gestation-calculator	https://tooldone.com/biology/goat-gestation-calculator/	https://tooldone.com/zh/shengwuxue/shanyang-huaiyun-jisuanqi/
biology	grain-bin-calculator	https://tooldone.com/biology/grain-bin-calculator/	https://tooldone.com/zh/shengwuxue/liangcang-jisuanqi/
biology	grain-conversion-calculator	https://tooldone.com/biology/grain-conversion-calculator/	https://tooldone.com/zh/shengwuxue/liangshi-zhuanhuan-jisuanqi/
biology	grass-seed-calculator	https://tooldone.com/biology/grass-seed-calculator/	https://tooldone.com/zh/shengwuxue/cao-zhong-ji-suan-qi/
biology	guinea-pig-pregnancy-calculator	https://tooldone.com/biology/guinea-pig-pregnancy-calculator/	https://tooldone.com/zh/shengwuxue/tianzhu-huaiyun-jisuanqi/
biology	hamster-age-calculator	https://tooldone.com/biology/hamster-age-calculator/	https://tooldone.com/zh/shengwuxue/hamster-nianling-jisuanqi/
biology	horse-weight-calculator	https://tooldone.com/biology/horse-weight-calculator/	https://tooldone.com/zh/shengwuxue/ma-ti-zhong-liang-ji-suan-qi/
biology	how-big-will-my-cat-get-calculator	https://tooldone.com/biology/how-big-will-my-cat-get-calculator/	https://tooldone.com/zh/shengwuxue/mao-de-daxiao-jisuanqi/
biology	lawn-mowing-cost-calculator	https://tooldone.com/biology/lawn-mowing-cost-calculator/	https://tooldone.com/zh/shengwuxue/caodi-gecao-chengben-jisuanqi/
biology	ligation-calculator	https://tooldone.com/biology/ligation-calculator/	https://tooldone.com/zh/shengwuxue/lianjie-jisuanqi/
biology	livestock-fence-cost-calculator	https://tooldone.com/biology/livestock-fence-cost-calculator/	https://tooldone.com/zh/shengwuxue/shengchuang-jia-ge-ji-suan-qi/
biology	llama-calculator	https://tooldone.com/biology/llama-calculator/	https://tooldone.com/zh/shengwuxue/llama-jisuanqi/
biology	log-reduction-calculator	https://tooldone.com/biology/log-reduction-calculator/	https://tooldone.com/zh/shengwuxue/dui-shu-jian-shao-ji-suan-qi/
biology	mare-gestation-calculator-horse-gestation	https://tooldone.com/biology/mare-gestation-calculator-horse-gestation/	https://tooldone.com/zh/shengwuxue/muma-huaiyun-jisuanqi-ma-huaiyun/
biology	metacam-dosage-calculator-for-cats	https://tooldone.com/biology/metacam-dosage-calculator-for-cats/	https://tooldone.com/zh/shengwuxue/maituokang-ji-liang-ji-suan-qi-mao/
biology	metacam-dosage-calculator-for-dogs	https://tooldone.com/biology/metacam-dosage-calculator-for-dogs/	https://tooldone.com/zh/shengwuxue/gou-metacam-yongliang-jisuanqi/
biology	mlvss-calculator	https://tooldone.com/biology/mlvss-calculator/	https://tooldone.com/zh/shengwuxue/hunheye-huifaxing-xuanfu-guti-jisuanqi/
biology	mulch-calculator	https://tooldone.com/biology/mulch-calculator/	https://tooldone.com/zh/shengwuxue/mulch-jisuanqi/
biology	omega-3-for-dogs-calculator	https://tooldone.com/biology/omega-3-for-dogs-calculator/	https://tooldone.com/zh/shengwuxue/gou-omega-3-jisuanqi/
biology	pet-sitter-rates-calculator	https://tooldone.com/biology/pet-sitter-rates-calculator/	https://tooldone.com/zh/shengwuxue/chongwu-baomu-jiage-jisuanqi/
biology	plant-population-calculator	https://tooldone.com/biology/plant-population-calculator/	https://tooldone.com/zh/shengwuxue/zhiwu-renkou-jisuanqi/
biology	plant-spacing-calculator	https://tooldone.com/biology/plant-spacing-calculator/	https://tooldone.com/zh/shengwuxue/zhiwu-jiange-jisuanqi/
biology	potting-soil-calculator	https://tooldone.com/biology/potting-soil-calculator/	https://tooldone.com/zh/shengwuxue/penzai-tu-jisuanqi/
biology	protein-concentration-calculator	https://tooldone.com/biology/protein-concentration-calculator/	https://tooldone.com/zh/shengwuxue/danbai-nongdujisuanqi/
biology	protein-molecular-weight-calculator	https://tooldone.com/biology/protein-molecular-weight-calculator/	https://tooldone.com/zh/shengwuxue/danbai-zifenliangjisuanqi/
biology	punnett-square-calculator	https://tooldone.com/biology/punnett-square-calculator/	https://tooldone.com/zh/shengwuxue/punnett-fangkuai-jisuanqi/
biology	qpcr-efficiency-calculator	https://tooldone.com/biology/qpcr-efficiency-calculator/	https://tooldone.com/zh/shengwuxue/qpcr-xiaolv-jisuanqi/
biology	rabbit-cage-size-calculator	https://tooldone.com/biology/rabbit-cage-size-calculator/	https://tooldone.com/zh/shengwuxue/tuzi-longzi-chicun-jisuanqi/
biology	rabbit-color-calculator	https://tooldone.com/biology/rabbit-color-calculator/	https://tooldone.com/zh/shengwuxue/tuzi-yanse-jisuanqi/
biology	rabbit-gestation-calculator	https://tooldone.com/biology/rabbit-gestation-calculator/	https://tooldone.com/zh/shengwuxue/tuzi-huaiyun-jisuanqi/
biology	rat-cage-calculator	https://tooldone.com/biology/rat-cage-calculator/	https://tooldone.com/zh/shengwuxue/shu-long-chi-cun-he-rong-liang-ji-suan-qi/
biology	raw-dog-food-calculator	https://tooldone.com/biology/raw-dog-food-calculator/	https://tooldone.com/zh/shengwuxue/sheng-gou-liang-jisuanqi/
biology	sheep-gestation-calculator	https://tooldone.com/biology/sheep-gestation-calculator/	https://tooldone.com/zh/shengwuxue/yang-chanyu-jisuanqi/
biology	sod-calculator	https://tooldone.com/biology/sod-calculator/	https://tooldone.com/zh/shengwuxue/caojuan-jisuanqi/
biology	soil-calculator	https://tooldone.com/biology/soil-calculator/	https://tooldone.com/zh/shengwuxue/turang-jisuanqi/
biology	swine-gestation-calculator	https://tooldone.com/biology/swine-gestation-calculator/	https://tooldone.com/zh/shengwuxue/zhu-huaiyun-jisuanqi/
biology	tramadol-for-dogs-calculator	https://tooldone.com/biology/tramadol-for-dogs-calculator/	https://tooldone.com/zh/shengwuxue/gou-tramadol-jisuanqi/
biology	tree-age-calculator	https://tooldone.com/biology/tree-age-calculator/	https://tooldone.com/zh/shengwuxue/shu-ling-jisuanqi/
biology	tree-diameter-calculator	https://tooldone.com/biology/tree-diameter-calculator/	https://tooldone.com/zh/shengwuxue/shu-jing-jisuanqi/
biology	tree-height-calculator	https://tooldone.com/biology/tree-height-calculator/	https://tooldone.com/zh/shengwuxue/shu-gaodu-jisuanqi/
biology	tree-leaves-calculator	https://tooldone.com/biology/tree-leaves-calculator/	https://tooldone.com/zh/shengwuxue/shu-ye-jisuanqi/
biology	tree-spacing-calculator	https://tooldone.com/biology/tree-spacing-calculator/	https://tooldone.com/zh/shengwuxue/shu-mu-jian-ju-he-zhong-zhi-mi-du-ji-suan-qi/
biology	tree-value-calculator	https://tooldone.com/biology/tree-value-calculator/	https://tooldone.com/zh/shengwuxue/shu-jiazhi-jisuanqi/
biology	trihybrid-cross-calculator-punnett-square	https://tooldone.com/biology/trihybrid-cross-calculator-punnett-square/	https://tooldone.com/zh/shengwuxue/san-ji-yin-za-jiao-pang-ni-te-fang-ge-ji-suan-qi/
biology	turtle-tank-size-calculator	https://tooldone.com/biology/turtle-tank-size-calculator/	https://tooldone.com/zh/shengwuxue/wugui-shuichi-daxiao-jisuanqi/
biology	vegetable-seed-calculator	https://tooldone.com/biology/vegetable-seed-calculator/	https://tooldone.com/zh/shengwuxue/shucai-zhongzi-jisuanqi/
biology	vegetable-yield-calculator	https://tooldone.com/biology/vegetable-yield-calculator/	https://tooldone.com/zh/shengwuxue/shucai-shouhuo-jisuanqi/
biology	vpd-calculator-chart-vapor-pressure-deficit	https://tooldone.com/biology/vpd-calculator-chart-vapor-pressure-deficit/	https://tooldone.com/zh/shengwuxue/vpd-jisuanqi-biaoge-qiya-chayi/
biology	wastewater-calculator	https://tooldone.com/biology/wastewater-calculator/	https://tooldone.com/zh/shengwuxue/feishui-jisuanqi/
biology	water-potential-calculator	https://tooldone.com/biology/water-potential-calculator/	https://tooldone.com/zh/shengwuxue/shui-qianli-jisuanqi/
biology	water-soluble-fertilizer-calculator	https://tooldone.com/biology/water-soluble-fertilizer-calculator/	https://tooldone.com/zh/shengwuxue/shuirong-feiliao-jisuanqi/
chemistry	activity-coefficient-calculator	https://tooldone.com/chemistry/activity-coefficient-calculator/	https://tooldone.com/zh/huaxue/huodong-xishu-jisuanqi/
chemistry	actual-yield-calculator	https://tooldone.com/chemistry/actual-yield-calculator/	https://tooldone.com/zh/huaxue/shiji-shouyi-jisuanqi/
chemistry	afr-calculator	https://tooldone.com/chemistry/afr-calculator/	https://tooldone.com/zh/huaxue/kongqi-ranliao-bili-jisuanqi/
chemistry	alligation-calculator	https://tooldone.com/chemistry/alligation-calculator/	https://tooldone.com/zh/huaxue/jiahe-jisuanqi/
chemistry	arrhenius-equation-calculator	https://tooldone.com/chemistry/arrhenius-equation-calculator/	https://tooldone.com/zh/huaxue/arrhenius-fangcheng-jisuanqi/
chemistry	atom-calculator	https://tooldone.com/chemistry/atom-calculator/	https://tooldone.com/zh/huaxue/yuansu-jisuanqi/
chemistry	atom-economy-calculator	https://tooldone.com/chemistry/atom-economy-calculator/	https://tooldone.com/zh/huaxue/yuanzi-jingji-jisuanqi/
chemistry	atomic-mass-calculator	https://tooldone.com/chemistry/atomic-mass-calculator/	https://tooldone.com/zh/huaxue/yuanzi-zhiliang-jisuanqi/
chemistry	average-atomic-mass-calculator	https://tooldone.com/chemistry/average-atomic-mass-calculator/	https://tooldone.com/zh/huaxue/pingjun-yuanzi-zhiliang-jisuanqi/
chemistry	avogadros-number-calculator	https://tooldone.com/chemistry/avogadros-number-calculator/	https://tooldone.com/zh/huaxue/afugaduo-shu-jisuanqi/
chemistry	beer-lambert-law-calculator	https://tooldone.com/chemistry/beer-lambert-law-calculator/	https://tooldone.com/zh/huaxue/bi-er-lang-bo-ding-lu-ji-suan-qi/
chemistry	bleach-dilution-calculator	https://tooldone.com/chemistry/bleach-dilution-calculator/	https://tooldone.com/zh/huaxue/piaobaiji-xishi-jisuanqi/
chemistry	boiling-point-at-altitude-calculator	https://tooldone.com/chemistry/boiling-point-at-altitude-calculator/	https://tooldone.com/zh/huaxue/gaodu-feidian-jisuanqi/
chemistry	boiling-point-calculator	https://tooldone.com/chemistry/boiling-point-calculator/	https://tooldone.com/zh/huaxue/feidian-jisuanqi/
chemistry	boiling-point-elevation-calculator	https://tooldone.com/chemistry/boiling-point-elevation-calculator/	https://tooldone.com/zh/huaxue/feidian-sheng-gao-jisuanqi/
chemistry	bond-order-calculator	https://tooldone.com/chemistry/bond-order-calculator/	https://tooldone.com/zh/huaxue/jianji-xu-jisuanqi/
chemistry	buffer-capacity-calculator	https://tooldone.com/chemistry/buffer-capacity-calculator/	https://tooldone.com/zh/huaxue/huanchong-rongliang-jisuanqi/
chemistry	buffer-ph-calculator	https://tooldone.com/chemistry/buffer-ph-calculator/	https://tooldone.com/zh/huaxue/buffer-ph-jisuanqi/
chemistry	calibration-curve-calculator	https://tooldone.com/chemistry/calibration-curve-calculator/	https://tooldone.com/zh/huaxue/jiaozhunquxian-jisuanqi/
chemistry	cell-emf-calculator	https://tooldone.com/chemistry/cell-emf-calculator/	https://tooldone.com/zh/huaxue/dianchi-emf-jisuanqi/
chemistry	chemical-name-calculator	https://tooldone.com/chemistry/chemical-name-calculator/	https://tooldone.com/zh/huaxue/huaxue-mingcheng-jisuanqi/
chemistry	chemical-oxygen-demand-calculator	https://tooldone.com/chemistry/chemical-oxygen-demand-calculator/	https://tooldone.com/zh/huaxue/huaxue-yangqi-xuqiujisuanqi/
chemistry	combustion-analysis-calculator	https://tooldone.com/chemistry/combustion-analysis-calculator/	https://tooldone.com/zh/huaxue/ranhua-fenxi-jisuanqi/
chemistry	combustion-reaction-calculator	https://tooldone.com/chemistry/combustion-reaction-calculator/	https://tooldone.com/zh/huaxue/ranshao-fanying-jisuanqi/
chemistry	concentration-calculator	https://tooldone.com/chemistry/concentration-calculator/	https://tooldone.com/zh/huaxue/nongdu-jisuanqi/
chemistry	crude-protein-calculator	https://tooldone.com/chemistry/crude-protein-calculator/	https://tooldone.com/zh/huaxue/cu-danbai-jisuanqi/
chemistry	cubic-cell-calculator	https://tooldone.com/chemistry/cubic-cell-calculator/	https://tooldone.com/zh/huaxue/li-fang-dan-yuan-ji-suan-qi/
chemistry	degree-of-unsaturation-calculator	https://tooldone.com/chemistry/degree-of-unsaturation-calculator/	https://tooldone.com/zh/huaxue/buhedu-jisuanqi/
chemistry	detention-time-calculator	https://tooldone.com/chemistry/detention-time-calculator/	https://tooldone.com/zh/huaxue/liuliu-shijian-jisuanqi/
chemistry	diffusion-coefficient-calculator	https://tooldone.com/chemistry/diffusion-coefficient-calculator/	https://tooldone.com/zh/huaxue/kuosan-xishu-jisuanqi/
chemistry	dilution-factor-calculator	https://tooldone.com/chemistry/dilution-factor-calculator/	https://tooldone.com/zh/huaxue/xishi-yinzi-jisuanqi/
chemistry	double-bond-equivalent-calculator	https://tooldone.com/chemistry/double-bond-equivalent-calculator/	https://tooldone.com/zh/huaxue/shuangjian-dangliang-jisuanqi/
chemistry	effective-nuclear-charge-calculator	https://tooldone.com/chemistry/effective-nuclear-charge-calculator/	https://tooldone.com/zh/huaxue/youxiao-he-dianhe-jisuanqi/
chemistry	electrolysis-calculator	https://tooldone.com/chemistry/electrolysis-calculator/	https://tooldone.com/zh/huaxue/dianjie-jisuanqi/
chemistry	electron-configuration-calculator	https://tooldone.com/chemistry/electron-configuration-calculator/	https://tooldone.com/zh/huaxue/dianzi-peizhi-jisuanqi/
chemistry	electronegativity-calculator	https://tooldone.com/chemistry/electronegativity-calculator/	https://tooldone.com/zh/huaxue/dianxinqing-jisuanqi/
chemistry	entropy-calculator	https://tooldone.com/chemistry/entropy-calculator/	https://tooldone.com/zh/huaxue/shang-jisuanqi/
chemistry	enzyme-activity-calculator	https://tooldone.com/chemistry/enzyme-activity-calculator/	https://tooldone.com/zh/huaxue/meiganmeihuo-jisuanqi/
chemistry	equilibrium-constant-calculator	https://tooldone.com/chemistry/equilibrium-constant-calculator/	https://tooldone.com/zh/huaxue/pingheng-changshu-jisuanqi/
chemistry	freezing-point-depression-calculator	https://tooldone.com/chemistry/freezing-point-depression-calculator/	https://tooldone.com/zh/huaxue/jiangdi-dian-jisuanqi/
chemistry	gibbs-free-energy-calculator	https://tooldone.com/chemistry/gibbs-free-energy-calculator/	https://tooldone.com/zh/huaxue/jibusi-mianfei-nengliang-jisuanqi/
chemistry	gibbs-phase-rule-calculator	https://tooldone.com/chemistry/gibbs-phase-rule-calculator/	https://tooldone.com/zh/huaxue/jibusi-faz-guize-jisuanqi/
chemistry	grams-to-moles-calculator	https://tooldone.com/chemistry/grams-to-moles-calculator/	https://tooldone.com/zh/huaxue/kelizhi-dao-mole-jisuanqi/
chemistry	half-life-calculator	https://tooldone.com/chemistry/half-life-calculator/	https://tooldone.com/zh/huaxue/ban-shouming-jisuanqi/
chemistry	heat-of-combustion-calculator	https://tooldone.com/chemistry/heat-of-combustion-calculator/	https://tooldone.com/zh/huaxue/ranhua-reliang-jisuanqi/
chemistry	henderson-hasselbalch-calculator	https://tooldone.com/chemistry/henderson-hasselbalch-calculator/	https://tooldone.com/zh/huaxue/henderson-hasselbalch-jisuanqi/
chemistry	hydraulic-retention-time-calculator	https://tooldone.com/chemistry/hydraulic-retention-time-calculator/	https://tooldone.com/zh/huaxue/shuili-chicun-shijian-jisuanqi/
chemistry	hydrogen-ion-concentration-calculator	https://tooldone.com/chemistry/hydrogen-ion-concentration-calculator/	https://tooldone.com/zh/huaxue/qing-zi-nong-du-ji-suan-qi/
chemistry	ionic-strength-calculator	https://tooldone.com/chemistry/ionic-strength-calculator/	https://tooldone.com/zh/huaxue/yangliqiangdu-jisuanqi/
chemistry	isoelectric-point-calculator	https://tooldone.com/chemistry/isoelectric-point-calculator/	https://tooldone.com/zh/huaxue/dengdian-jisuanqi/
chemistry	kp-calculator	https://tooldone.com/chemistry/kp-calculator/	https://tooldone.com/zh/huaxue/kp-jisuanqi/
chemistry	langmuir-isotherm-calculator	https://tooldone.com/chemistry/langmuir-isotherm-calculator/	https://tooldone.com/zh/huaxue/langmuir-dengwenxian-jisuanqi/
chemistry	lattice-energy-calculator	https://tooldone.com/chemistry/lattice-energy-calculator/	https://tooldone.com/zh/huaxue/jingge-nengliang-jisuanqi/
chemistry	liquid-ethylene-density-calculator	https://tooldone.com/chemistry/liquid-ethylene-density-calculator/	https://tooldone.com/zh/huaxue/yeti-xi-tian-mi-du-ji-suan-qi/
chemistry	mass-percent-calculator	https://tooldone.com/chemistry/mass-percent-calculator/	https://tooldone.com/zh/huaxue/zhiliang-baifenbi-jisuanqi/
chemistry	michaelis-menten-equation-calculator	https://tooldone.com/chemistry/michaelis-menten-equation-calculator/	https://tooldone.com/zh/huaxue/maikaierisi-mengdeng-fangcheng-jisuanqi/
chemistry	miller-indices-calculator	https://tooldone.com/chemistry/miller-indices-calculator/	https://tooldone.com/zh/huaxue/miller-zhishu-jisuanqi/
chemistry	mixing-ratio-calculator	https://tooldone.com/chemistry/mixing-ratio-calculator/	https://tooldone.com/zh/huaxue/hunhe-bi-jisuanqi/
chemistry	molality-calculator	https://tooldone.com/chemistry/molality-calculator/	https://tooldone.com/zh/huaxue/molality-jisuanqi/
chemistry	molar-mass-calculator	https://tooldone.com/chemistry/molar-mass-calculator/	https://tooldone.com/zh/huaxue/molar-mass-calculator-zh/
chemistry	molar-mass-of-gas-calculator	https://tooldone.com/chemistry/molar-mass-of-gas-calculator/	https://tooldone.com/zh/huaxue/qi-ti-mo-la-zhi-liang-ji-suan-qi/
chemistry	molar-ratio-calculator	https://tooldone.com/chemistry/molar-ratio-calculator/	https://tooldone.com/zh/huaxue/molar-bi-jisuanqi/
chemistry	molarity-calculator	https://tooldone.com/chemistry/molarity-calculator/	https://tooldone.com/zh/huaxue/moli-nongdu-jisuanqi/
chemistry	mole-calculator	https://tooldone.com/chemistry/mole-calculator/	https://tooldone.com/zh/huaxue/mol-jisuanqi/
chemistry	mole-fraction-calculator	https://tooldone.com/chemistry/mole-fraction-calculator/	https://tooldone.com/zh/huaxue/moer-fenshu-jisuanqi/
chemistry	molecular-weight-calculator	https://tooldone.com/chemistry/molecular-weight-calculator/	https://tooldone.com/zh/huaxue/fenzi-zhongliang-jisuanqi/
chemistry	nernst-equation-calculator	https://tooldone.com/chemistry/nernst-equation-calculator/	https://tooldone.com/zh/huaxue/nengsite-fangcheng-jisuanqi/
chemistry	neutralization-calculator	https://tooldone.com/chemistry/neutralization-calculator/	https://tooldone.com/zh/huaxue/suan-jian-zhong-he-ji-suan-qi/
chemistry	normality-calculator	https://tooldone.com/chemistry/normality-calculator/	https://tooldone.com/zh/huaxue/dangliang-nongdu-jisuanqi/
chemistry	osmotic-pressure-calculator	https://tooldone.com/chemistry/osmotic-pressure-calculator/	https://tooldone.com/zh/huaxue/shentouyali-jisuanqi/
chemistry	partial-pressure-calculator	https://tooldone.com/chemistry/partial-pressure-calculator/	https://tooldone.com/zh/huaxue/fenya-jisuanqi/
chemistry	percent-composition-calculator	https://tooldone.com/chemistry/percent-composition-calculator/	https://tooldone.com/zh/huaxue/baifenbili-jisuanqi/
chemistry	percent-ionic-character-calculator	https://tooldone.com/chemistry/percent-ionic-character-calculator/	https://tooldone.com/zh/huaxue/baifenbi-dianxingxing-jisuanqi/
chemistry	percent-solution-calculator	https://tooldone.com/chemistry/percent-solution-calculator/	https://tooldone.com/zh/huaxue/baifenbi-rongye-jisuanqi/
chemistry	percent-yield-calculator	https://tooldone.com/chemistry/percent-yield-calculator/	https://tooldone.com/zh/huaxue/baifenbi-shoulu-jisuanqi/
chemistry	percentage-concentration-to-molarity-calculator	https://tooldone.com/chemistry/percentage-concentration-to-molarity-calculator/	https://tooldone.com/zh/huaxue/baifenbi-nongdu-zhuan-molarity-jisuanqi/
chemistry	ph-calculator	https://tooldone.com/chemistry/ph-calculator/	https://tooldone.com/zh/huaxue/ph-jisuanqi/
chemistry	pka-calculator	https://tooldone.com/chemistry/pka-calculator/	https://tooldone.com/zh/huaxue/pka-jisuanqi/
chemistry	ppm-to-molarity-calculator	https://tooldone.com/chemistry/ppm-to-molarity-calculator/	https://tooldone.com/zh/huaxue/fenbaiwanyi-dao-molarite-jisuanqi/
chemistry	protein-solubility-calculator	https://tooldone.com/chemistry/protein-solubility-calculator/	https://tooldone.com/zh/huaxue/danbai-zurongdu-jisuanqi/
chemistry	radioactive-decay-calculator	https://tooldone.com/chemistry/radioactive-decay-calculator/	https://tooldone.com/zh/huaxue/fangshexing-fenjie-jisuanqi/
chemistry	radiocarbon-dating-calculator	https://tooldone.com/chemistry/radiocarbon-dating-calculator/	https://tooldone.com/zh/huaxue/fushengtan-dingnian-jiqi/
chemistry	raoults-law-calculator	https://tooldone.com/chemistry/raoults-law-calculator/	https://tooldone.com/zh/huaxue/luoerfa-dinglu-jisuanqi/
chemistry	rate-constant-calculator	https://tooldone.com/chemistry/rate-constant-calculator/	https://tooldone.com/zh/huaxue/sulv-changshu-jisuanqi/
chemistry	rate-of-effusion-calculator	https://tooldone.com/chemistry/rate-of-effusion-calculator/	https://tooldone.com/zh/huaxue/qiti-liutong-sulv-jisuanqi/
chemistry	reaction-quotient-calculator	https://tooldone.com/chemistry/reaction-quotient-calculator/	https://tooldone.com/zh/huaxue/fanying-shang-jisuanqi/
chemistry	reconstitution-calculator	https://tooldone.com/chemistry/reconstitution-calculator/	https://tooldone.com/zh/huaxue/rongye-chonggou-jisuanqi/
chemistry	resuspension-calculator	https://tooldone.com/chemistry/resuspension-calculator/	https://tooldone.com/zh/huaxue/zaixuanshi-jisuanqi/
chemistry	saponification-value-calculator	https://tooldone.com/chemistry/saponification-value-calculator/	https://tooldone.com/zh/huaxue/zhipenghua-zhi-jisuanqi/
chemistry	serial-dilution-calculator	https://tooldone.com/chemistry/serial-dilution-calculator/	https://tooldone.com/zh/huaxue/lianxu-xishua-jisuanqi/
chemistry	solution-dilution-calculator	https://tooldone.com/chemistry/solution-dilution-calculator/	https://tooldone.com/zh/huaxue/rongye-xishui-jisuanqi/
chemistry	stp-calculator	https://tooldone.com/chemistry/stp-calculator/	https://tooldone.com/zh/huaxue/biaozhun-wendu-qi-ya-jisuanqi/
chemistry	tds-calculator	https://tooldone.com/chemistry/tds-calculator/	https://tooldone.com/zh/huaxue/zongrongjiejiaowu-jisuanqi/
chemistry	theoretical-yield-calculator	https://tooldone.com/chemistry/theoretical-yield-calculator/	https://tooldone.com/zh/huaxue/lilun-shoulu-jisuanqi/
chemistry	titration-calculator	https://tooldone.com/chemistry/titration-calculator/	https://tooldone.com/zh/huaxue/diding-jisuanqi/
chemistry	two-photon-absorption-calculator	https://tooldone.com/chemistry/two-photon-absorption-calculator/	https://tooldone.com/zh/huaxue/liang-guangzi-xishou-jisuanqi/
chemistry	vapor-pressure-calculator	https://tooldone.com/chemistry/vapor-pressure-calculator/	https://tooldone.com/zh/huaxue/zhengya-jisuanqi/
chemistry	vapor-pressure-of-water-calculator	https://tooldone.com/chemistry/vapor-pressure-of-water-calculator/	https://tooldone.com/zh/huaxue/shui-buhua-yali-jisuanqi/
chemistry	water-hardness-calculator	https://tooldone.com/chemistry/water-hardness-calculator/	https://tooldone.com/zh/huaxue/shui-yingdu-jisuanqi/
chemistry	young-laplace-equation-calculator	https://tooldone.com/chemistry/young-laplace-equation-calculator/	https://tooldone.com/zh/huaxue/yang-laplace-fangcheng-jisuanqi/
construction	air-changes-per-hour-calculator	https://tooldone.com/construction/air-changes-per-hour-calculator/	https://tooldone.com/zh/jianzhu/kongqi-geng-huan-lu-jisuanqi/
construction	air-conditioner-btu-calculator	https://tooldone.com/construction/air-conditioner-btu-calculator/	https://tooldone.com/zh/jianzhu/kongtiao-btu-jisuanqi/
construction	aluminum-weight-calculator	https://tooldone.com/construction/aluminum-weight-calculator/	https://tooldone.com/zh/jianzhu/lv-zhongliang-jisuanqi/
construction	angle-cut-calculator	https://tooldone.com/construction/angle-cut-calculator/	https://tooldone.com/zh/jianzhu/jiaodu-qiege-jisuanqi/
construction	angle-of-depression-calculator	https://tooldone.com/construction/angle-of-depression-calculator/	https://tooldone.com/zh/jianzhu/fuyang-jiao-jisuanqi/
construction	arch-calculator	https://tooldone.com/construction/arch-calculator/	https://tooldone.com/zh/jianzhu/gongxing-jisuanqi/
construction	asphalt-calculator	https://tooldone.com/construction/asphalt-calculator/	https://tooldone.com/zh/jianzhu/liqing-jisuanqi/
construction	baluster-calculator	https://tooldone.com/construction/baluster-calculator/	https://tooldone.com/zh/jianzhu/lanzi-jisuanqi/
construction	beam-deflection-calculator	https://tooldone.com/construction/beam-deflection-calculator/	https://tooldone.com/zh/jianzhu/liang-naodu-jisuanqi/
construction	beam-load-calculator	https://tooldone.com/construction/beam-load-calculator/	https://tooldone.com/zh/jianzhu/liang-hezai-jisuanqi/
construction	bending-stress-calculator	https://tooldone.com/construction/bending-stress-calculator/	https://tooldone.com/zh/jianzhu/wanqu-yingli-jisuanqi/
construction	birdsmouth-cut-calculator	https://tooldone.com/construction/birdsmouth-cut-calculator/	https://tooldone.com/zh/jianzhu/niao-zui-qie-kou-jisuanqi/
construction	board-and-batten-calculator	https://tooldone.com/construction/board-and-batten-calculator/	https://tooldone.com/zh/jianzhu/ban-tiao-jisuanqi/
construction	board-foot-calculator	https://tooldone.com/construction/board-foot-calculator/	https://tooldone.com/zh/jianzhu/ban-cai-chi-ji-suan-qi/
construction	boiler-size-calculator	https://tooldone.com/construction/boiler-size-calculator/	https://tooldone.com/zh/jianzhu/guolu-chicun-jisuanqi/
construction	bolt-circle-calculator	https://tooldone.com/construction/bolt-circle-calculator/	https://tooldone.com/zh/jianzhu/luoshuan-yuan-jisuanqi/
construction	bolt-torque-calculator	https://tooldone.com/construction/bolt-torque-calculator/	https://tooldone.com/zh/jianzhu/luoshuan-niuju-jisuanqi/
construction	bowl-segment-calculator	https://tooldone.com/construction/bowl-segment-calculator/	https://tooldone.com/zh/jianzhu/wan-xing-duan-ji-suan-qi/
construction	box-fill-calculator	https://tooldone.com/construction/box-fill-calculator/	https://tooldone.com/zh/jianzhu/hezi-chongtian-jisuanqi/
construction	brick-calculator	https://tooldone.com/construction/brick-calculator/	https://tooldone.com/zh/jianzhu/zhuan-kuai-ji-suan-qi/
construction	carbon-equivalent-calculator	https://tooldone.com/construction/carbon-equivalent-calculator/	https://tooldone.com/zh/jianzhu/tan-deng-liang-jisuanqi/
construction	carpet-calculator	https://tooldone.com/construction/carpet-calculator/	https://tooldone.com/zh/jianzhu/ditan-jisuanqi/
construction	cement-calculator	https://tooldone.com/construction/cement-calculator/	https://tooldone.com/zh/jianzhu/shui-ni-ji-suan-qi/
construction	cfm-calculator	https://tooldone.com/construction/cfm-calculator/	https://tooldone.com/zh/jianzhu/lifang-yingchi-mei-fenzhong-jisuanqi/
construction	chicken-coop-size-calculator	https://tooldone.com/construction/chicken-coop-size-calculator/	https://tooldone.com/zh/jianzhu/ji-she-chicun-jisuanqi/
construction	clearance-hole-calculator	https://tooldone.com/construction/clearance-hole-calculator/	https://tooldone.com/zh/jianzhu/jianxi-kong-jisuanqi/
construction	concrete-block-calculator	https://tooldone.com/construction/concrete-block-calculator/	https://tooldone.com/zh/jianzhu/hunningtu-kuai-ji-suan-qi/
construction	concrete-block-fill-calculator	https://tooldone.com/construction/concrete-block-fill-calculator/	https://tooldone.com/zh/jianzhu/hunningtu-kuai-tianchong-jisuanqi/
construction	concrete-calculator	https://tooldone.com/construction/concrete-calculator/	https://tooldone.com/zh/jianzhu/hunningtu-jisuanqi/
construction	concrete-column-calculator	https://tooldone.com/construction/concrete-column-calculator/	https://tooldone.com/zh/jianzhu/hunningtu-zhu-jisuanqi/
construction	concrete-driveway-cost-calculator	https://tooldone.com/construction/concrete-driveway-cost-calculator/	https://tooldone.com/zh/jianzhu/hunningtu-chedao-chengben-jisuanqi/
construction	concrete-estimator-tube	https://tooldone.com/construction/concrete-estimator-tube/	https://tooldone.com/zh/jianzhu/hunningtu-guan-jisuanqi/
construction	concrete-stairs-calculator	https://tooldone.com/construction/concrete-stairs-calculator/	https://tooldone.com/zh/jianzhu/hunningtu-louti-jisuanqi/
construction	concrete-weight-calculator	https://tooldone.com/construction/concrete-weight-calculator/	https://tooldone.com/zh/jianzhu/hunningtu-zhongliang-jisuanqi/
construction	countersink-depth-calculator	https://tooldone.com/construction/countersink-depth-calculator/	https://tooldone.com/zh/jianzhu/maitou-kong-shendu-jisuanqi/
construction	crushed-stone-calculator	https://tooldone.com/construction/crushed-stone-calculator/	https://tooldone.com/zh/jianzhu/suishi-jisuanqi/
construction	cubic-yard-calculator	https://tooldone.com/construction/cubic-yard-calculator/	https://tooldone.com/zh/jianzhu/lifang-yard-jisuanqi/
construction	deck-stain-calculator	https://tooldone.com/construction/deck-stain-calculator/	https://tooldone.com/zh/jianzhu/jia-ban-ran-liao-ji-suan-qi/
construction	decking-calculator	https://tooldone.com/construction/decking-calculator/	https://tooldone.com/zh/jianzhu/jia-ban-ji-suan-qi/
construction	diy-shed-cost-calculator	https://tooldone.com/construction/diy-shed-cost-calculator/	https://tooldone.com/zh/jianzhu/diy-peng-wu-cheng-ben-ji-suan-qi/
construction	door-header-size-calculator	https://tooldone.com/construction/door-header-size-calculator/	https://tooldone.com/zh/jianzhu/mendong-guoliang-jisuanqi/
construction	drywall-calculator	https://tooldone.com/construction/drywall-calculator/	https://tooldone.com/zh/jianzhu/shi-gao-ban-ji-suan-qi/
construction	elevation-grade-calculator	https://tooldone.com/construction/elevation-grade-calculator/	https://tooldone.com/zh/jianzhu/podu-jisuanqi/
construction	epoxy-calculator	https://tooldone.com/construction/epoxy-calculator/	https://tooldone.com/zh/jianzhu/epoxi-jisuanqi/
construction	fence-calculator	https://tooldone.com/construction/fence-calculator/	https://tooldone.com/zh/jianzhu/wei-lan-jisuanqi/
construction	fence-post-depth-calculator	https://tooldone.com/construction/fence-post-depth-calculator/	https://tooldone.com/zh/jianzhu/weilanzhuzhu-shendu-jisuanqi/
construction	fire-flow-calculator	https://tooldone.com/construction/fire-flow-calculator/	https://tooldone.com/zh/jianzhu/xiaofang-liuliang-jisuanqi/
construction	fire-glass-calculator	https://tooldone.com/construction/fire-glass-calculator/	https://tooldone.com/zh/jianzhu/fang-huo-bo-li-ji-suan-qi/
construction	floor-area-ratio-calculator	https://tooldone.com/construction/floor-area-ratio-calculator/	https://tooldone.com/zh/jianzhu/rong-ji-lu-mian-ji-bi-ji-suan-qi/
construction	floor-joist-calculator	https://tooldone.com/construction/floor-joist-calculator/	https://tooldone.com/zh/jianzhu/louban-jisuanqi/
construction	flooring-calculator	https://tooldone.com/construction/flooring-calculator/	https://tooldone.com/zh/jianzhu/diban-jisuanqi/
construction	framing-calculator	https://tooldone.com/construction/framing-calculator/	https://tooldone.com/zh/jianzhu/kuang-jia-ji-suan-qi/
construction	french-drain-calculator	https://tooldone.com/construction/french-drain-calculator/	https://tooldone.com/zh/jianzhu/faguo-paishui-jisuanqi/
construction	furnace-size-calculator	https://tooldone.com/construction/furnace-size-calculator/	https://tooldone.com/zh/jianzhu/lu-zi-chicun-jisuanqi/
construction	gallons-per-minute-calculator	https://tooldone.com/construction/gallons-per-minute-calculator/	https://tooldone.com/zh/jianzhu/mei-fenzhong-jialun-jisuanqi/
construction	gallons-per-square-foot-calculator	https://tooldone.com/construction/gallons-per-square-foot-calculator/	https://tooldone.com/zh/jianzhu/mei-pingfang-yingchi-gallon-jisuanqi/
construction	gambrel-roof-calculator	https://tooldone.com/construction/gambrel-roof-calculator/	https://tooldone.com/zh/jianzhu/gambrel-wuding-jisuanqi/
construction	glass-weight-calculator	https://tooldone.com/construction/glass-weight-calculator/	https://tooldone.com/zh/jianzhu/boli-zhongliang-jisuanqi/
construction	gravel-calculator	https://tooldone.com/construction/gravel-calculator/	https://tooldone.com/zh/jianzhu/shizi-jisuanqi/
construction	gravel-driveway-calculator	https://tooldone.com/construction/gravel-driveway-calculator/	https://tooldone.com/zh/jianzhu/lishi-cheliu-jisuanqi/
construction	grout-calculator	https://tooldone.com/construction/grout-calculator/	https://tooldone.com/zh/jianzhu/goutou-jisuanqi/
construction	heat-loss-calculator	https://tooldone.com/construction/heat-loss-calculator/	https://tooldone.com/zh/jianzhu/reshi-sunshi-jisuanqi/
construction	hole-volume-calculator	https://tooldone.com/construction/hole-volume-calculator/	https://tooldone.com/zh/jianzhu/kong-dong-ti-ji-jisuanqi/
construction	hoop-house-calculator	https://tooldone.com/construction/hoop-house-calculator/	https://tooldone.com/zh/jianzhu/gongxing-wu-jisuanqi/
construction	insulation-calculator	https://tooldone.com/construction/insulation-calculator/	https://tooldone.com/zh/jianzhu/baowen-jisuanqi/
construction	junction-box-sizing-calculator	https://tooldone.com/construction/junction-box-sizing-calculator/	https://tooldone.com/zh/jianzhu/jiexianhe-guige-jisuanqi/
construction	k-factor-calculator	https://tooldone.com/construction/k-factor-calculator/	https://tooldone.com/zh/jianzhu/k-yin-zi-ji-suan-qi/
construction	ladder-angle-calculator	https://tooldone.com/construction/ladder-angle-calculator/	https://tooldone.com/zh/jianzhu/ti-zi-jiao-du-ji-suan-qi/
construction	limestone-calculator	https://tooldone.com/construction/limestone-calculator/	https://tooldone.com/zh/jianzhu/shihuiyan-jisuanqi/
construction	liters-per-minute-calculator	https://tooldone.com/construction/liters-per-minute-calculator/	https://tooldone.com/zh/jianzhu/mei-fenzhong-sheng-jisuanqi/
construction	log-weight-calculator	https://tooldone.com/construction/log-weight-calculator/	https://tooldone.com/zh/jianzhu/mu-tou-zhong-liang-ji-suan-qi/
construction	lumber-calculator	https://tooldone.com/construction/lumber-calculator/	https://tooldone.com/zh/jianzhu/mu-cai-ji-suan-qi/
construction	material-removal-rate-calculator	https://tooldone.com/construction/material-removal-rate-calculator/	https://tooldone.com/zh/jianzhu/cailiao-qiexiao-sulu-jisuanqi/
construction	metal-roof-cost-calculator	https://tooldone.com/construction/metal-roof-cost-calculator/	https://tooldone.com/zh/jianzhu/jin-shu-wu-ding-cheng-ben-ji-suan-qi/
construction	metal-weight-calculator	https://tooldone.com/construction/metal-weight-calculator/	https://tooldone.com/zh/jianzhu/jin-shu-zhong-liang-ji-suan-qi/
construction	miter-angle-calculator	https://tooldone.com/construction/miter-angle-calculator/	https://tooldone.com/zh/jianzhu/miter-jiaodu-jisuanqi/
construction	mortar-calculator	https://tooldone.com/construction/mortar-calculator/	https://tooldone.com/zh/jianzhu/sha-jiang-ji-suan-qi/
construction	paint-calculator	https://tooldone.com/construction/paint-calculator/	https://tooldone.com/zh/jianzhu/youqi-jisuanqi/
construction	paver-calculator	https://tooldone.com/construction/paver-calculator/	https://tooldone.com/zh/jianzhu/pazhuan-jisuanqi/
construction	paver-sand-calculator	https://tooldone.com/construction/paver-sand-calculator/	https://tooldone.com/zh/jianzhu/paving-sha-zi-ji-suan-qi/
construction	pipe-volume-calculator	https://tooldone.com/construction/pipe-volume-calculator/	https://tooldone.com/zh/jianzhu/guan-dao-ti-ji-ji-suan-qi/
construction	pipe-weight-calculator	https://tooldone.com/construction/pipe-weight-calculator/	https://tooldone.com/zh/jianzhu/guan-dao-zhong-liang-ji-suan-qi/
construction	pitch-diameter-calculator	https://tooldone.com/construction/pitch-diameter-calculator/	https://tooldone.com/zh/jianzhu/jielun-zhijing-jisuanqi/
construction	plate-weight-calculator	https://tooldone.com/construction/plate-weight-calculator/	https://tooldone.com/zh/jianzhu/ban-cai-zhong-liang-ji-suan-qi/
construction	plywood-calculator	https://tooldone.com/construction/plywood-calculator/	https://tooldone.com/zh/jianzhu/he-ban-ji-suan-qi/
construction	pond-calculator	https://tooldone.com/construction/pond-calculator/	https://tooldone.com/zh/jianzhu/chitang-jisuanqi/
construction	pool-calculator	https://tooldone.com/construction/pool-calculator/	https://tooldone.com/zh/jianzhu/yongchi-jisuanqi/
construction	punch-force-calculator	https://tooldone.com/construction/punch-force-calculator/	https://tooldone.com/zh/jianzhu/quanli-jisuanqi/
construction	rafter-length-calculator	https://tooldone.com/construction/rafter-length-calculator/	https://tooldone.com/zh/jianzhu/chuiangchang-jisuanqi/
construction	ramp-calculator	https://tooldone.com/construction/ramp-calculator/	https://tooldone.com/zh/jianzhu/ramp-jisuanqi/
construction	rebar-calculator	https://tooldone.com/construction/rebar-calculator/	https://tooldone.com/zh/jianzhu/gang-jin-ji-suan-qi/
construction	rectangle-fence-perimeter-calculator	https://tooldone.com/construction/rectangle-fence-perimeter-calculator/	https://tooldone.com/zh/jianzhu/juxing-weilan-zhouchang-jisuanqi/
construction	retaining-wall-calculator	https://tooldone.com/construction/retaining-wall-calculator/	https://tooldone.com/zh/jianzhu/dang-tu-ji-suan-qi/
construction	rip-rap-calculator	https://tooldone.com/construction/rip-rap-calculator/	https://tooldone.com/zh/jianzhu/rip-rap-jisuanqi/
construction	river-rock-calculator	https://tooldone.com/construction/river-rock-calculator/	https://tooldone.com/zh/jianzhu/heliu-shi-jisuanqi/
construction	rivet-size-calculator	https://tooldone.com/construction/rivet-size-calculator/	https://tooldone.com/zh/jianzhu/liu-ding-chi-cun-ji-suan-qi/
construction	road-base-calculator	https://tooldone.com/construction/road-base-calculator/	https://tooldone.com/zh/jianzhu/daolu-jichu-jisuanqi/
construction	rolling-offset-calculator	https://tooldone.com/construction/rolling-offset-calculator/	https://tooldone.com/zh/jianzhu/gun-dong-pian-yi-ji-suan-qi/
construction	roof-pitch-calculator	https://tooldone.com/construction/roof-pitch-calculator/	https://tooldone.com/zh/jianzhu/wuding-podu-jisuanqi/
construction	roof-shingle-calculator	https://tooldone.com/construction/roof-shingle-calculator/	https://tooldone.com/zh/jianzhu/wu-ding-wa-pian-ji-suan-qi/
construction	roof-truss-calculator	https://tooldone.com/construction/roof-truss-calculator/	https://tooldone.com/zh/jianzhu/wu-jia-ji-suan-qi/
construction	roofing-calculator	https://tooldone.com/construction/roofing-calculator/	https://tooldone.com/zh/jianzhu/wu-ding-ji-suan-qi/
construction	round-pen-calculator	https://tooldone.com/construction/round-pen-calculator/	https://tooldone.com/zh/jianzhu/yuanxing-bi-ji-suanqi/
construction	sand-calculator	https://tooldone.com/construction/sand-calculator/	https://tooldone.com/zh/jianzhu/sha-zi-ji-suan-qi/
construction	sealant-calculator	https://tooldone.com/construction/sealant-calculator/	https://tooldone.com/zh/jianzhu/fengjiao-jisuanqi/
construction	shiplap-calculator	https://tooldone.com/construction/shiplap-calculator/	https://tooldone.com/zh/jianzhu/shiplap-jisuanqi/
construction	siding-calculator	https://tooldone.com/construction/siding-calculator/	https://tooldone.com/zh/jianzhu/caizhi-jisuanqi/
construction	size-to-weight-calculator-rectangular-box	https://tooldone.com/construction/size-to-weight-calculator-rectangular-box/	https://tooldone.com/zh/jianzhu/chicun-zhongliang-jisuanqi-juxing-hezi/
construction	snow-load-calculator	https://tooldone.com/construction/snow-load-calculator/	https://tooldone.com/zh/jianzhu/xuehe-zaihe-jisuanqi/
construction	sonotube-calculator	https://tooldone.com/construction/sonotube-calculator/	https://tooldone.com/zh/jianzhu/sonotube-jisuanqi/
construction	spindle-spacing-calculator	https://tooldone.com/construction/spindle-spacing-calculator/	https://tooldone.com/zh/jianzhu/lan-gan-jianju-jisuanqi/
construction	spindle-speed-calculator	https://tooldone.com/construction/spindle-speed-calculator/	https://tooldone.com/zh/jianzhu/zhuanzhu-zhuansu-jisuanqi/
construction	spiral-staircase-calculator	https://tooldone.com/construction/spiral-staircase-calculator/	https://tooldone.com/zh/jianzhu/xuan-ti-jie-ti-ji-suan-qi/
construction	square-feet-to-cubic-yards-calculator	https://tooldone.com/construction/square-feet-to-cubic-yards-calculator/	https://tooldone.com/zh/jianzhu/pingfang-yingchi-li-fang-yard-jisuanqi/
construction	square-footage-calculator	https://tooldone.com/construction/square-footage-calculator/	https://tooldone.com/zh/jianzhu/pingfang-mi-jisuanqi/
construction	square-yard-calculator	https://tooldone.com/construction/square-yard-calculator/	https://tooldone.com/zh/jianzhu/pingfang-ma-jisuanqi/
construction	square-yards-calculator	https://tooldone.com/construction/square-yards-calculator/	https://tooldone.com/zh/jianzhu/pingfang-yard-jisuanqi/
construction	stair-calculator	https://tooldone.com/construction/stair-calculator/	https://tooldone.com/zh/jianzhu/louti-jisuanqi/
construction	stair-carpet-calculator	https://tooldone.com/construction/stair-carpet-calculator/	https://tooldone.com/zh/jianzhu/louti-ditan-jisuanqi/
construction	steel-plate-weight-calculator	https://tooldone.com/construction/steel-plate-weight-calculator/	https://tooldone.com/zh/jianzhu/gangban-zhongliang-jisuanqi/
construction	steel-weight-calculator	https://tooldone.com/construction/steel-weight-calculator/	https://tooldone.com/zh/jianzhu/gangtie-zhongliang-jisuanqi/
construction	stone-weight-calculator	https://tooldone.com/construction/stone-weight-calculator/	https://tooldone.com/zh/jianzhu/shicai-zhongliang-jisuanqi/
construction	tank-volume-calculator	https://tooldone.com/construction/tank-volume-calculator/	https://tooldone.com/zh/jianzhu/shui-xiang-ti-ji-ji-suan-qi/
construction	taper-calculator	https://tooldone.com/construction/taper-calculator/	https://tooldone.com/zh/jianzhu/zhuixing-jisuanqi/
construction	thinset-calculator	https://tooldone.com/construction/thinset-calculator/	https://tooldone.com/zh/jianzhu/thinset-jisuanqi/
construction	thread-calculator	https://tooldone.com/construction/thread-calculator/	https://tooldone.com/zh/jianzhu/luosi-jisuanqi/
construction	thread-pitch-calculator	https://tooldone.com/construction/thread-pitch-calculator/	https://tooldone.com/zh/jianzhu/luowen-jiju-jisuanqi/
construction	tile-calculator	https://tooldone.com/construction/tile-calculator/	https://tooldone.com/zh/jianzhu/cizhuan-jisuanqi/
construction	tonnage-calculator	https://tooldone.com/construction/tonnage-calculator/	https://tooldone.com/zh/jianzhu/dunliang-jisuanqi/
construction	true-position-calculator	https://tooldone.com/construction/true-position-calculator/	https://tooldone.com/zh/jianzhu/zhenshi-weizhi-jisuanqi/
construction	trumps-wall-calculator	https://tooldone.com/construction/trumps-wall-calculator/	https://tooldone.com/zh/jianzhu/chuanpu-qiang-jisuanqi/
construction	vinyl-fence-calculator	https://tooldone.com/construction/vinyl-fence-calculator/	https://tooldone.com/zh/jianzhu/su-liao-wei-qiang-ji-suan-qi/
construction	vinyl-siding-calculator	https://tooldone.com/construction/vinyl-siding-calculator/	https://tooldone.com/zh/jianzhu/suxing-ban-caizhi-jisuanqi/
construction	wainscoting-calculator	https://tooldone.com/construction/wainscoting-calculator/	https://tooldone.com/zh/jianzhu/hujiangban-jisuanqi/
construction	wall-square-footage-calculator	https://tooldone.com/construction/wall-square-footage-calculator/	https://tooldone.com/zh/jianzhu/qiangmianji-jisuanqi/
construction	wallpaper-calculator	https://tooldone.com/construction/wallpaper-calculator/	https://tooldone.com/zh/jianzhu/qiangzhi-jisuanqi/
construction	welding-calculator	https://tooldone.com/construction/welding-calculator/	https://tooldone.com/zh/jianzhu/handian-jisuanqi/
construction	wood-beam-span-calculator	https://tooldone.com/construction/wood-beam-span-calculator/	https://tooldone.com/zh/jianzhu/muzhi-liang-kua-du-jisuanqi/
conversion	acreage-calculator	https://tooldone.com/conversion/acreage-calculator/	https://tooldone.com/zh/zhuanhuan/tudi-mianji-jisuanqi/
conversion	acres-to-hectares-converter	https://tooldone.com/conversion/acres-to-hectares-converter/	https://tooldone.com/zh/zhuanhuan/yingmu-gongqing-zhuanhuanqi/
conversion	acres-to-square-feet-converter	https://tooldone.com/conversion/acres-to-square-feet-converter/	https://tooldone.com/zh/zhuanhuan/yingmu-pingfang-yingchi-zhuanhuanqi/
conversion	angle-conversion-calculator	https://tooldone.com/conversion/angle-conversion-calculator/	https://tooldone.com/zh/zhuanhuan/jiao-du-zhuan-huan-ji-suan-qi/
conversion	angstrom-to-nm-converter	https://tooldone.com/conversion/angstrom-to-nm-converter/	https://tooldone.com/zh/zhuanhuan/angstrom-dao-na-mi-zhuan-huan-qi/
conversion	area-converter	https://tooldone.com/conversion/area-converter/	https://tooldone.com/zh/zhuanhuan/mianji-zhuanhuanqi/
conversion	ares-to-hectares-converter	https://tooldone.com/conversion/ares-to-hectares-converter/	https://tooldone.com/zh/zhuanhuan/gongmu-zhuan-huang-gongqing/
conversion	astronomical-unit-calculator	https://tooldone.com/conversion/astronomical-unit-calculator/	https://tooldone.com/zh/zhuanhuan/tianwen-danwei-jisuanqi/
conversion	atm-conversion	https://tooldone.com/conversion/atm-conversion/	https://tooldone.com/zh/zhuanhuan/atm-zhuanhuan/
conversion	atm-to-pascals-conversion	https://tooldone.com/conversion/atm-to-pascals-conversion/	https://tooldone.com/zh/zhuanhuan/daqi-zhuan-pasika-er/
conversion	bar-to-atm-conversion	https://tooldone.com/conversion/bar-to-atm-conversion/	https://tooldone.com/zh/zhuanhuan/bar-atm-zhuanhuan/
conversion	bar-to-psi-conversion	https://tooldone.com/conversion/bar-to-psi-conversion/	https://tooldone.com/zh/zhuanhuan/bar-zhuan-psi-zhuanhuanqi/
conversion	bar-to-psig-converter	https://tooldone.com/conversion/bar-to-psig-converter/	https://tooldone.com/zh/zhuanhuan/bar-zhuan-psig-gongju/
conversion	barometric-pressure-conversion	https://tooldone.com/conversion/barometric-pressure-conversion/	https://tooldone.com/zh/zhuanhuan/qiyabiao-yali-zhuanhuanqi/
conversion	billion-to-trillion-converter	https://tooldone.com/conversion/billion-to-trillion-converter/	https://tooldone.com/zh/zhuanhuan/yi-dao-wan-yi-zhuan-huan-qi/
conversion	binary-converter	https://tooldone.com/conversion/binary-converter/	https://tooldone.com/zh/zhuanhuan/erjinzhi-shuzhi-zhuanhuanqi/
conversion	binary-to-hexadecimal-converter	https://tooldone.com/conversion/binary-to-hexadecimal-converter/	https://tooldone.com/zh/zhuanhuan/erjinzhi-shiliujinzhi-zhuanhuanqi/
conversion	binary-to-octal-converter	https://tooldone.com/conversion/binary-to-octal-converter/	https://tooldone.com/zh/zhuanhuan/erjinzhi-zhuan-bajinzhi/
conversion	byte-conversion-calculator	https://tooldone.com/conversion/byte-conversion-calculator/	https://tooldone.com/zh/zhuanhuan/zijie-zhuanhuan-jisuanqi/
conversion	capacitance-converter	https://tooldone.com/conversion/capacitance-converter/	https://tooldone.com/zh/zhuanhuan/dianrong-zhuanhuan-qi/
conversion	cc-to-grams-converter	https://tooldone.com/conversion/cc-to-grams-converter/	https://tooldone.com/zh/zhuanhuan/cc-ke-ke-converter/
conversion	cc-to-liter-converter	https://tooldone.com/conversion/cc-to-liter-converter/	https://tooldone.com/zh/zhuanhuan/cc-sheng-zhuanhuanqi/
conversion	cc-to-ml-converter	https://tooldone.com/conversion/cc-to-ml-converter/	https://tooldone.com/zh/zhuanhuan/cc-ml-zhuanhuanqi/
conversion	cc-to-oz-converter	https://tooldone.com/conversion/cc-to-oz-converter/	https://tooldone.com/zh/zhuanhuan/cc-ounce-zhuanhuanqi/
conversion	ccf-to-gallons-conversion	https://tooldone.com/conversion/ccf-to-gallons-conversion/	https://tooldone.com/zh/zhuanhuan/ccf-zhuan-gallon-zhuanhuanqi/
conversion	ccf-to-therms-calculator	https://tooldone.com/conversion/ccf-to-therms-calculator/	https://tooldone.com/zh/zhuanhuan/ccf-zhuan-therms-jisuanqi/
conversion	celsius-converter	https://tooldone.com/conversion/celsius-converter/	https://tooldone.com/zh/zhuanhuan/sheshi-duli-zhuanhuanqi/
conversion	celsius-to-fahrenheit-converter	https://tooldone.com/conversion/celsius-to-fahrenheit-converter/	https://tooldone.com/zh/zhuanhuan/sheshi-hua-fahrenheite-zhuanhuanqi/
conversion	cent-to-square-meter-converter	https://tooldone.com/conversion/cent-to-square-meter-converter/	https://tooldone.com/zh/zhuanhuan/cent-zhuan-huan-cheng-pingfang-mi/
conversion	centigrade-to-celsius-converter	https://tooldone.com/conversion/centigrade-to-celsius-converter/	https://tooldone.com/zh/zhuanhuan/sheshi-hua-sheshi-zhuanhuanqi/
conversion	centimeter-calculator	https://tooldone.com/conversion/centimeter-calculator/	https://tooldone.com/zh/zhuanhuan/limi-jisuanqi/
conversion	cents-to-dollars-calculator	https://tooldone.com/conversion/cents-to-dollars-calculator/	https://tooldone.com/zh/zhuanhuan/fen-qian-huan-mei-yuan-jisuanqi/
conversion	cgs-system-of-units-converter	https://tooldone.com/conversion/cgs-system-of-units-converter/	https://tooldone.com/zh/zhuanhuan/cgs-dan-wei-zhi-zhuan-huan-qi/
conversion	cm-height-conversion-calculator	https://tooldone.com/conversion/cm-height-conversion-calculator/	https://tooldone.com/zh/zhuanhuan/limi-gaodu-zhuanhuan-jisuanqi/
conversion	cm-to-ft-in-converter	https://tooldone.com/conversion/cm-to-ft-in-converter/	https://tooldone.com/zh/zhuanhuan/limi-zhuan-huan-qi/
conversion	cm-to-in-converter	https://tooldone.com/conversion/cm-to-in-converter/	https://tooldone.com/zh/zhuanhuan/limi-zhuan-huan-qi-limi/
conversion	cm-to-km-conversion	https://tooldone.com/conversion/cm-to-km-conversion/	https://tooldone.com/zh/zhuanhuan/limi-qianmi-zhuanhuan/
conversion	cm-to-m-converter	https://tooldone.com/conversion/cm-to-m-converter/	https://tooldone.com/zh/zhuanhuan/limi-zhuan-huan-qi-limi/
conversion	cm-to-mm-converter	https://tooldone.com/conversion/cm-to-mm-converter/	https://tooldone.com/zh/zhuanhuan/limi-zhuanhuan-qi/
conversion	conversion-calculator	https://tooldone.com/conversion/conversion-calculator/	https://tooldone.com/zh/zhuanhuan/dan-wei-zhuan-huan-ji-suan-qi/
conversion	convertisseur-de-litres-en-grammes-conversion-de-grammes-en-litres	https://tooldone.com/conversion/convertisseur-de-litres-en-grammes-conversion-de-grammes-en-litres/	https://tooldone.com/zh/zhuanhuan/sheng-ke-zhuanhuanqi/
conversion	coordinates-converter	https://tooldone.com/conversion/coordinates-converter/	https://tooldone.com/zh/zhuanhuan/zuobiao-zhuanhuanqi/
conversion	cps-calculator	https://tooldone.com/conversion/cps-calculator/	https://tooldone.com/zh/zhuanhuan/cps-jisuanqi/
conversion	crore-to-lakh-converter	https://tooldone.com/conversion/crore-to-lakh-converter/	https://tooldone.com/zh/zhuanhuan/krore-zhuan-lakh-zhuanhuanqi/
conversion	crore-to-million-converter	https://tooldone.com/conversion/crore-to-million-converter/	https://tooldone.com/zh/zhuanhuan/kror-wan-zhuanhuanqi/
conversion	cubic-feet-calculator	https://tooldone.com/conversion/cubic-feet-calculator/	https://tooldone.com/zh/zhuanhuan/lifang-yingchi-jisuanqi/
conversion	cubic-feet-to-cubic-meters-converter	https://tooldone.com/conversion/cubic-feet-to-cubic-meters-converter/	https://tooldone.com/zh/zhuanhuan/lifang-yingchi-zhuan-lifangmi-jisuanqi/
conversion	cubic-feet-to-gallons-converter	https://tooldone.com/conversion/cubic-feet-to-gallons-converter/	https://tooldone.com/zh/zhuanhuan/lifang-yingchi-gallon-zhuanhuanqi/
conversion	cubic-feet-to-pounds-calculator	https://tooldone.com/conversion/cubic-feet-to-pounds-calculator/	https://tooldone.com/zh/zhuanhuan/lifang-yingchi-bang-jisuanqi/
conversion	cubic-inches-to-gallons-converter	https://tooldone.com/conversion/cubic-inches-to-gallons-converter/	https://tooldone.com/zh/zhuanhuan/lifang-yingcun-gallon-zhuanhuanqi/
conversion	cubic-meter-calculator	https://tooldone.com/conversion/cubic-meter-calculator/	https://tooldone.com/zh/zhuanhuan/lifang-mi-jisuanqi/
conversion	cubic-meter-to-ton-converter	https://tooldone.com/conversion/cubic-meter-to-ton-converter/	https://tooldone.com/zh/zhuanhuan/lifang-mi-zhuan-huan-qi/
conversion	cubic-yards-to-tons-calculator	https://tooldone.com/conversion/cubic-yards-to-tons-calculator/	https://tooldone.com/zh/zhuanhuan/lifang-yingchi-dun-jisuanqi/
conversion	cups-to-gallons-converter	https://tooldone.com/conversion/cups-to-gallons-converter/	https://tooldone.com/zh/zhuanhuan/beizi-hua-jialun-zhuanhuanqi/
conversion	cups-to-oz-converter	https://tooldone.com/conversion/cups-to-oz-converter/	https://tooldone.com/zh/zhuanhuan/beizi-dao-angsi-zhuanhuanqi/
conversion	cups-to-pints-converter	https://tooldone.com/conversion/cups-to-pints-converter/	https://tooldone.com/zh/zhuanhuan/beizi-dao-pint-zhuanhuanqi/
conversion	cups-to-quarts-converter	https://tooldone.com/conversion/cups-to-quarts-converter/	https://tooldone.com/zh/zhuanhuan/beizi-zhuan-huan-kuatu/
conversion	day-converter	https://tooldone.com/conversion/day-converter/	https://tooldone.com/zh/zhuanhuan/tian-shu-zhuan-huan-qi/
conversion	days-to-months-calculator	https://tooldone.com/conversion/days-to-months-calculator/	https://tooldone.com/zh/zhuanhuan/tian-shu-yue-shu-jisuanqi/
conversion	days-to-weeks-calculator	https://tooldone.com/conversion/days-to-weeks-calculator/	https://tooldone.com/zh/zhuanhuan/tian-dao-zhou-jisuanqi/
conversion	days-to-years-calculator	https://tooldone.com/conversion/days-to-years-calculator/	https://tooldone.com/zh/zhuanhuan/tian-shu-zhuan-hua-nian-shu/
conversion	dbm-to-watts-calculator	https://tooldone.com/conversion/dbm-to-watts-calculator/	https://tooldone.com/zh/zhuanhuan/dbm-dao-wate-jisuanqi/
conversion	decagram-to-gram-converter	https://tooldone.com/conversion/decagram-to-gram-converter/	https://tooldone.com/zh/zhuanhuan/dag-to-gram-converter/
conversion	decimal-to-hexadecimal-converter	https://tooldone.com/conversion/decimal-to-hexadecimal-converter/	https://tooldone.com/zh/zhuanhuan/shijinzhi-shiliujinzhi-zhuanhuanqi/
conversion	decimal-to-octal-converter	https://tooldone.com/conversion/decimal-to-octal-converter/	https://tooldone.com/zh/zhuanhuan/shijinzhi-zhuan-bajinzhi/
conversion	decimeter-to-meter-converter	https://tooldone.com/conversion/decimeter-to-meter-converter/	https://tooldone.com/zh/zhuanhuan/fenmi-zhuan-mi-qi/
conversion	degrees-minutes-seconds-calculator	https://tooldone.com/conversion/degrees-minutes-seconds-calculator/	https://tooldone.com/zh/zhuanhuan/du-fen-miao-jisuanqi/
conversion	degrees-to-minutes-converter	https://tooldone.com/conversion/degrees-to-minutes-converter/	https://tooldone.com/zh/zhuanhuan/du-fen-zhuan-huan-qi/
conversion	degrees-to-radians-converter	https://tooldone.com/conversion/degrees-to-radians-converter/	https://tooldone.com/zh/zhuanhuan/du-fen-zhuan-huan-qi-du/
conversion	degrees-to-seconds-converter	https://tooldone.com/conversion/degrees-to-seconds-converter/	https://tooldone.com/zh/zhuanhuan/du-miao-zhuan-huan-qi/
conversion	density-conversion	https://tooldone.com/conversion/density-conversion/	https://tooldone.com/zh/zhuanhuan/midu-zhuanhuanqi/
conversion	dimensional-analysis-calculator	https://tooldone.com/conversion/dimensional-analysis-calculator/	https://tooldone.com/zh/zhuanhuan/weidu-fenxi-jisuanqi/
conversion	dimes-to-dollars-calculator	https://tooldone.com/conversion/dimes-to-dollars-calculator/	https://tooldone.com/zh/zhuanhuan/yi-jiao-huan-mei-yuan-jisuanqi/
conversion	distance-converter	https://tooldone.com/conversion/distance-converter/	https://tooldone.com/zh/zhuanhuan/juli-zhuanhuanqi/
conversion	dm-converter	https://tooldone.com/conversion/dm-converter/	https://tooldone.com/zh/zhuanhuan/dm-zhuanhuanqi/
conversion	drops-to-ml-conversion	https://tooldone.com/conversion/drops-to-ml-conversion/	https://tooldone.com/zh/zhuanhuan/di-shui-zhuan-huan-qi/
conversion	energy-conversion-calculator	https://tooldone.com/conversion/energy-conversion-calculator/	https://tooldone.com/zh/zhuanhuan/nengliang-zhuanhuan-jisuanqi/
conversion	fahrenheit-converter	https://tooldone.com/conversion/fahrenheit-converter/	https://tooldone.com/zh/zhuanhuan/huashidu-zhuanhuanqi/
conversion	fahrenheit-to-celsius-converter	https://tooldone.com/conversion/fahrenheit-to-celsius-converter/	https://tooldone.com/zh/zhuanhuan/huashen-dao-sheshi-du-zhuanhuanqi/
conversion	feet-and-inches-calculator	https://tooldone.com/conversion/feet-and-inches-calculator/	https://tooldone.com/zh/zhuanhuan/yingchi-jisuanqi/
conversion	feet-converter	https://tooldone.com/conversion/feet-converter/	https://tooldone.com/zh/zhuanhuan/yingchi-zhuanhuanqi/
conversion	feet-to-miles-converter	https://tooldone.com/conversion/feet-to-miles-converter/	https://tooldone.com/zh/zhuanhuan/feet-zhuan-huan-cheng-mile/
conversion	feet-to-yards-conversion	https://tooldone.com/conversion/feet-to-yards-conversion/	https://tooldone.com/zh/zhuanhuan/yingchi-zhuan-hua-qi/
conversion	fluid-ounces-to-pounds-conversion	https://tooldone.com/conversion/fluid-ounces-to-pounds-conversion/	https://tooldone.com/zh/zhuanhuan/ye-ti-ang-si-zhuan-huan-qi/
conversion	foot-to-centimeter-converter	https://tooldone.com/conversion/foot-to-centimeter-converter/	https://tooldone.com/zh/zhuanhuan/foot-zhuan-huan-cheng-centimeter/
conversion	force-converter	https://tooldone.com/conversion/force-converter/	https://tooldone.com/zh/zhuanhuan/li-danwei-zhuanhuanqi/
conversion	ft-to-m-converter	https://tooldone.com/conversion/ft-to-m-converter/	https://tooldone.com/zh/zhuanhuan/yingchi-zhuan-miqi/
conversion	g-to-lbs-converter	https://tooldone.com/conversion/g-to-lbs-converter/	https://tooldone.com/zh/zhuanhuan/ke-zhuan-bang-jisuan-qi/
conversion	g-to-tsp-converter	https://tooldone.com/conversion/g-to-tsp-converter/	https://tooldone.com/zh/zhuanhuan/ke-dao-cha-chi-huan-suan-qi/
conversion	gaj-to-square-yard-converter	https://tooldone.com/conversion/gaj-to-square-yard-converter/	https://tooldone.com/zh/zhuanhuan/gaj-pingfang-yingma-zhuan-hua-qi/
conversion	gal-to-kg-converter	https://tooldone.com/conversion/gal-to-kg-converter/	https://tooldone.com/zh/zhuanhuan/jia-lun-ke-qian-ke-converter/
conversion	gallon-calculator	https://tooldone.com/conversion/gallon-calculator/	https://tooldone.com/zh/zhuanhuan/jia-lun-jisuanqi/
conversion	gallons-to-cubic-feet-converter	https://tooldone.com/conversion/gallons-to-cubic-feet-converter/	https://tooldone.com/zh/zhuanhuan/jialun-lifang-yingchi-zhuanhuanqi/
conversion	gallons-to-cups-converter	https://tooldone.com/conversion/gallons-to-cups-converter/	https://tooldone.com/zh/zhuanhuan/jialun-bei-zhuanhuanqi/
conversion	gallons-to-grams-conversion	https://tooldone.com/conversion/gallons-to-grams-conversion/	https://tooldone.com/zh/zhuanhuan/jia-lun-ke-ke-converter/
conversion	gallons-to-pints-converter	https://tooldone.com/conversion/gallons-to-pints-converter/	https://tooldone.com/zh/zhuanhuan/jia-lun-dao-pin-te-zhuan-huan-qi/
conversion	gallons-to-pounds-converter	https://tooldone.com/conversion/gallons-to-pounds-converter/	https://tooldone.com/zh/zhuanhuan/jia-lun-zhuan-pound-zhuanhuanqi/
conversion	gallons-to-quarts-converter	https://tooldone.com/conversion/gallons-to-quarts-converter/	https://tooldone.com/zh/zhuanhuan/jia-lun-dao-kua-te-zhuan-huan-qi/
conversion	gallons-to-tons-converter	https://tooldone.com/conversion/gallons-to-tons-converter/	https://tooldone.com/zh/zhuanhuan/jialun-dun-zhuanhuanqi/
conversion	gr-to-ml-converter	https://tooldone.com/conversion/gr-to-ml-converter/	https://tooldone.com/zh/zhuanhuan/ke-dao-milliliter-zhuanhuanqi/
conversion	gram-to-liter-conversion	https://tooldone.com/conversion/gram-to-liter-conversion/	https://tooldone.com/zh/zhuanhuan/ke-dao-sheng-zhuanhuanqi/
conversion	grams-in-ml-converter	https://tooldone.com/conversion/grams-in-ml-converter/	https://tooldone.com/zh/zhuanhuan/ke-ml-zhuanhuanqi/
conversion	grams-to-calories-calculator	https://tooldone.com/conversion/grams-to-calories-calculator/	https://tooldone.com/zh/zhuanhuan/ke-zhuan-hua-ji-suan-qi/
conversion	grams-to-fl-oz-converter	https://tooldone.com/conversion/grams-to-fl-oz-converter/	https://tooldone.com/zh/zhuanhuan/ke-dao-fluid-ounces-zhuanhuanqi/
conversion	grams-to-ounces-calculator	https://tooldone.com/conversion/grams-to-ounces-calculator/	https://tooldone.com/zh/zhuanhuan/ke-zhuan-angs-keliang-qi/
conversion	hardness-conversion-calculator	https://tooldone.com/conversion/hardness-conversion-calculator/	https://tooldone.com/zh/zhuanhuan/yingdu-zhuanhuan-jisuanqi/
conversion	hectares-to-acres-converter	https://tooldone.com/conversion/hectares-to-acres-converter/	https://tooldone.com/zh/zhuanhuan/gongqing-zhuan-yingmu-jisuanqi/
conversion	height-converter	https://tooldone.com/conversion/height-converter/	https://tooldone.com/zh/zhuanhuan/gaodu-zhuanhuan-qi/
conversion	height-in-inches-calculator	https://tooldone.com/conversion/height-in-inches-calculator/	https://tooldone.com/zh/zhuanhuan/shengao-yingcun-jisuanqi/
conversion	hour-converter	https://tooldone.com/conversion/hour-converter/	https://tooldone.com/zh/zhuanhuan/xiaoshi-zhuanhuanqi/
conversion	hours-to-days-calculator	https://tooldone.com/conversion/hours-to-days-calculator/	https://tooldone.com/zh/zhuanhuan/xiaoshi-zhuan-tian-jisuanqi/
conversion	hours-to-minutes-converter	https://tooldone.com/conversion/hours-to-minutes-converter/	https://tooldone.com/zh/zhuanhuan/xiaoshi-zhuanhuan-wei-fenzhong/
conversion	hours-to-seconds-converter	https://tooldone.com/conversion/hours-to-seconds-converter/	https://tooldone.com/zh/zhuanhuan/xiaoshi-zhuan-hua-miao/
conversion	hours-to-week-conversion	https://tooldone.com/conversion/hours-to-week-conversion/	https://tooldone.com/zh/zhuanhuan/xiaoshi-dao-zhou-zhuanhuan/
conversion	hours-to-years-converter	https://tooldone.com/conversion/hours-to-years-converter/	https://tooldone.com/zh/zhuanhuan/xiaoshi-zhuan-nian-jisuanqi/
conversion	imperial-calculator	https://tooldone.com/conversion/imperial-calculator/	https://tooldone.com/zh/zhuanhuan/yingzhi-danwei-zhuanhuanqi/
conversion	imperial-to-metric-conversion	https://tooldone.com/conversion/imperial-to-metric-conversion/	https://tooldone.com/zh/zhuanhuan/diyingzhi-zhuan-migongzhi/
conversion	in-to-cm-converter	https://tooldone.com/conversion/in-to-cm-converter/	https://tooldone.com/zh/zhuanhuan/yingcun-zhuan-limimi-zhuanhuanqi/
conversion	inch-converter	https://tooldone.com/conversion/inch-converter/	https://tooldone.com/zh/zhuanhuan/yingcun-zhuanhuanqi/
conversion	inch-lbs-to-nm-converter	https://tooldone.com/conversion/inch-lbs-to-nm-converter/	https://tooldone.com/zh/zhuanhuan/yingcun-bang-newton-mi-zhuanhuanqi/
conversion	inch-pounds-to-foot-pounds-converter	https://tooldone.com/conversion/inch-pounds-to-foot-pounds-converter/	https://tooldone.com/zh/zhuanhuan/yingcun-bang-chi-bang-zhuanhuanqi/
conversion	inch-to-meter-calculator	https://tooldone.com/conversion/inch-to-meter-calculator/	https://tooldone.com/zh/zhuanhuan/yingcun-zhuan-huangmi-jisuanqi/
conversion	inches-to-fraction-calculator	https://tooldone.com/conversion/inches-to-fraction-calculator/	https://tooldone.com/zh/zhuanhuan/yingcun-fenshu-jisuanqi/
conversion	inches-to-yard-conversion	https://tooldone.com/conversion/inches-to-yard-conversion/	https://tooldone.com/zh/zhuanhuan/yingcun-ma-chuanhuan/
conversion	joules-to-volts-calculator	https://tooldone.com/conversion/joules-to-volts-calculator/	https://tooldone.com/zh/zhuanhuan/jiaoer-fute-jisuanqi/
conversion	katha-to-square-feet-converter	https://tooldone.com/conversion/katha-to-square-feet-converter/	https://tooldone.com/zh/zhuanhuan/katha-dao-pingfang-yingchi-zhuanhuanqi/
conversion	kb-to-mb-converter	https://tooldone.com/conversion/kb-to-mb-converter/	https://tooldone.com/zh/zhuanhuan/kb-zhuan-mb-jisuanqi/
conversion	kelvin-converter	https://tooldone.com/conversion/kelvin-converter/	https://tooldone.com/zh/zhuanhuan/kelvin-zhuanhuanqi/
conversion	kelvin-to-celsius-converter	https://tooldone.com/conversion/kelvin-to-celsius-converter/	https://tooldone.com/zh/zhuanhuan/kaerwen-dao-sheshi-du-zhuanhuanqi/
conversion	kelvin-to-fahrenheit-converter	https://tooldone.com/conversion/kelvin-to-fahrenheit-converter/	https://tooldone.com/zh/zhuanhuan/kelvin-hua-fahrenheit-zhuanhuanqi/
conversion	kg-cm-to-psi-converter	https://tooldone.com/conversion/kg-cm-to-psi-converter/	https://tooldone.com/zh/zhuanhuan/kg-cm-zhuan-psi-gongju/
conversion	kg-to-gallons-converter	https://tooldone.com/conversion/kg-to-gallons-converter/	https://tooldone.com/zh/zhuanhuan/qian-ke-zhuan-jia-lun-qi/
conversion	kg-to-lbs-converter	https://tooldone.com/conversion/kg-to-lbs-converter/	https://tooldone.com/zh/zhuanhuan/qianke-bang-jin-zhuanhuanqi/
conversion	kg-to-liter-converter	https://tooldone.com/conversion/kg-to-liter-converter/	https://tooldone.com/zh/zhuanhuan/qianke-sheng-zhuanhuanqi/
conversion	kg-to-ml-converter	https://tooldone.com/conversion/kg-to-ml-converter/	https://tooldone.com/zh/zhuanhuan/qian-ke-dao-hao-sheng-zhuan-huan-qi/
conversion	kg-to-ounce-converter	https://tooldone.com/conversion/kg-to-ounce-converter/	https://tooldone.com/zh/zhuanhuan/qianke-dao-angsi-zhuanhuanqi/
conversion	kg-to-stones-converter	https://tooldone.com/conversion/kg-to-stones-converter/	https://tooldone.com/zh/zhuanhuan/qianke-zhuan-huan-qi/
conversion	kilometer-calculator	https://tooldone.com/conversion/kilometer-calculator/	https://tooldone.com/zh/zhuanhuan/gongli-jisuanqi/
conversion	kilometer-to-meter-converter	https://tooldone.com/conversion/kilometer-to-meter-converter/	https://tooldone.com/zh/zhuanhuan/gongli-mi-zhuanhuanqi/
conversion	kilometers-to-miles-calculator	https://tooldone.com/conversion/kilometers-to-miles-calculator/	https://tooldone.com/zh/zhuanhuan/gongli-yingli-jisuanqi/
conversion	km-to-feet-conversion	https://tooldone.com/conversion/km-to-feet-conversion/	https://tooldone.com/zh/zhuanhuan/gongli-yingchi-zhuanhuanqi/
conversion	knots-to-kph-converter	https://tooldone.com/conversion/knots-to-kph-converter/	https://tooldone.com/zh/zhuanhuan/jiedian-zhuan-km-xiaoshi-jisuanqi/
conversion	knots-to-mph-converter	https://tooldone.com/conversion/knots-to-mph-converter/	https://tooldone.com/zh/zhuanhuan/jielu-mph-zhuanhuanqi/
conversion	kpa-converter	https://tooldone.com/conversion/kpa-converter/	https://tooldone.com/zh/zhuanhuan/kpa-zhuanhuanqi/
conversion	kpa-to-atm-conversion	https://tooldone.com/conversion/kpa-to-atm-conversion/	https://tooldone.com/zh/zhuanhuan/kpa-zhuan-atm/
conversion	kpa-to-mmhg-conversion	https://tooldone.com/conversion/kpa-to-mmhg-conversion/	https://tooldone.com/zh/zhuanhuan/kpa-zhuan-mmhg/
conversion	kpa-to-psi-conversion	https://tooldone.com/conversion/kpa-to-psi-conversion/	https://tooldone.com/zh/zhuanhuan/kpa-zhuan-psi-zhuanhuanqi/
conversion	ksi-to-mpa-converter	https://tooldone.com/conversion/ksi-to-mpa-converter/	https://tooldone.com/zh/zhuanhuan/ksi-zhuan-mpa/
conversion	ksi-to-psi-conversion	https://tooldone.com/conversion/ksi-to-psi-conversion/	https://tooldone.com/zh/zhuanhuan/ksi-zhuan-psi-zhuanhuanqi/
conversion	l-to-gal-converter	https://tooldone.com/conversion/l-to-gal-converter/	https://tooldone.com/zh/zhuanhuan/sheng-jialun-zhuanhuan-qi/
conversion	land-area-calculator	https://tooldone.com/conversion/land-area-calculator/	https://tooldone.com/zh/zhuanhuan/tudi-mianji-jisuanqi-tudi/
conversion	lat-long-to-utm-converter	https://tooldone.com/conversion/lat-long-to-utm-converter/	https://tooldone.com/zh/zhuanhuan/jingweidu-utm-zhuanhuanqi/
conversion	lbs-to-g-converter	https://tooldone.com/conversion/lbs-to-g-converter/	https://tooldone.com/zh/zhuanhuan/bang-ke-ke-zhuan-huan-qi/
conversion	lbs-to-kg-converter	https://tooldone.com/conversion/lbs-to-kg-converter/	https://tooldone.com/zh/zhuanhuan/bang-dao-qianke-zhuanhuanqi/
conversion	lbs-to-newtons-converter	https://tooldone.com/conversion/lbs-to-newtons-converter/	https://tooldone.com/zh/zhuanhuan/bang-niudun-zhuanhuanqi/
conversion	lbs-to-pounds-converter	https://tooldone.com/conversion/lbs-to-pounds-converter/	https://tooldone.com/zh/zhuanhuan/bang-dan-paund-zhuanhuanqi/
conversion	lbs-to-psi-converter	https://tooldone.com/conversion/lbs-to-psi-converter/	https://tooldone.com/zh/zhuanhuan/bang-dao-psi-zhuanhuanqi/
conversion	lbs-to-stone-converter	https://tooldone.com/conversion/lbs-to-stone-converter/	https://tooldone.com/zh/zhuanhuan/bang-dan-shi-tou-zhuan-huan-qi/
conversion	length-converter	https://tooldone.com/conversion/length-converter/	https://tooldone.com/zh/zhuanhuan/changdu-zhuanhuan-qi/
conversion	light-year-conversion	https://tooldone.com/conversion/light-year-conversion/	https://tooldone.com/zh/zhuanhuan/guangnian-zhuanhuan/
conversion	liter-to-cc-converter	https://tooldone.com/conversion/liter-to-cc-converter/	https://tooldone.com/zh/zhuanhuan/sheng-cc-zhuanhuanqi/
conversion	liters-to-centiliters-converter	https://tooldone.com/conversion/liters-to-centiliters-converter/	https://tooldone.com/zh/zhuanhuan/sheng-hao-sheng-zhuan-huan-qi/
conversion	liters-to-pounds-calculator	https://tooldone.com/conversion/liters-to-pounds-calculator/	https://tooldone.com/zh/zhuanhuan/sheng-bang-zhuanhuan-qi/
conversion	lot-size-to-acres-calculator	https://tooldone.com/conversion/lot-size-to-acres-calculator/	https://tooldone.com/zh/zhuanhuan/dikuai-mianji-zhuan-yingmu-jisuanqi/
conversion	lot-size-to-square-feet-calculator	https://tooldone.com/conversion/lot-size-to-square-feet-calculator/	https://tooldone.com/zh/zhuanhuan/dikuai-daxiao-zhuan-huan-pingfang-yingchi-jisuanqi/
conversion	m-s-to-km-h-converter	https://tooldone.com/conversion/m-s-to-km-h-converter/	https://tooldone.com/zh/zhuanhuan/m-s-zhuan-km-h-jisuanqi/
conversion	m-to-ft-converter	https://tooldone.com/conversion/m-to-ft-converter/	https://tooldone.com/zh/zhuanhuan/mi-dao-yingchi-zhuanhuanqi/
conversion	mb-to-gb-converter	https://tooldone.com/conversion/mb-to-gb-converter/	https://tooldone.com/zh/zhuanhuan/mb-gb-zhuanhuanqi/
conversion	mbps-calculator	https://tooldone.com/conversion/mbps-calculator/	https://tooldone.com/zh/zhuanhuan/mbps-jisuanqi/
conversion	mbps-to-gbps-converter	https://tooldone.com/conversion/mbps-to-gbps-converter/	https://tooldone.com/zh/zhuanhuan/mbps-zhuan-gbps/
conversion	mcg-to-mg-converter	https://tooldone.com/conversion/mcg-to-mg-converter/	https://tooldone.com/zh/zhuanhuan/weike-zhuan-huan-qi/
conversion	mcg-to-ml-conversion	https://tooldone.com/conversion/mcg-to-ml-conversion/	https://tooldone.com/zh/zhuanhuan/weike-hao-sheng-donhuan/
conversion	measurement-converter	https://tooldone.com/conversion/measurement-converter/	https://tooldone.com/zh/zhuanhuan/celiang-zhuanhuanqi/
conversion	mesh-to-micron-converter	https://tooldone.com/conversion/mesh-to-micron-converter/	https://tooldone.com/zh/zhuanhuan/muwang-mikeli-zhuanhuanqi/
conversion	meter-converter	https://tooldone.com/conversion/meter-converter/	https://tooldone.com/zh/zhuanhuan/mi-zhuanhuanqi/
conversion	meter-to-mile-converter	https://tooldone.com/conversion/meter-to-mile-converter/	https://tooldone.com/zh/zhuanhuan/mi-yingli-zhuanhuanqi/
conversion	meters-to-feet-converter	https://tooldone.com/conversion/meters-to-feet-converter/	https://tooldone.com/zh/zhuanhuan/mi-zhuan-huan-qi/
conversion	metric-converter	https://tooldone.com/conversion/metric-converter/	https://tooldone.com/zh/zhuanhuan/gongzhi-zhuanhuanqi/
conversion	metric-to-imperial-converter	https://tooldone.com/conversion/metric-to-imperial-converter/	https://tooldone.com/zh/zhuanhuan/gongzhi-danwei-zhuanhuanqi/
conversion	metric-to-inches-calculator	https://tooldone.com/conversion/metric-to-inches-calculator/	https://tooldone.com/zh/zhuanhuan/gongzhi-inch-jisuanqi/
conversion	metric-to-sae-calculator	https://tooldone.com/conversion/metric-to-sae-calculator/	https://tooldone.com/zh/zhuanhuan/gongzhi-zhuan-sae-jisuanqi/
conversion	metric-to-standard-converter	https://tooldone.com/conversion/metric-to-standard-converter/	https://tooldone.com/zh/zhuanhuan/gongzhi-zhuan-biaozhun/
conversion	mg-to-cc-conversion	https://tooldone.com/conversion/mg-to-cc-conversion/	https://tooldone.com/zh/zhuanhuan/haoke-zhuanhuan-cc/
conversion	mg-to-lbs-converter	https://tooldone.com/conversion/mg-to-lbs-converter/	https://tooldone.com/zh/zhuanhuan/haoke-zhuan-huan-qi/
conversion	mg-to-ml-calculator	https://tooldone.com/conversion/mg-to-ml-calculator/	https://tooldone.com/zh/zhuanhuan/haoke-zhuan-hao-sheng-keliang-qi/
conversion	mg-to-tablespoon-converter	https://tooldone.com/conversion/mg-to-tablespoon-converter/	https://tooldone.com/zh/zhuanhuan/haoke-zhuan-huan-qi-haoke/
conversion	mg-to-teaspoon-converter	https://tooldone.com/conversion/mg-to-teaspoon-converter/	https://tooldone.com/zh/zhuanhuan/haoke-zhuan-chashao/
conversion	micrometer-converter	https://tooldone.com/conversion/micrometer-converter/	https://tooldone.com/zh/zhuanhuan/weimi-zhuanhuanqi/
conversion	micron-to-mil-conversion-calculator	https://tooldone.com/conversion/micron-to-mil-conversion-calculator/	https://tooldone.com/zh/zhuanhuan/weimi-mi-er-zhuanhuan-qi/
conversion	mil-conversion	https://tooldone.com/conversion/mil-conversion/	https://tooldone.com/zh/zhuanhuan/miwei-huansuan/
conversion	mil-to-inch-conversion	https://tooldone.com/conversion/mil-to-inch-conversion/	https://tooldone.com/zh/zhuanhuan/mil-inch-zhuanhuan/
conversion	mil-to-mm-conversion	https://tooldone.com/conversion/mil-to-mm-conversion/	https://tooldone.com/zh/zhuanhuan/mil-dao-haomi-zhuanhuan/
conversion	mile-conversion-calculator	https://tooldone.com/conversion/mile-conversion-calculator/	https://tooldone.com/zh/zhuanhuan/yingli-zhuanhuan-qi/
conversion	military-time-converter	https://tooldone.com/conversion/military-time-converter/	https://tooldone.com/zh/zhuanhuan/junshi-shijian-zhuanhuanqi/
conversion	millimeter-calculator	https://tooldone.com/conversion/millimeter-calculator/	https://tooldone.com/zh/zhuanhuan/haomi-jisuanqi/
conversion	million-to-billion-converter	https://tooldone.com/conversion/million-to-billion-converter/	https://tooldone.com/zh/zhuanhuan/baiwan-yi-zhuanhuanqi/
conversion	million-to-lakh-converter	https://tooldone.com/conversion/million-to-lakh-converter/	https://tooldone.com/zh/zhuanhuan/baiwan-lakh-zhuanhuanqi/
conversion	million-to-thousand-converter	https://tooldone.com/conversion/million-to-thousand-converter/	https://tooldone.com/zh/zhuanhuan/baiwan-qian-zhuanhuanqi/
conversion	milliseconds-converter	https://tooldone.com/conversion/milliseconds-converter/	https://tooldone.com/zh/zhuanhuan/haomiao-zhuanhuanqi/
conversion	minute-converter	https://tooldone.com/conversion/minute-converter/	https://tooldone.com/zh/zhuanhuan/fenzhong-zhuanhuanqi/
conversion	minutes-to-days-calculator	https://tooldone.com/conversion/minutes-to-days-calculator/	https://tooldone.com/zh/zhuanhuan/fenzhong-zhuan-tian-jisuanqi/
conversion	minutes-to-decimal-calculator	https://tooldone.com/conversion/minutes-to-decimal-calculator/	https://tooldone.com/zh/zhuanhuan/fenzhong-zhuan-shijinzhi-jisuanqi/
conversion	minutes-to-hours-converter	https://tooldone.com/conversion/minutes-to-hours-converter/	https://tooldone.com/zh/zhuanhuan/fenzhong-zhuan-hua-xiaoshi/
conversion	minutes-to-seconds-converter	https://tooldone.com/conversion/minutes-to-seconds-converter/	https://tooldone.com/zh/zhuanhuan/fenzhong-zhuan-miaozhong/
conversion	minutes-to-years-conversion	https://tooldone.com/conversion/minutes-to-years-conversion/	https://tooldone.com/zh/zhuanhuan/fenzhong-zhuan-nian/
conversion	ml-to-cc-converter	https://tooldone.com/conversion/ml-to-cc-converter/	https://tooldone.com/zh/zhuanhuan/ml-zhuan-cc-gongju/
conversion	ml-to-cups-converter	https://tooldone.com/conversion/ml-to-cups-converter/	https://tooldone.com/zh/zhuanhuan/haosheng-beizi-zhuanhuanqi/
conversion	ml-to-kg-converter	https://tooldone.com/conversion/ml-to-kg-converter/	https://tooldone.com/zh/zhuanhuan/haosheng-zhuan-kg-gongju/
conversion	ml-to-lbs-conversion	https://tooldone.com/conversion/ml-to-lbs-conversion/	https://tooldone.com/zh/zhuanhuan/ml-dao-lbs-zhuanhuanqi/
conversion	ml-to-oz-converter	https://tooldone.com/conversion/ml-to-oz-converter/	https://tooldone.com/zh/zhuanhuan/haosheng-dao-angsi-zhuanhuanqi/
conversion	ml-to-tbsp-converter	https://tooldone.com/conversion/ml-to-tbsp-converter/	https://tooldone.com/zh/zhuanhuan/haosheng-tbsp-zhuanhuanqi/
conversion	ml-to-tsp-converter	https://tooldone.com/conversion/ml-to-tsp-converter/	https://tooldone.com/zh/zhuanhuan/hao-sheng-dao-cha-chi-huan-suan-qi/
conversion	ml-to-ul-conversion	https://tooldone.com/conversion/ml-to-ul-conversion/	https://tooldone.com/zh/zhuanhuan/haosheng-zhuan-huan-qi/
conversion	mm-calculator	https://tooldone.com/conversion/mm-calculator/	https://tooldone.com/zh/zhuanhuan/mm-jisuanqi/
conversion	mm-to-atm-converter	https://tooldone.com/conversion/mm-to-atm-converter/	https://tooldone.com/zh/zhuanhuan/haomi-gongqi-zhuanhuanqi/
conversion	mm-to-foot-converter	https://tooldone.com/conversion/mm-to-foot-converter/	https://tooldone.com/zh/zhuanhuan/haomi-zhuan-huan-qi/
conversion	mm-to-inches-conversion	https://tooldone.com/conversion/mm-to-inches-conversion/	https://tooldone.com/zh/zhuanhuan/haomi-dao-yingcun-zhuanhuan/
conversion	mm-to-km-conversion	https://tooldone.com/conversion/mm-to-km-conversion/	https://tooldone.com/zh/zhuanhuan/haomi-zhuan-qianmi/
conversion	mm-to-m-conversion	https://tooldone.com/conversion/mm-to-m-conversion/	https://tooldone.com/zh/zhuanhuan/haomi-zhuan-mi/
conversion	mmhg-to-atm-conversion	https://tooldone.com/conversion/mmhg-to-atm-conversion/	https://tooldone.com/zh/zhuanhuan/mmhg-zhuan-atm/
conversion	months-to-years-calculator	https://tooldone.com/conversion/months-to-years-calculator/	https://tooldone.com/zh/zhuanhuan/yue-fen-zhuan-nian-jisuanqi/
conversion	mpa-conversion	https://tooldone.com/conversion/mpa-conversion/	https://tooldone.com/zh/zhuanhuan/mpa-zhuanhuan/
conversion	mpa-to-psi-conversion	https://tooldone.com/conversion/mpa-to-psi-conversion/	https://tooldone.com/zh/zhuanhuan/mpa-zhuan-psi-zhuanhuanqi/
conversion	mpa-to-psig-conversion	https://tooldone.com/conversion/mpa-to-psig-conversion/	https://tooldone.com/zh/zhuanhuan/mpa-zhuan-psig-zhuanhuanqi/
conversion	mpg-to-l-100-km-converter	https://tooldone.com/conversion/mpg-to-l-100-km-converter/	https://tooldone.com/zh/zhuanhuan/mpg-zhuan-l-100-km-jisuanqi/
conversion	ms-to-seconds-converter	https://tooldone.com/conversion/ms-to-seconds-converter/	https://tooldone.com/zh/zhuanhuan/haomiao-miaozhong-zhuanhuanqi/
conversion	natural-gas-converter	https://tooldone.com/conversion/natural-gas-converter/	https://tooldone.com/zh/zhuanhuan/tianran-qi-zhuanhuanqi/
conversion	newton-meter-calculator	https://tooldone.com/conversion/newton-meter-calculator/	https://tooldone.com/zh/zhuanhuan/niudun-mi-jisuanqi/
conversion	nickels-to-dollars-calculator	https://tooldone.com/conversion/nickels-to-dollars-calculator/	https://tooldone.com/zh/zhuanhuan/meifen-zhuan-huan-qi/
conversion	nm-converter	https://tooldone.com/conversion/nm-converter/	https://tooldone.com/zh/zhuanhuan/naomi-zhuanhuanqi/
conversion	nm-to-ft-lbs-converter	https://tooldone.com/conversion/nm-to-ft-lbs-converter/	https://tooldone.com/zh/zhuanhuan/niudun-mi-foot-bang-zhuanhuanqi/
conversion	nm-to-in-lbs-converter	https://tooldone.com/conversion/nm-to-in-lbs-converter/	https://tooldone.com/zh/zhuanhuan/niudun-mi-dao-ying-cun-bang-zhuan-huan-qi/
conversion	nm-to-joules-calculator	https://tooldone.com/conversion/nm-to-joules-calculator/	https://tooldone.com/zh/zhuanhuan/niudun-mi-zhu-er-jisuanqi/
conversion	nm-to-m-converter	https://tooldone.com/conversion/nm-to-m-converter/	https://tooldone.com/zh/zhuanhuan/naomi-zhuan-huan-qi/
conversion	number-to-billion-converter	https://tooldone.com/conversion/number-to-billion-converter/	https://tooldone.com/zh/zhuanhuan/shuzi-yi-donhuanqi/
conversion	number-to-million-converter	https://tooldone.com/conversion/number-to-million-converter/	https://tooldone.com/zh/zhuanhuan/shuzi-baiwan-donhuanqi/
conversion	ounce-to-kg-converter	https://tooldone.com/conversion/ounce-to-kg-converter/	https://tooldone.com/zh/zhuanhuan/angsi-zhuan-qianke/
conversion	ounces-to-grams-converter	https://tooldone.com/conversion/ounces-to-grams-converter/	https://tooldone.com/zh/zhuanhuan/angsi-ke-ke-donhuan-qi/
conversion	ounces-to-milliliters-converter	https://tooldone.com/conversion/ounces-to-milliliters-converter/	https://tooldone.com/zh/zhuanhuan/ounce-zhuan-huan-cheng-milliliter/
conversion	ounces-to-pounds-converter	https://tooldone.com/conversion/ounces-to-pounds-converter/	https://tooldone.com/zh/zhuanhuan/angsi-bang-jin-zhuanhuanqi/
conversion	oz-to-cc-converter	https://tooldone.com/conversion/oz-to-cc-converter/	https://tooldone.com/zh/zhuanhuan/angsi-zhuan-cc-gongju/
conversion	oz-to-cups-converter	https://tooldone.com/conversion/oz-to-cups-converter/	https://tooldone.com/zh/zhuanhuan/angsi-beizi-zhuanhuanqi/
conversion	pa-to-psi-converter	https://tooldone.com/conversion/pa-to-psi-converter/	https://tooldone.com/zh/zhuanhuan/pa-psi-zhuanhuanqi/
conversion	paper-quantity-converter	https://tooldone.com/conversion/paper-quantity-converter/	https://tooldone.com/zh/zhuanhuan/zhizhang-shuliang-zhuanhuanqi/
conversion	pascal-conversion	https://tooldone.com/conversion/pascal-conversion/	https://tooldone.com/zh/zhuanhuan/pascal-zhuanhuan/
conversion	pennies-to-dollars-calculator	https://tooldone.com/conversion/pennies-to-dollars-calculator/	https://tooldone.com/zh/zhuanhuan/meifen-zhuan-huan-qi-meifen/
conversion	pint-to-pound-conversion	https://tooldone.com/conversion/pint-to-pound-conversion/	https://tooldone.com/zh/zhuanhuan/pint-pound-zhuanhuanqi/
conversion	pints-to-cups-converter	https://tooldone.com/conversion/pints-to-cups-converter/	https://tooldone.com/zh/zhuanhuan/pint-bei-zhuanhuanqi/
conversion	pints-to-gallons-converter	https://tooldone.com/conversion/pints-to-gallons-converter/	https://tooldone.com/zh/zhuanhuan/pint-jialun-zhuanhuanqi/
conversion	pixels-to-inches-converter	https://tooldone.com/conversion/pixels-to-inches-converter/	https://tooldone.com/zh/zhuanhuan/xiangsu-yingcun-zhuanhuanqi/
conversion	pounds-and-ounces-calculator	https://tooldone.com/conversion/pounds-and-ounces-calculator/	https://tooldone.com/zh/zhuanhuan/bang-he-liang-jisuanqi/
conversion	pounds-to-grams-converter	https://tooldone.com/conversion/pounds-to-grams-converter/	https://tooldone.com/zh/zhuanhuan/bang-ke-ke-zhuanhuanqi/
conversion	pounds-to-lbs-converter	https://tooldone.com/conversion/pounds-to-lbs-converter/	https://tooldone.com/zh/zhuanhuan/bang-lbs-zhuanhuanqi/
conversion	pounds-to-ounces-converter	https://tooldone.com/conversion/pounds-to-ounces-converter/	https://tooldone.com/zh/zhuanhuan/bang-dao-angsi-zhuanhuanqi/
conversion	pounds-to-stone-converter	https://tooldone.com/conversion/pounds-to-stone-converter/	https://tooldone.com/zh/zhuanhuan/bang-dao-shi-tou-zhuan-huan-qi/
conversion	power-converter	https://tooldone.com/conversion/power-converter/	https://tooldone.com/zh/zhuanhuan/gonglu-zhuanhuanqi/
conversion	ppm-calculator	https://tooldone.com/conversion/ppm-calculator/	https://tooldone.com/zh/zhuanhuan/ppm-jisuanqi/
conversion	ppm-to-mg-l-converter	https://tooldone.com/conversion/ppm-to-mg-l-converter/	https://tooldone.com/zh/zhuanhuan/ppm-zhuan-mg-l-zhuanhuanqi/
conversion	pressure-conversion	https://tooldone.com/conversion/pressure-conversion/	https://tooldone.com/zh/zhuanhuan/yali-zhuanhuanqi/
conversion	pressure-unit-conversion	https://tooldone.com/conversion/pressure-unit-conversion/	https://tooldone.com/zh/zhuanhuan/ya-li-dan-wei-zhuan-huan-qi/
conversion	psi-converter	https://tooldone.com/conversion/psi-converter/	https://tooldone.com/zh/zhuanhuan/psi-zhuan-huan-qi/
conversion	psi-to-atm-conversion	https://tooldone.com/conversion/psi-to-atm-conversion/	https://tooldone.com/zh/zhuanhuan/psi-atm-zhuanhuan-qi/
conversion	psi-to-gpm-calculator	https://tooldone.com/conversion/psi-to-gpm-calculator/	https://tooldone.com/zh/zhuanhuan/psi-zhuan-gpm-jisuanqi/
conversion	psi-to-inches-of-water-conversion	https://tooldone.com/conversion/psi-to-inches-of-water-conversion/	https://tooldone.com/zh/zhuanhuan/psi-zhuan-hua-cun-shui/
conversion	psig-to-psia-converter	https://tooldone.com/conversion/psig-to-psia-converter/	https://tooldone.com/zh/zhuanhuan/psig-zhuan-psia-gongju/
conversion	px-to-em-converter	https://tooldone.com/conversion/px-to-em-converter/	https://tooldone.com/zh/zhuanhuan/xiangsu-zhuan-em-gongju/
conversion	quantity-converter	https://tooldone.com/conversion/quantity-converter/	https://tooldone.com/zh/zhuanhuan/shuliang-zhuanhuan-qi/
conversion	quarts-to-cups-converter	https://tooldone.com/conversion/quarts-to-cups-converter/	https://tooldone.com/zh/zhuanhuan/kuatu-zhuan-huan-bei/
conversion	quarts-to-gallons-converter	https://tooldone.com/conversion/quarts-to-gallons-converter/	https://tooldone.com/zh/zhuanhuan/kuatu-to-jialun-zhuanhuanqi/
conversion	quarts-to-pounds-conversion	https://tooldone.com/conversion/quarts-to-pounds-conversion/	https://tooldone.com/zh/zhuanhuan/kuate-paund-zhuanhuanqi/
conversion	radians-to-degrees-converter	https://tooldone.com/conversion/radians-to-degrees-converter/	https://tooldone.com/zh/zhuanhuan/hududu-zhuan-jiaodu-zhuanhuanqi/
conversion	radiation-converter	https://tooldone.com/conversion/radiation-converter/	https://tooldone.com/zh/zhuanhuan/fushe-zhuanhuanqi/
conversion	rms-to-watts-converter	https://tooldone.com/conversion/rms-to-watts-converter/	https://tooldone.com/zh/zhuanhuan/rms-wate-zhuanhuanqi/
conversion	roman-numerals-converter	https://tooldone.com/conversion/roman-numerals-converter/	https://tooldone.com/zh/zhuanhuan/luoma-shuzi-zhuanhuan-qi/
conversion	scale-calculator	https://tooldone.com/conversion/scale-calculator/	https://tooldone.com/zh/zhuanhuan/bili-jisuanqi/
conversion	seconds-converter	https://tooldone.com/conversion/seconds-converter/	https://tooldone.com/zh/zhuanhuan/miaozhong-zhuanhuanqi/
conversion	seconds-to-days-converter	https://tooldone.com/conversion/seconds-to-days-converter/	https://tooldone.com/zh/zhuanhuan/miao-zhuan-huan-wei-tian/
conversion	seconds-to-hours-converter	https://tooldone.com/conversion/seconds-to-hours-converter/	https://tooldone.com/zh/zhuanhuan/miao-zhuan-huan-wei-xiaoshi/
conversion	seconds-to-minutes-converter	https://tooldone.com/conversion/seconds-to-minutes-converter/	https://tooldone.com/zh/zhuanhuan/miao-zhuan-huan-wei-fenzhong/
conversion	seconds-to-years-conversion	https://tooldone.com/conversion/seconds-to-years-conversion/	https://tooldone.com/zh/zhuanhuan/miao-zhuan-nian-jisuanqi/
conversion	speed-conversion	https://tooldone.com/conversion/speed-conversion/	https://tooldone.com/zh/zhuanhuan/sudu-zhuanhuan/
conversion	square-centimeters-to-square-millimeters-converter	https://tooldone.com/conversion/square-centimeters-to-square-millimeters-converter/	https://tooldone.com/zh/zhuanhuan/pingfang-limimi-zhuan-pingfang-haomi-zhuanhuanqi/
conversion	square-feet-converter	https://tooldone.com/conversion/square-feet-converter/	https://tooldone.com/zh/zhuanhuan/pingfang-yingchi-zhuanhuanqi/
conversion	square-feet-to-acres-calculator	https://tooldone.com/conversion/square-feet-to-acres-calculator/	https://tooldone.com/zh/zhuanhuan/yingmu-jisuanqi-pingfang-chi/
conversion	square-inch-to-square-foot-converter	https://tooldone.com/conversion/square-inch-to-square-foot-converter/	https://tooldone.com/zh/zhuanhuan/pingfang-yingcun-dao-pingfang-yingchi-zhuanhuanqi/
conversion	square-meter-converter	https://tooldone.com/conversion/square-meter-converter/	https://tooldone.com/zh/zhuanhuan/pingfang-mi-zhuanhuanqi/
conversion	square-meters-to-square-feet-converter	https://tooldone.com/conversion/square-meters-to-square-feet-converter/	https://tooldone.com/zh/zhuanhuan/pingfang-mi-zhuan-huan-pingfang-ying-chi/
conversion	square-miles-to-square-km-converter	https://tooldone.com/conversion/square-miles-to-square-km-converter/	https://tooldone.com/zh/zhuanhuan/pingfang-yingli-zhuan-pingfang-gongli/
conversion	square-yard-converter	https://tooldone.com/conversion/square-yard-converter/	https://tooldone.com/zh/zhuanhuan/pingfang-yingchi-zhuanhuanqi-pingfang/
conversion	stone-to-kg-converter	https://tooldone.com/conversion/stone-to-kg-converter/	https://tooldone.com/zh/zhuanhuan/stone-qianke-zhuanhuanqi/
conversion	stone-to-lbs-converter	https://tooldone.com/conversion/stone-to-lbs-converter/	https://tooldone.com/zh/zhuanhuan/shi-tou-bang-zhuan-huan-qi/
conversion	tbsp-to-grams-converter	https://tooldone.com/conversion/tbsp-to-grams-converter/	https://tooldone.com/zh/zhuanhuan/dasao-ke-ke-zhuanhuanqi/
conversion	tbsp-to-ml-converter	https://tooldone.com/conversion/tbsp-to-ml-converter/	https://tooldone.com/zh/zhuanhuan/tbsp-zhuan-ml-zhuanhuan-qi/
conversion	temperature-conversion	https://tooldone.com/conversion/temperature-conversion/	https://tooldone.com/zh/zhuanhuan/wendu-zhuanhuan-qi/
conversion	time-unit-converter	https://tooldone.com/conversion/time-unit-converter/	https://tooldone.com/zh/zhuanhuan/shijian-danwei-zhuanhuanqi/
conversion	time-zones-converter	https://tooldone.com/conversion/time-zones-converter/	https://tooldone.com/zh/zhuanhuan/shiqu-zhuanhuan-qi/
conversion	torque-to-hp-calculator	https://tooldone.com/conversion/torque-to-hp-calculator/	https://tooldone.com/zh/zhuanhuan/niuju-zhuan-horsepower-jisuanqi/
conversion	torr-to-atm-conversion	https://tooldone.com/conversion/torr-to-atm-conversion/	https://tooldone.com/zh/zhuanhuan/torr-zhuan-atm/
conversion	tsp-to-grams-converter	https://tooldone.com/conversion/tsp-to-grams-converter/	https://tooldone.com/zh/zhuanhuan/chashao-ke-ke-kongjin/
conversion	tsp-to-ml-converter	https://tooldone.com/conversion/tsp-to-ml-converter/	https://tooldone.com/zh/zhuanhuan/tsp-zhuan-ml-zhuanhuan-qi/
conversion	unix-time-converter	https://tooldone.com/conversion/unix-time-converter/	https://tooldone.com/zh/zhuanhuan/unix-shijian-zhuanhuanqi/
conversion	volume-conversion	https://tooldone.com/conversion/volume-conversion/	https://tooldone.com/zh/zhuanhuan/tiji-zhuanhuanqi/
conversion	weeks-to-months-calculator	https://tooldone.com/conversion/weeks-to-months-calculator/	https://tooldone.com/zh/zhuanhuan/zhou-dao-yue-jisuanqi/
conversion	weeks-to-years-converter	https://tooldone.com/conversion/weeks-to-years-converter/	https://tooldone.com/zh/zhuanhuan/zhou-nian-zhuanhuanqi/
conversion	weight-converter	https://tooldone.com/conversion/weight-converter/	https://tooldone.com/zh/zhuanhuan/zhongliang-zhuanhuanqi/
conversion	weird-units-converter	https://tooldone.com/conversion/weird-units-converter/	https://tooldone.com/zh/zhuanhuan/qiguai-danwei-zhuanhuanqi/
conversion	yard-conversion	https://tooldone.com/conversion/yard-conversion/	https://tooldone.com/zh/zhuanhuan/yard-zhuanhuan/
conversion	yard-to-meter-converter	https://tooldone.com/conversion/yard-to-meter-converter/	https://tooldone.com/zh/zhuanhuan/ma-chi-zhuan-huan-qi/
conversion	yard-to-mile-converter	https://tooldone.com/conversion/yard-to-mile-converter/	https://tooldone.com/zh/zhuanhuan/ma-chi-zhuan-huan-qi-ma/
conversion	yards-to-meters-conversion	https://tooldone.com/conversion/yards-to-meters-conversion/	https://tooldone.com/zh/zhuanhuan/ma-chi-zhuan-huan/
conversion	years-to-decades-calculator	https://tooldone.com/conversion/years-to-decades-calculator/	https://tooldone.com/zh/zhuanhuan/nian-fen-ji-suan-qi/
finance	10-1-arm-calculator	https://tooldone.com/finance/10-1-arm-calculator/	https://tooldone.com/zh/jinrong/10-1-arm-jisuanqi/
finance	12-hour-shift-pay-calculator	https://tooldone.com/finance/12-hour-shift-pay-calculator/	https://tooldone.com/zh/jinrong/12-xiaoshi-ban-ci-gongzi-jisuanqi/
finance	28-36-rule-calculator	https://tooldone.com/finance/28-36-rule-calculator/	https://tooldone.com/zh/jinrong/28-36-guize-jisuanqi/
finance	3x-rent-calculator	https://tooldone.com/finance/3x-rent-calculator/	https://tooldone.com/zh/jinrong/san-bei-zu-jin-jisuanqi/
finance	401k-calculator	https://tooldone.com/finance/401k-calculator/	https://tooldone.com/zh/jinrong/401k-jisuanqi/
finance	403b-calculator	https://tooldone.com/finance/403b-calculator/	https://tooldone.com/zh/jinrong/403b-jisuanqi/
finance	50-30-20-rule-calculator	https://tooldone.com/finance/50-30-20-rule-calculator/	https://tooldone.com/zh/jinrong/50-30-20-guize-jisuanqi/
finance	529-calculator	https://tooldone.com/finance/529-calculator/	https://tooldone.com/zh/jinrong/529-jiaoyu-chuxu-jisuanqi/
finance	70-20-10-rule-money-calculator	https://tooldone.com/finance/70-20-10-rule-money-calculator/	https://tooldone.com/zh/jinrong/70-20-10-guize-qian-jisuanqi/
finance	absence-percentage-calculator	https://tooldone.com/finance/absence-percentage-calculator/	https://tooldone.com/zh/jinrong/queqin-baifenbi-jisuanqi/
finance	accounting-profit-calculator	https://tooldone.com/finance/accounting-profit-calculator/	https://tooldone.com/zh/jinrong/kuai-ji-li-run-ji-suan-qi/
finance	accrual-ratio-calculator	https://tooldone.com/finance/accrual-ratio-calculator/	https://tooldone.com/zh/jinrong/jizhang-bili-jisuanqi/
finance	accumulated-depreciation-calculator	https://tooldone.com/finance/accumulated-depreciation-calculator/	https://tooldone.com/zh/jinrong/leiji-zhejiu-jisuanqi/
finance	actual-cash-value-calculator	https://tooldone.com/finance/actual-cash-value-calculator/	https://tooldone.com/zh/jinrong/shiji-xianjin-jiazhi-jisuanqi/
finance	additional-funds-needed-calculator	https://tooldone.com/finance/additional-funds-needed-calculator/	https://tooldone.com/zh/jinrong/zengjia-zijin-jisuanqi/
finance	adjusted-gross-income-agi-calculator	https://tooldone.com/finance/adjusted-gross-income-agi-calculator/	https://tooldone.com/zh/jinrong/tiaozheng-zong-shouru-agi-jisuanqi/
finance	adr-calculator	https://tooldone.com/finance/adr-calculator/	https://tooldone.com/zh/jinrong/pingjun-riji-lv-jisuanqi/
finance	affo-calculator-adjusted-funds-from-operations	https://tooldone.com/finance/affo-calculator-adjusted-funds-from-operations/	https://tooldone.com/zh/jinrong/afo-jisuanqi-tiaozheng-yunying-jijin/
finance	after-tax-cost-of-debt-calculator	https://tooldone.com/finance/after-tax-cost-of-debt-calculator/	https://tooldone.com/zh/jinrong/shuihou-zhaiwu-chengben-jisuanqi/
finance	alabama-tax-calculator	https://tooldone.com/finance/alabama-tax-calculator/	https://tooldone.com/zh/jinrong/alabama-shuijin-jisuanqi/
finance	altman-z-score-calculator	https://tooldone.com/finance/altman-z-score-calculator/	https://tooldone.com/zh/jinrong/altman-z-score-jisuanqi/
finance	amortization-calculator	https://tooldone.com/finance/amortization-calculator/	https://tooldone.com/zh/jinrong/zhejiu-jisuanqi/
finance	amt-calculator	https://tooldone.com/finance/amt-calculator/	https://tooldone.com/zh/jinrong/daiti-zuidi-shui-jisuanqi/
finance	annual-income-calculator	https://tooldone.com/finance/annual-income-calculator/	https://tooldone.com/zh/jinrong/nian-shou-ru-ji-suan-qi/
finance	annualized-rate-of-return-calculator	https://tooldone.com/finance/annualized-rate-of-return-calculator/	https://tooldone.com/zh/jinrong/nianhua-shouyilv-jisuanqi/
finance	annuity-calculator	https://tooldone.com/finance/annuity-calculator/	https://tooldone.com/zh/jinrong/annuity-jisuanqi/
finance	annuity-payout-calculator	https://tooldone.com/finance/annuity-payout-calculator/	https://tooldone.com/zh/jinrong/annuity-fukuan-jisuanqi/
finance	apc-calculator	https://tooldone.com/finance/apc-calculator/	https://tooldone.com/zh/jinrong/kehu-pingjun-jisuanqi/
finance	appreciation-calculator	https://tooldone.com/finance/appreciation-calculator/	https://tooldone.com/zh/jinrong/pinggu-jisuanqi/
finance	apr-calculator	https://tooldone.com/finance/apr-calculator/	https://tooldone.com/zh/jinrong/nian-hua-lu-ji-suan-qi/
finance	apy-calculator	https://tooldone.com/finance/apy-calculator/	https://tooldone.com/zh/jinrong/nianhua-shouyilv-jisuanqi-nianhua/
finance	arm-mortgage-calculator	https://tooldone.com/finance/arm-mortgage-calculator/	https://tooldone.com/zh/jinrong/arm-dai-kuan-ji-suan-qi/
finance	arv-calculator-after-repair-value	https://tooldone.com/finance/arv-calculator-after-repair-value/	https://tooldone.com/zh/jinrong/xiuli-hou-jiazhi-jisuanqi/
finance	atal-pension-yojana-calculator	https://tooldone.com/finance/atal-pension-yojana-calculator/	https://tooldone.com/zh/jinrong/atal-pension-yojana-jisuanqi/
finance	attrition-rate-calculator	https://tooldone.com/finance/attrition-rate-calculator/	https://tooldone.com/zh/jinrong/liudonglu-jisuanqi/
finance	auto-loan-calculator	https://tooldone.com/finance/auto-loan-calculator/	https://tooldone.com/zh/jinrong/qiche-daikuan-jisuanqi/
finance	average-collection-period-calculator	https://tooldone.com/finance/average-collection-period-calculator/	https://tooldone.com/zh/jinrong/pingjun-shoukuan-zhouqi-jisuanqi/
finance	average-fixed-cost-calculator	https://tooldone.com/finance/average-fixed-cost-calculator/	https://tooldone.com/zh/jinrong/pingjun-guding-chengben-jisuanqi/
finance	average-variable-cost-calculator	https://tooldone.com/finance/average-variable-cost-calculator/	https://tooldone.com/zh/jinrong/pingjun-bian-dong-cheng-ben-jisuanqi/
finance	balance-transfer-calculator	https://tooldone.com/finance/balance-transfer-calculator/	https://tooldone.com/zh/jinrong/yuezhuan-ji-suan-qi/
finance	balloon-payment-calculator	https://tooldone.com/finance/balloon-payment-calculator/	https://tooldone.com/zh/jinrong/qiqiu-fukuan-jisuanqi/
finance	bank-reconciliation-calculator	https://tooldone.com/finance/bank-reconciliation-calculator/	https://tooldone.com/zh/jinrong/yinhang-duizhang-jisuanqi/
finance	basis-point-calculator	https://tooldone.com/finance/basis-point-calculator/	https://tooldone.com/zh/jinrong/jichudian-jisuanqi/
finance	beta-stock-calculator	https://tooldone.com/finance/beta-stock-calculator/	https://tooldone.com/zh/jinrong/beta-gupiao-jisuanqi/
finance	bi-weekly-mortgage-payment-calculator	https://tooldone.com/finance/bi-weekly-mortgage-payment-calculator/	https://tooldone.com/zh/jinrong/shuangzhou-diyadaikuan-fukuan-jisuanqi/
finance	bidens-tax-plan-calculator	https://tooldone.com/finance/bidens-tax-plan-calculator/	https://tooldone.com/zh/jinrong/baiden-shuifei-jihua-jisuanqi/
finance	bike-emi-calculator	https://tooldone.com/finance/bike-emi-calculator/	https://tooldone.com/zh/jinrong/motuoche-emi-jisuanqi/
finance	bill-rate-calculator	https://tooldone.com/finance/bill-rate-calculator/	https://tooldone.com/zh/jinrong/xinshui-jisuanqi/
finance	billable-hours-calculator	https://tooldone.com/finance/billable-hours-calculator/	https://tooldone.com/zh/jinrong/billable-xiaoshi-jisuanqi/
finance	bitcoin-etf-calculator	https://tooldone.com/finance/bitcoin-etf-calculator/	https://tooldone.com/zh/jinrong/bitcoin-etf-jisuanqi/
finance	biweekly-mortgage-calculator	https://tooldone.com/finance/biweekly-mortgage-calculator/	https://tooldone.com/zh/jinrong/shuangzhou-diyada-jisuanqi/
finance	black-friday-calculator	https://tooldone.com/finance/black-friday-calculator/	https://tooldone.com/zh/jinrong/hei-wu-ji-suan-qi/
finance	black-scholes-calculator	https://tooldone.com/finance/black-scholes-calculator/	https://tooldone.com/zh/jinrong/black-scholes-jisuanqi/
finance	blended-rate-calculator	https://tooldone.com/finance/blended-rate-calculator/	https://tooldone.com/zh/jinrong/hunhe-lilv-jisuanqi/
finance	boat-loan-calculator	https://tooldone.com/finance/boat-loan-calculator/	https://tooldone.com/zh/jinrong/chuan-dai-kuan-ji-suan-qi/
finance	bond-convexity-calculator	https://tooldone.com/finance/bond-convexity-calculator/	https://tooldone.com/zh/jinrong/zhaiquan-konveksiti-jisuanqi/
finance	bond-current-yield-calculator	https://tooldone.com/finance/bond-current-yield-calculator/	https://tooldone.com/zh/jinrong/zhaiquan-xianxing-shouyilv-jisuanqi/
finance	bond-equivalent-yield-calculator	https://tooldone.com/finance/bond-equivalent-yield-calculator/	https://tooldone.com/zh/jinrong/zhaiquan-dengjia-shouyilv-jisuanqi/
finance	bond-price-calculator	https://tooldone.com/finance/bond-price-calculator/	https://tooldone.com/zh/jinrong/zhaiquan-jiage-jisuanqi/
finance	bond-yield-calculator	https://tooldone.com/finance/bond-yield-calculator/	https://tooldone.com/zh/jinrong/zhaiquan-shouyilv-jisuanqi/
finance	bond-ytm-calculator	https://tooldone.com/finance/bond-ytm-calculator/	https://tooldone.com/zh/jinrong/zhai-quan-yield-dao-qi-jisuanqi/
finance	bounce-rate-calculator	https://tooldone.com/finance/bounce-rate-calculator/	https://tooldone.com/zh/jinrong/bounce-rate-jisuanqi/
finance	bradford-factor-calculator	https://tooldone.com/finance/bradford-factor-calculator/	https://tooldone.com/zh/jinrong/bradford-yinzi-jisuanqi/
finance	break-even-calculator	https://tooldone.com/finance/break-even-calculator/	https://tooldone.com/zh/jinrong/break-even-jisuanqi/
finance	brexit-calculator	https://tooldone.com/finance/brexit-calculator/	https://tooldone.com/zh/jinrong/tuoli-oumeng-jisuanqi/
finance	budget-calculator	https://tooldone.com/finance/budget-calculator/	https://tooldone.com/zh/jinrong/yusuan-jisuanqi/
finance	build-back-better-calculator	https://tooldone.com/finance/build-back-better-calculator/	https://tooldone.com/zh/jinrong/chongjian-genghao-jisuanqi/
finance	build-vs-buy-calculator	https://tooldone.com/finance/build-vs-buy-calculator/	https://tooldone.com/zh/jinrong/jianshe-yu-goumai-jisuanqi/
finance	burn-rate-calculator	https://tooldone.com/finance/burn-rate-calculator/	https://tooldone.com/zh/jinrong/shaojielu-jisuanqi/
finance	burndown-chart-calculator	https://tooldone.com/finance/burndown-chart-calculator/	https://tooldone.com/zh/jinrong/burndown-tubiao-jisuanqi/
finance	business-budget-calculator	https://tooldone.com/finance/business-budget-calculator/	https://tooldone.com/zh/jinrong/qiye-yusuan-jisuanqi/
finance	business-loan-calculator	https://tooldone.com/finance/business-loan-calculator/	https://tooldone.com/zh/jinrong/qiye-daikuan-jisuanqi/
finance	buying-power-calculator	https://tooldone.com/finance/buying-power-calculator/	https://tooldone.com/zh/jinrong/goumai-liang-jisuanqi/
finance	cagr-calculator-compound-annual-growth-rate	https://tooldone.com/finance/cagr-calculator-compound-annual-growth-rate/	https://tooldone.com/zh/jinrong/cagr-jisuanqi-fuhe-nianzengzhanglu/
finance	california-sales-tax-calculator	https://tooldone.com/finance/california-sales-tax-calculator/	https://tooldone.com/zh/jinrong/jialifuniya-xiaoshou-shui-jisuanqi/
finance	california-stimulus-check-ii-calculator	https://tooldone.com/finance/california-stimulus-check-ii-calculator/	https://tooldone.com/zh/jinrong/jialifuniya-cujin-check-ii-jisuanqi/
finance	california-tax-calculator	https://tooldone.com/finance/california-tax-calculator/	https://tooldone.com/zh/jinrong/jialifuniya-shuijin-jisuanqi/
finance	call-option-calculator	https://tooldone.com/finance/call-option-calculator/	https://tooldone.com/zh/jinrong/kanzhang-quan-ji-suan-qi/
finance	cap-rate-calculator	https://tooldone.com/finance/cap-rate-calculator/	https://tooldone.com/zh/jinrong/zibenhualv-jisuanqi/
finance	capital-gains-tax-uk-calculator	https://tooldone.com/finance/capital-gains-tax-uk-calculator/	https://tooldone.com/zh/jinrong/ziben-li-run-shui-jisuanqi-uk/
finance	capital-gains-yield-calculator	https://tooldone.com/finance/capital-gains-yield-calculator/	https://tooldone.com/zh/jinrong/ziben-liyi-shouyi-jisuanqi/
finance	capm-calculator-capital-asset-pricing-model	https://tooldone.com/finance/capm-calculator-capital-asset-pricing-model/	https://tooldone.com/zh/jinrong/capm-jisuanqi-ziben-zichan-dingjia-moxing/
finance	car-affordability-calculator	https://tooldone.com/finance/car-affordability-calculator/	https://tooldone.com/zh/jinrong/qiche-kefu-nengli-jisuanqi/
finance	car-depreciation-calculator	https://tooldone.com/finance/car-depreciation-calculator/	https://tooldone.com/zh/jinrong/qiche-zhejiu-jisuanqi/
finance	car-lease-calculator	https://tooldone.com/finance/car-lease-calculator/	https://tooldone.com/zh/jinrong/qiche-zulin-jisuanqi/
finance	car-loan-emi-calculator	https://tooldone.com/finance/car-loan-emi-calculator/	https://tooldone.com/zh/jinrong/qiche-daikuan-emi-jisuanqi/
finance	car-refinance-calculator	https://tooldone.com/finance/car-refinance-calculator/	https://tooldone.com/zh/jinrong/qiche-refinancing-jisuanqi/
finance	carried-interest-calculator	https://tooldone.com/finance/carried-interest-calculator/	https://tooldone.com/zh/jinrong/carried-interest-jisuanqi/
finance	carry-trade-calculator	https://tooldone.com/finance/carry-trade-calculator/	https://tooldone.com/zh/jinrong/dai-jiao-yi-ji-suan-qi/
finance	cash-back-calculator	https://tooldone.com/finance/cash-back-calculator/	https://tooldone.com/zh/jinrong/xianjin-fanli-jisuanqi/
finance	cash-conversion-cycle-calculator	https://tooldone.com/finance/cash-conversion-cycle-calculator/	https://tooldone.com/zh/jinrong/xianjin-zhuanhuan-zhouqi-jisuanqi/
finance	cash-flow-to-debt-ratio-calculator	https://tooldone.com/finance/cash-flow-to-debt-ratio-calculator/	https://tooldone.com/zh/jinrong/xianjin-liuliang-zai-zhaiwu-bili-jisuanqi/
finance	cash-out-refinance-calculator	https://tooldone.com/finance/cash-out-refinance-calculator/	https://tooldone.com/zh/jinrong/xianjin-chongdai-jisuanqi/
finance	cash-ratio-calculator	https://tooldone.com/finance/cash-ratio-calculator/	https://tooldone.com/zh/jinrong/xianjin-bilv-jisuanqi/
finance	cd-calculator-certificate-of-deposit	https://tooldone.com/finance/cd-calculator-certificate-of-deposit/	https://tooldone.com/zh/jinrong/cd-jisuanqi-cunkuan-zhengshu/
finance	cell-phone-plan-calculator	https://tooldone.com/finance/cell-phone-plan-calculator/	https://tooldone.com/zh/jinrong/shouji-jihua-jisuanqi/
finance	check-digit-calculator	https://tooldone.com/finance/check-digit-calculator/	https://tooldone.com/zh/jinrong/jianyan-shu-zi-jisuanqi/
finance	child-tax-credit-calculator	https://tooldone.com/finance/child-tax-credit-calculator/	https://tooldone.com/zh/jinrong/ertong-shuikuan-jisuanqi/
finance	churn-rate-calculator	https://tooldone.com/finance/churn-rate-calculator/	https://tooldone.com/zh/jinrong/kehu-liushi-lu-jisuanqi/
finance	cltv-calculator-customer-lifetime-value	https://tooldone.com/finance/cltv-calculator-customer-lifetime-value/	https://tooldone.com/zh/jinrong/kehu-zhongshen-jiazhi-jisuanqi/
finance	cobb-douglas-production-function-calculator	https://tooldone.com/finance/cobb-douglas-production-function-calculator/	https://tooldone.com/zh/jinrong/ka-bu-dou-glas-sheng-chan-gong-neng-ji-suan-qi/
finance	combined-ratio-calculator	https://tooldone.com/finance/combined-ratio-calculator/	https://tooldone.com/zh/jinrong/hebing-bilv-jisuanqi/
finance	commercial-lease-calculator	https://tooldone.com/finance/commercial-lease-calculator/	https://tooldone.com/zh/jinrong/shangye-zulin-jisuanqi/
finance	commission-calculator	https://tooldone.com/finance/commission-calculator/	https://tooldone.com/zh/jinrong/yongjin-jisuanqi/
finance	comparative-advantage-calculator	https://tooldone.com/finance/comparative-advantage-calculator/	https://tooldone.com/zh/jinrong/bijiao-you-shi-ji-suan-qi/
finance	compound-growth-calculator	https://tooldone.com/finance/compound-growth-calculator/	https://tooldone.com/zh/jinrong/fuli-zengzhang-jisuanqi/
finance	compound-interest-calculator	https://tooldone.com/finance/compound-interest-calculator/	https://tooldone.com/zh/jinrong/fuli-jisuanqi/
finance	compound-interest-rate-calculator	https://tooldone.com/finance/compound-interest-rate-calculator/	https://tooldone.com/zh/jinrong/fuli-lilv-jisuanqi/
finance	consumer-surplus-calculator	https://tooldone.com/finance/consumer-surplus-calculator/	https://tooldone.com/zh/jinrong/xiaofeizhe-shengyu-jisuanqi/
finance	continuous-compound-interest-calculator	https://tooldone.com/finance/continuous-compound-interest-calculator/	https://tooldone.com/zh/jinrong/lianxu-fuxi-jisuanqi/
finance	contribution-margin-calculator	https://tooldone.com/finance/contribution-margin-calculator/	https://tooldone.com/zh/jinrong/gongxian-lirun-jisuanqi/
finance	conversion-rate-calculator	https://tooldone.com/finance/conversion-rate-calculator/	https://tooldone.com/zh/jinrong/zhuanhualu-jisuanqi/
finance	cost-of-capital-calculator	https://tooldone.com/finance/cost-of-capital-calculator/	https://tooldone.com/zh/jinrong/ziben-chengben-jisuanqi/
finance	cost-of-doing-business-calculator	https://tooldone.com/finance/cost-of-doing-business-calculator/	https://tooldone.com/zh/jinrong/jingying-chengben-jisuanqi/
finance	cost-of-equity-calculator	https://tooldone.com/finance/cost-of-equity-calculator/	https://tooldone.com/zh/jinrong/ziben-chengben-jisuanqi-ziben/
finance	cost-of-goods-sold-calculator	https://tooldone.com/finance/cost-of-goods-sold-calculator/	https://tooldone.com/zh/jinrong/xiaoshou-chengben-jisuanqi/
finance	coupon-payment-calculator	https://tooldone.com/finance/coupon-payment-calculator/	https://tooldone.com/zh/jinrong/xiquan-fukuan-jisuanqi/
finance	coupon-rate-calculator	https://tooldone.com/finance/coupon-rate-calculator/	https://tooldone.com/zh/jinrong/piaoxi-lu-jisuanqi/
finance	cpa-calculator-cost-per-acquisition	https://tooldone.com/finance/cpa-calculator-cost-per-acquisition/	https://tooldone.com/zh/jinrong/cpa-jisuanqi-meici-huoqu-chengben/
finance	cpc-and-cpm-calculator	https://tooldone.com/finance/cpc-and-cpm-calculator/	https://tooldone.com/zh/jinrong/cpc-he-cpm-jisuanqi/
finance	cpi-inflation-calculator-consumer-price-index	https://tooldone.com/finance/cpi-inflation-calculator-consumer-price-index/	https://tooldone.com/zh/jinrong/cpi-tongyong-wujia-zhibiao-jisuanqi/
finance	cpm-calculator	https://tooldone.com/finance/cpm-calculator/	https://tooldone.com/zh/jinrong/cpm-jisuanqi-qian-ci-chengben/
finance	credit-card-calculator	https://tooldone.com/finance/credit-card-calculator/	https://tooldone.com/zh/jinrong/xinyongka-jisuanqi/
finance	credit-card-interest-calculator	https://tooldone.com/finance/credit-card-interest-calculator/	https://tooldone.com/zh/jinrong/xinyongka-lixi-jisuanqi/
finance	credit-card-minimum-payment-calculator	https://tooldone.com/finance/credit-card-minimum-payment-calculator/	https://tooldone.com/zh/jinrong/xinyongka-zuidi-huankuan-jisuanqi/
finance	credit-card-payment-calculator	https://tooldone.com/finance/credit-card-payment-calculator/	https://tooldone.com/zh/jinrong/xinyongka-zhifu-jisuanqi/
finance	credit-card-payoff-calculator	https://tooldone.com/finance/credit-card-payoff-calculator/	https://tooldone.com/zh/jinrong/xinyongka-huanqing-jisuanqi/
finance	credit-spread-calculator	https://tooldone.com/finance/credit-spread-calculator/	https://tooldone.com/zh/jinrong/xinyong-chaji-jisuanqi/
finance	credit-utilization-calculator	https://tooldone.com/finance/credit-utilization-calculator/	https://tooldone.com/zh/jinrong/xinyong-ka-shiyong-lu-jisuanqi/
finance	cross-exchange-rate-calculator	https://tooldone.com/finance/cross-exchange-rate-calculator/	https://tooldone.com/zh/jinrong/jiaochahuibijisuanqi/
finance	cross-price-elasticity-calculator	https://tooldone.com/finance/cross-price-elasticity-calculator/	https://tooldone.com/zh/jinrong/jiacha-jiage-tanxing-jisuanqi/
finance	ctr-calculator	https://tooldone.com/finance/ctr-calculator/	https://tooldone.com/zh/jinrong/dianji-lu-jisuanqi/
finance	currency-forward-calculator	https://tooldone.com/finance/currency-forward-calculator/	https://tooldone.com/zh/jinrong/huobi-qianxiang-jisuanqi/
finance	current-ratio-calculator	https://tooldone.com/finance/current-ratio-calculator/	https://tooldone.com/zh/jinrong/dangqibilu-jisuanqi/
finance	customer-acquisition-cost-calculator-cac-calculator	https://tooldone.com/finance/customer-acquisition-cost-calculator-cac-calculator/	https://tooldone.com/zh/jinrong/kehu-huode-chengben-jisuanqi-cac/
finance	customer-retention-rate-calculator	https://tooldone.com/finance/customer-retention-rate-calculator/	https://tooldone.com/zh/jinrong/kehu-baoliu-lu-jisuanqi/
finance	cyber-monday-calculator	https://tooldone.com/finance/cyber-monday-calculator/	https://tooldone.com/zh/jinrong/cyber-monday-jisuanqi/
finance	dart-rate-calculator	https://tooldone.com/finance/dart-rate-calculator/	https://tooldone.com/zh/jinrong/biaoqian-lv-jisuanqi/
finance	days-off-calculator	https://tooldone.com/finance/days-off-calculator/	https://tooldone.com/zh/jinrong/xiujia-ri-qi-jisuanqi/
finance	deadweight-loss-calculator	https://tooldone.com/finance/deadweight-loss-calculator/	https://tooldone.com/zh/jinrong/siwang-zhongliang-sunshi-jisuanqi/
finance	debt-avalanche-calculator	https://tooldone.com/finance/debt-avalanche-calculator/	https://tooldone.com/zh/jinrong/zhaiwu-changhuan-jisuanqi/
finance	debt-calculator	https://tooldone.com/finance/debt-calculator/	https://tooldone.com/zh/jinrong/zhaikuan-jisuanqi/
finance	debt-consolidation-calculator	https://tooldone.com/finance/debt-consolidation-calculator/	https://tooldone.com/zh/jinrong/zhaiwu-zhenghe-jisuanqi/
finance	debt-payoff-calculator	https://tooldone.com/finance/debt-payoff-calculator/	https://tooldone.com/zh/jinrong/zhaiwu-changhuan-jisuanqi-zhaiwu/
finance	debt-service-coverage-ratio-calculator-dscr	https://tooldone.com/finance/debt-service-coverage-ratio-calculator-dscr/	https://tooldone.com/zh/jinrong/zhaifu-fuwu-fugai-lu-jisuanqi/
finance	debt-snowball-calculator	https://tooldone.com/finance/debt-snowball-calculator/	https://tooldone.com/zh/jinrong/zhaiwu-xueqiu-jisuanqi/
finance	debt-to-asset-ratio-calculator	https://tooldone.com/finance/debt-to-asset-ratio-calculator/	https://tooldone.com/zh/jinrong/zhaiwu-zichan-bili-jisuanqi/
finance	debt-to-capital-ratio-calculator	https://tooldone.com/finance/debt-to-capital-ratio-calculator/	https://tooldone.com/zh/jinrong/zhaiquan-ziben-bili-jisuanqi/
finance	debt-to-equity-calculator	https://tooldone.com/finance/debt-to-equity-calculator/	https://tooldone.com/zh/jinrong/zhaiwu-ziben-bi-jisuanqi/
finance	debt-to-income-ratio-calculator	https://tooldone.com/finance/debt-to-income-ratio-calculator/	https://tooldone.com/zh/jinrong/zhaiwu-shouru-bi-jisuanqi/
finance	defensive-interval-ratio-calculator	https://tooldone.com/finance/defensive-interval-ratio-calculator/	https://tooldone.com/zh/jinrong/fangyu-jianxi-bili-jisuanqi/
finance	deferred-annuity-calculator	https://tooldone.com/finance/deferred-annuity-calculator/	https://tooldone.com/zh/jinrong/yanqi-nianjin-jisuanqi/
finance	deferred-payment-loan-calculator	https://tooldone.com/finance/deferred-payment-loan-calculator/	https://tooldone.com/zh/jinrong/yanqi-fukuan-daikuan-jisuanqi/
finance	degree-of-operating-leverage-calculator	https://tooldone.com/finance/degree-of-operating-leverage-calculator/	https://tooldone.com/zh/jinrong/yunying-leverage-dengji-jisuanqi/
finance	depreciation-calculator	https://tooldone.com/finance/depreciation-calculator/	https://tooldone.com/zh/jinrong/zhejiu-jisuanqi-zhejiu/
finance	dio-calculator	https://tooldone.com/finance/dio-calculator/	https://tooldone.com/zh/jinrong/kucun-tianshu-weijiesuan/
finance	direct-material-price-variance-calculator	https://tooldone.com/finance/direct-material-price-variance-calculator/	https://tooldone.com/zh/jinrong/zhijie-cailiao-jia-ge-chayi-jisuanqi/
finance	discount-calculator	https://tooldone.com/finance/discount-calculator/	https://tooldone.com/zh/jinrong/zhekou-jisuanqi/
finance	discount-rate-calculator	https://tooldone.com/finance/discount-rate-calculator/	https://tooldone.com/zh/jinrong/zhekou-lu-jisuanqi/
finance	discounted-cash-flow-calculator-dcf	https://tooldone.com/finance/discounted-cash-flow-calculator-dcf/	https://tooldone.com/zh/jinrong/xianjin-liuliang-zhexiang-jisuanqi-dcf/
finance	discretionary-income-calculator	https://tooldone.com/finance/discretionary-income-calculator/	https://tooldone.com/zh/jinrong/zizhu-shouru-jisuanqi/
finance	disposable-income-calculator	https://tooldone.com/finance/disposable-income-calculator/	https://tooldone.com/zh/jinrong/ke-zhipei-shouru-jisuanqi/
finance	dividend-calculator	https://tooldone.com/finance/dividend-calculator/	https://tooldone.com/zh/jinrong/gufen-hongli-jisuanqi/
finance	dividend-discount-model-calculator	https://tooldone.com/finance/dividend-discount-model-calculator/	https://tooldone.com/zh/jinrong/guxi-zhekou-moxing-jisuanqi/
finance	dividend-payout-ratio-calculator	https://tooldone.com/finance/dividend-payout-ratio-calculator/	https://tooldone.com/zh/jinrong/gufen-hongli-bili-jisuanqi/
finance	dividend-yield-calculator	https://tooldone.com/finance/dividend-yield-calculator/	https://tooldone.com/zh/jinrong/guxi-shouyilv-jisuanqi/
finance	double-discount-calculator	https://tooldone.com/finance/double-discount-calculator/	https://tooldone.com/zh/jinrong/shuangchong-zhekou-jisuanqi/
finance	dpo-calculator-days-payable-outstanding	https://tooldone.com/finance/dpo-calculator-days-payable-outstanding/	https://tooldone.com/zh/jinrong/fukuan-tianshu-jisuanqi/
finance	dream-come-true-calculator	https://tooldone.com/finance/dream-come-true-calculator/	https://tooldone.com/zh/jinrong/mengxiang-chengzhen-jisuanqi/
finance	dso-calculator	https://tooldone.com/finance/dso-calculator/	https://tooldone.com/zh/jinrong/xiaoshoue-shouru-ri-shu-jisuanqi/
finance	dupont-analysis-calculator	https://tooldone.com/finance/dupont-analysis-calculator/	https://tooldone.com/zh/jinrong/dupont-fenxi-jisuanqi/
finance	ear-calculator	https://tooldone.com/finance/ear-calculator/	https://tooldone.com/zh/jinrong/youxiao-nianli-jisuanqi/
finance	early-retirement-calculator	https://tooldone.com/finance/early-retirement-calculator/	https://tooldone.com/zh/jinrong/zaotui-jisuanqi/
finance	earnest-money-calculator	https://tooldone.com/finance/earnest-money-calculator/	https://tooldone.com/zh/jinrong/dingjin-jisuanqi/
finance	earnings-per-share-calculator	https://tooldone.com/finance/earnings-per-share-calculator/	https://tooldone.com/zh/jinrong/meigu-shouyi-jisuanqi/
finance	earnings-per-share-growth-calculator	https://tooldone.com/finance/earnings-per-share-growth-calculator/	https://tooldone.com/zh/jinrong/meigu-shouyi-zengzhang-jisuanqi/
finance	ebit-calculator	https://tooldone.com/finance/ebit-calculator/	https://tooldone.com/zh/jinrong/ebit-jisuanqi/
finance	ebitda-calculator	https://tooldone.com/finance/ebitda-calculator/	https://tooldone.com/zh/jinrong/ebitda-jisuanqi/
finance	ebitda-margin-calculator	https://tooldone.com/finance/ebitda-margin-calculator/	https://tooldone.com/zh/jinrong/ebitda-margen-jisuanqi/
finance	ebitda-multiple-calculator	https://tooldone.com/finance/ebitda-multiple-calculator/	https://tooldone.com/zh/jinrong/ebitda-beishu-jisuanqi/
finance	ebt-calculator-earnings-before-tax	https://tooldone.com/finance/ebt-calculator-earnings-before-tax/	https://tooldone.com/zh/jinrong/shuiqian-shouyi-jisuanqi/
finance	economic-injury-disaster-loan-emergency-advance-eidl	https://tooldone.com/finance/economic-injury-disaster-loan-emergency-advance-eidl/	https://tooldone.com/zh/jinrong/jingji-sunhai-zaihai-daikuan-jijin-xianjin-jisuanqi/
finance	economic-profit-calculator	https://tooldone.com/finance/economic-profit-calculator/	https://tooldone.com/zh/jinrong/jingji-lirun-jisuanqi/
finance	economic-value-added-calculator	https://tooldone.com/finance/economic-value-added-calculator/	https://tooldone.com/zh/jinrong/jingji-zengjia-zhi-jisuanqi/
finance	effective-annual-yield-calculator	https://tooldone.com/finance/effective-annual-yield-calculator/	https://tooldone.com/zh/jinrong/youxiao-nianhua-shouyilv-jisuanqi/
finance	effective-corporate-tax-rate-calculator	https://tooldone.com/finance/effective-corporate-tax-rate-calculator/	https://tooldone.com/zh/jinrong/youxiao-gongsishui-lu-jisuanqi/
finance	effective-duration-calculator	https://tooldone.com/finance/effective-duration-calculator/	https://tooldone.com/zh/jinrong/youxiao-qixian-jisuanqi/
finance	effective-interest-rate-calculator	https://tooldone.com/finance/effective-interest-rate-calculator/	https://tooldone.com/zh/jinrong/youxiao-lilv-jisuanqi/
finance	elss-calculator-equity-linked-savings-scheme	https://tooldone.com/finance/elss-calculator-equity-linked-savings-scheme/	https://tooldone.com/zh/jinrong/elss-jisuanqi-equity-linked-savings-scheme/
finance	emergency-fund-calculator	https://tooldone.com/finance/emergency-fund-calculator/	https://tooldone.com/zh/jinrong/jinji-jijin-jisuanqi/
finance	emi-calculator-equated-monthly-installment	https://tooldone.com/finance/emi-calculator-equated-monthly-installment/	https://tooldone.com/zh/jinrong/deng-e-yue-fu-kuan-ji-suan-qi/
finance	emv-calculator-expected-monetary-value	https://tooldone.com/finance/emv-calculator-expected-monetary-value/	https://tooldone.com/zh/jinrong/qiwang-huobi-jiazhi-jisuanqi/
finance	ending-inventory-calculator	https://tooldone.com/finance/ending-inventory-calculator/	https://tooldone.com/zh/jinrong/qimo-kucun-jisuanqi/
finance	enterprise-value-calculator	https://tooldone.com/finance/enterprise-value-calculator/	https://tooldone.com/zh/jinrong/qiye-jiazhi-jisuanqi/
finance	eoq-calculator-economic-order-quantity	https://tooldone.com/finance/eoq-calculator-economic-order-quantity/	https://tooldone.com/zh/jinrong/jingji-dinggou-liang-jisuanqi/
finance	epf-calculator	https://tooldone.com/finance/epf-calculator/	https://tooldone.com/zh/jinrong/gongjijin-jisuanqi/
finance	equivalent-rate-calculator-aer	https://tooldone.com/finance/equivalent-rate-calculator-aer/	https://tooldone.com/zh/jinrong/dengjia-lilv-jisuanqi-aer/
finance	ev-to-sales-calculator-enterprise-value-to-sales	https://tooldone.com/finance/ev-to-sales-calculator-enterprise-value-to-sales/	https://tooldone.com/zh/jinrong/ev-to-sales-jisuanqi-qiyejiazhi-xiaoshoubi/
finance	evm-calculator	https://tooldone.com/finance/evm-calculator/	https://tooldone.com/zh/jinrong/earned-value-jisuanqi/
finance	exit-rate-calculator	https://tooldone.com/finance/exit-rate-calculator/	https://tooldone.com/zh/jinrong/exit-rate-jisuanqi/
finance	expected-utility-calculator	https://tooldone.com/finance/expected-utility-calculator/	https://tooldone.com/zh/jinrong/qiwang-xiaoyi-jisuanqi/
finance	expense-ratio-calculator	https://tooldone.com/finance/expense-ratio-calculator/	https://tooldone.com/zh/jinrong/feiyong-bili-jisuanqi/
finance	fcfe-calculator	https://tooldone.com/finance/fcfe-calculator/	https://tooldone.com/zh/jinrong/fcfi-jisuanqi/
finance	fcff-calculator-free-cash-flow-to-firm	https://tooldone.com/finance/fcff-calculator-free-cash-flow-to-firm/	https://tooldone.com/zh/jinrong/fcff-jisuanqi-gongsi-ziyou-xianjin-liu/
finance	fd-calculator-fixed-deposit-calculator	https://tooldone.com/finance/fd-calculator-fixed-deposit-calculator/	https://tooldone.com/zh/jinrong/dingqi-cunkuan-jisuanqi/
finance	ffo-calculator	https://tooldone.com/finance/ffo-calculator/	https://tooldone.com/zh/jinrong/ffo-jisuanqi/
finance	fha-loan-calculator	https://tooldone.com/finance/fha-loan-calculator/	https://tooldone.com/zh/jinrong/fha-daikuan-jisuanqi/
finance	fibonacci-retracement-calculator	https://tooldone.com/finance/fibonacci-retracement-calculator/	https://tooldone.com/zh/jinrong/fibonacci-huifu-jisuanqi/
finance	fica-tax-calculator	https://tooldone.com/finance/fica-tax-calculator/	https://tooldone.com/zh/jinrong/fika-shui-jisuanqi/
finance	fifo-calculator-for-inventory	https://tooldone.com/finance/fifo-calculator-for-inventory/	https://tooldone.com/zh/jinrong/fifo-kucun-jisuanqi/
finance	finance-charge-calculator	https://tooldone.com/finance/finance-charge-calculator/	https://tooldone.com/zh/jinrong/jinrong-feiyong-jisuanqi/
finance	financial-leverage-ratio-calculator	https://tooldone.com/finance/financial-leverage-ratio-calculator/	https://tooldone.com/zh/jinrong/jinrong-gangan-bili-jisuanqi/
finance	fire-calculator-financial-independence-retire-early	https://tooldone.com/finance/fire-calculator-financial-independence-retire-early/	https://tooldone.com/zh/jinrong/fire-jisuanqi-caizheng-duli-zao-tui-xiu/
finance	fisher-effect-calculator	https://tooldone.com/finance/fisher-effect-calculator/	https://tooldone.com/zh/jinrong/feixuer-xiaoying-jisuanqi/
finance	fisher-equation-calculator	https://tooldone.com/finance/fisher-equation-calculator/	https://tooldone.com/zh/jinrong/feixuer-fangcheng-jisuanqi/
finance	fixed-asset-turnover-ratio-calculator	https://tooldone.com/finance/fixed-asset-turnover-ratio-calculator/	https://tooldone.com/zh/jinrong/guding-zichan-zhouzhuan-lu-jisuanqi/
finance	florida-sales-tax-calculator	https://tooldone.com/finance/florida-sales-tax-calculator/	https://tooldone.com/zh/jinrong/faluolida-xiaoshou-shui-jisuanqi/
finance	forward-premium-calculator	https://tooldone.com/finance/forward-premium-calculator/	https://tooldone.com/zh/jinrong/forward-premium-jisuanqi/
finance	forward-rate-calculator	https://tooldone.com/finance/forward-rate-calculator/	https://tooldone.com/zh/jinrong/qianqi-huiliu-jisuanqi/
finance	free-cash-flow-calculator	https://tooldone.com/finance/free-cash-flow-calculator/	https://tooldone.com/zh/jinrong/ziyou-xianjin-liuliang-jisuanqi/
finance	free-float-calculator	https://tooldone.com/finance/free-float-calculator/	https://tooldone.com/zh/jinrong/ziyou-liutongliang-jisuanqi/
finance	full-time-equivalent-fte-calculator	https://tooldone.com/finance/full-time-equivalent-fte-calculator/	https://tooldone.com/zh/jinrong/quanzhi-dengxiao-jisuanqi/
finance	future-salary-calculator	https://tooldone.com/finance/future-salary-calculator/	https://tooldone.com/zh/jinrong/weilai-xinzi-jisuanqi/
finance	future-value-calculator	https://tooldone.com/finance/future-value-calculator/	https://tooldone.com/zh/jinrong/weilai-jiazhi-jisuanqi/
finance	future-value-of-annuity-calculator	https://tooldone.com/finance/future-value-of-annuity-calculator/	https://tooldone.com/zh/jinrong/nianjin-zhongzhi-jisuanqi/
finance	futures-contracts-calculator	https://tooldone.com/finance/futures-contracts-calculator/	https://tooldone.com/zh/jinrong/qihuo-hetong-jisuanqi/
finance	gdp-calculator-gross-domestic-product	https://tooldone.com/finance/gdp-calculator-gross-domestic-product/	https://tooldone.com/zh/jinrong/gdp-jisuanqi-guonei-shengchan-zongzhi/
finance	gdp-deflator-formula-calculator	https://tooldone.com/finance/gdp-deflator-formula-calculator/	https://tooldone.com/zh/jinrong/gdp-deflator-gongshi-jisuanqi/
finance	gdp-gap-calculator	https://tooldone.com/finance/gdp-gap-calculator/	https://tooldone.com/zh/jinrong/gdp-chaju-jisuanqi/
finance	gdp-growth-rate-calculator	https://tooldone.com/finance/gdp-growth-rate-calculator/	https://tooldone.com/zh/jinrong/gdp-zengzhanglv-jisuanqi/
finance	gdp-per-capita-calculator	https://tooldone.com/finance/gdp-per-capita-calculator/	https://tooldone.com/zh/jinrong/renjun-gdp-jisuanqi/
finance	gift-of-equity-calculator	https://tooldone.com/finance/gift-of-equity-calculator/	https://tooldone.com/zh/jinrong/ziben-liwu-jisuanqi/
finance	gini-coefficient-calculator	https://tooldone.com/finance/gini-coefficient-calculator/	https://tooldone.com/zh/jinrong/jini-xishu-jisuanqi/
finance	gmroi-calculator-gross-margin-return-on-investment	https://tooldone.com/finance/gmroi-calculator-gross-margin-return-on-investment/	https://tooldone.com/zh/jinrong/gmroi-jisuanqi-maolirun-touzishouyilv/
finance	gold-melt-calculator	https://tooldone.com/finance/gold-melt-calculator/	https://tooldone.com/zh/jinrong/jinrong-ronghua-jisuanqi/
finance	goodwill-calculator	https://tooldone.com/finance/goodwill-calculator/	https://tooldone.com/zh/jinrong/goodwill-jisuanqi/
finance	google-adsense-calculator	https://tooldone.com/finance/google-adsense-calculator/	https://tooldone.com/zh/jinrong/google-adsense-shouru-jisuanqi/
finance	graham-number-calculator	https://tooldone.com/finance/graham-number-calculator/	https://tooldone.com/zh/jinrong/geleihemu-shuzi-jisuanqi/
finance	gratuity-calculator	https://tooldone.com/finance/gratuity-calculator/	https://tooldone.com/zh/jinrong/xiaofei-jisuanqi/
finance	gross-margin-calculator	https://tooldone.com/finance/gross-margin-calculator/	https://tooldone.com/zh/jinrong/maoli-lv-jisuanqi/
finance	gross-rent-multiplier-calculator	https://tooldone.com/finance/gross-rent-multiplier-calculator/	https://tooldone.com/zh/jinrong/gross-rent-multiplier-jisuanqi/
finance	gross-to-net-calculator	https://tooldone.com/finance/gross-to-net-calculator/	https://tooldone.com/zh/jinrong/gross-to-net-jisuanqi/
finance	growing-annuity-calculator	https://tooldone.com/finance/growing-annuity-calculator/	https://tooldone.com/zh/jinrong/zengzhang-nianjin-jisuanqi/
finance	grp-calculator	https://tooldone.com/finance/grp-calculator/	https://tooldone.com/zh/jinrong/grp-jisuanqi/
finance	gst-calculator	https://tooldone.com/finance/gst-calculator/	https://tooldone.com/zh/jinrong/gst-jisuanqi/
finance	gst-qst-calculator-for-canada	https://tooldone.com/finance/gst-qst-calculator-for-canada/	https://tooldone.com/zh/jinrong/jiana-gst-qst-jisuanqi/
finance	hedge-ratio-calculator	https://tooldone.com/finance/hedge-ratio-calculator/	https://tooldone.com/zh/jinrong/hedge-bili-jisuanqi/
finance	heloc-calculator	https://tooldone.com/finance/heloc-calculator/	https://tooldone.com/zh/jinrong/hiluk-jisuanqi/
finance	hhi-calculator-herfindahl-hirschman-index-calculator	https://tooldone.com/finance/hhi-calculator-herfindahl-hirschman-index-calculator/	https://tooldone.com/zh/jinrong/hhi-jisuanqi-herfindahl-hirschman-zhishu/
finance	high-low-method-calculator	https://tooldone.com/finance/high-low-method-calculator/	https://tooldone.com/zh/jinrong/gaodi-fa-jisuanqi/
finance	holding-period-return-calculator	https://tooldone.com/finance/holding-period-return-calculator/	https://tooldone.com/zh/jinrong/chiyou-qijian-huibao-jisuanqi/
finance	home-affordability-calculator	https://tooldone.com/finance/home-affordability-calculator/	https://tooldone.com/zh/jinrong/fangzi-goumaifuheli-jisuanqi/
finance	home-improvement-loan-calculator	https://tooldone.com/finance/home-improvement-loan-calculator/	https://tooldone.com/zh/jinrong/jiating-gaizao-daikuan-jisuanqi/
finance	home-loan-calculator	https://tooldone.com/finance/home-loan-calculator/	https://tooldone.com/zh/jinrong/fangdai-jisuanqi/
finance	home-loan-emi-calculator	https://tooldone.com/finance/home-loan-emi-calculator/	https://tooldone.com/zh/jinrong/fangdai-yuegong-jisuanqi/
finance	home-mortgage-calculator	https://tooldone.com/finance/home-mortgage-calculator/	https://tooldone.com/zh/jinrong/fangdai-jisuanqi-fangdai/
finance	home-value-calculator-us	https://tooldone.com/finance/home-value-calculator-us/	https://tooldone.com/zh/jinrong/meiguo-fangjia-jisuanqi/
finance	hourly-to-salary-wage-calculator	https://tooldone.com/finance/hourly-to-salary-wage-calculator/	https://tooldone.com/zh/jinrong/xiaoshi-gongzi-ji-suanqi/
finance	hr-software-roi-calculator	https://tooldone.com/finance/hr-software-roi-calculator/	https://tooldone.com/zh/jinrong/renliziyuan-ruanjian-roi-jisuanqi/
finance	hra-exemption-calculator	https://tooldone.com/finance/hra-exemption-calculator/	https://tooldone.com/zh/jinrong/hra-mianze-jisuanqi/
finance	illinois-tax-calculator	https://tooldone.com/finance/illinois-tax-calculator/	https://tooldone.com/zh/jinrong/yilinuoyi-zhou-shui-jisuanqi/
finance	immediate-annuity-calculator	https://tooldone.com/finance/immediate-annuity-calculator/	https://tooldone.com/zh/jinrong/jishi-nianjin-jisuanqi/
finance	income-elasticity-of-demand-calculator	https://tooldone.com/finance/income-elasticity-of-demand-calculator/	https://tooldone.com/zh/jinrong/shouru-xuqiu-danxing-jisuanqi/
finance	income-tax-calculator-pakistan	https://tooldone.com/finance/income-tax-calculator-pakistan/	https://tooldone.com/zh/jinrong/bajisitan-suode-shui-jisuanqi/
finance	income-tax-cuts-calculator-australia-federal-budget-2020-21	https://tooldone.com/finance/income-tax-cuts-calculator-australia-federal-budget-2020-21/	https://tooldone.com/zh/jinrong/aodaliya-lianbang-yusuan-2020-21-suodeshui-jianmian-jisuanqi/
finance	income-tax-philippines-calculator	https://tooldone.com/finance/income-tax-philippines-calculator/	https://tooldone.com/zh/jinrong/feilubin-suode-shui-jisuanqi/
finance	inflation-calculator	https://tooldone.com/finance/inflation-calculator/	https://tooldone.com/zh/jinrong/tonghuo-pengzhang-jisuanqi/
finance	information-ratio-calculator	https://tooldone.com/finance/information-ratio-calculator/	https://tooldone.com/zh/jinrong/xinxi-bili-jisuanqi/
finance	interest-coverage-ratio-calculator	https://tooldone.com/finance/interest-coverage-ratio-calculator/	https://tooldone.com/zh/jinrong/lixi-fugailu-jisuanqi/
finance	interest-only-mortgage-calculator	https://tooldone.com/finance/interest-only-mortgage-calculator/	https://tooldone.com/zh/jinrong/zhixi-diyada-jisuanqi/
finance	interest-rate-calculator	https://tooldone.com/finance/interest-rate-calculator/	https://tooldone.com/zh/jinrong/lixi-lu-jisuanqi/
finance	interest-rate-parity-calculator	https://tooldone.com/finance/interest-rate-parity-calculator/	https://tooldone.com/zh/jinrong/lilv-pingjia-jisuanqi/
finance	intrinsic-value-calculator	https://tooldone.com/finance/intrinsic-value-calculator/	https://tooldone.com/zh/jinrong/neizai-jiazhi-jisuanqi/
finance	inventory-turnover-calculator	https://tooldone.com/finance/inventory-turnover-calculator/	https://tooldone.com/zh/jinrong/kucun-zhouzhuan-lv-jisuanqi/
finance	investment-calculator	https://tooldone.com/finance/investment-calculator/	https://tooldone.com/zh/jinrong/touzi-jisuanqi/
finance	investment-fee-calculator	https://tooldone.com/finance/investment-fee-calculator/	https://tooldone.com/zh/jinrong/touzi-feiyong-jisuanqi/
finance	ira-calculator	https://tooldone.com/finance/ira-calculator/	https://tooldone.com/zh/jinrong/ira-jisuanqi/
finance	irr-calculator-internal-rate-of-return	https://tooldone.com/finance/irr-calculator-internal-rate-of-return/	https://tooldone.com/zh/jinrong/neibu-baochoulu-jisuanqi/
finance	jensens-alpha-calculator	https://tooldone.com/finance/jensens-alpha-calculator/	https://tooldone.com/zh/jinrong/jiesen-alpha-jisuanqi/
finance	labor-cost-calculator	https://tooldone.com/finance/labor-cost-calculator/	https://tooldone.com/zh/jinrong/laodong-chengben-jisuanqi/
finance	labor-force-participation-rate-calculator	https://tooldone.com/finance/labor-force-participation-rate-calculator/	https://tooldone.com/zh/jinrong/laodongli-can-yu-lu-jisuanqi/
finance	land-loan-calculator	https://tooldone.com/finance/land-loan-calculator/	https://tooldone.com/zh/jinrong/tudi-daikuan-jisuanqi/
finance	lcr-calculator	https://tooldone.com/finance/lcr-calculator/	https://tooldone.com/zh/jinrong/lcr-jisuanqi-likuidi-fugai-lu/
finance	lease-calculator	https://tooldone.com/finance/lease-calculator/	https://tooldone.com/zh/jinrong/zulin-jisuanqi/
finance	lease-mileage-calculator	https://tooldone.com/finance/lease-mileage-calculator/	https://tooldone.com/zh/jinrong/zulin-gongli-jisuanqi/
finance	lemonade-stand-calculator	https://tooldone.com/finance/lemonade-stand-calculator/	https://tooldone.com/zh/jinrong/ningmeng-shui-stand-jisuanqi/
finance	lerner-index-calculator	https://tooldone.com/finance/lerner-index-calculator/	https://tooldone.com/zh/jinrong/lerner-zhishu-jisuanqi/
finance	levered-free-cash-flow-calculator	https://tooldone.com/finance/levered-free-cash-flow-calculator/	https://tooldone.com/zh/jinrong/jiazhai-ziyou-xianjin-liuliang-jisuanqi/
finance	lgd-calculator-loss-given-default	https://tooldone.com/finance/lgd-calculator-loss-given-default/	https://tooldone.com/zh/jinrong/lgd-jisuanqi-kui-sun-lu/
finance	lifetime-earnings-calculator	https://tooldone.com/finance/lifetime-earnings-calculator/	https://tooldone.com/zh/jinrong/zhongshen-shouru-jisuanqi/
finance	lifo-calculator-for-inventory	https://tooldone.com/finance/lifo-calculator-for-inventory/	https://tooldone.com/zh/jinrong/lifo-kucun-jisuanqi/
finance	liquid-net-worth-calculator	https://tooldone.com/finance/liquid-net-worth-calculator/	https://tooldone.com/zh/jinrong/liudong-jingzhi-jisuanqi/
finance	loan-balance-calculator	https://tooldone.com/finance/loan-balance-calculator/	https://tooldone.com/zh/jinrong/daikuan-yue-jisuanqi/
finance	loan-calculator	https://tooldone.com/finance/loan-calculator/	https://tooldone.com/zh/jinrong/daikuan-jisuanqi/
finance	loan-comparison-calculator	https://tooldone.com/finance/loan-comparison-calculator/	https://tooldone.com/zh/jinrong/daikuan-bijiao-jisuanqi/
finance	loan-interest-calculator	https://tooldone.com/finance/loan-interest-calculator/	https://tooldone.com/zh/jinrong/daikuan-lixi-jisuanqi/
finance	loan-payment-calculator	https://tooldone.com/finance/loan-payment-calculator/	https://tooldone.com/zh/jinrong/daikuan-huankuan-jisuanqi/
finance	loan-repayment-calculator-loan-payoff-calculator	https://tooldone.com/finance/loan-repayment-calculator-loan-payoff-calculator/	https://tooldone.com/zh/jinrong/daikuan-huankuan-jisuanqi-daikuan-huankuan-jisuanqi/
finance	long-term-care-calculator	https://tooldone.com/finance/long-term-care-calculator/	https://tooldone.com/zh/jinrong/changqi-huli-feiyong-jisuanqi/
finance	loss-ratio-calculator	https://tooldone.com/finance/loss-ratio-calculator/	https://tooldone.com/zh/jinrong/sunshi-bili-jisuanqi/
finance	lottery-annuity-calculator	https://tooldone.com/finance/lottery-annuity-calculator/	https://tooldone.com/zh/jinrong/lottery-annuiti-jisuanqi/
finance	lottery-tax-calculator	https://tooldone.com/finance/lottery-tax-calculator/	https://tooldone.com/zh/jinrong/caipiao-shui-kalkulator/
finance	ltv-calculator-loan-to-value	https://tooldone.com/finance/ltv-calculator-loan-to-value/	https://tooldone.com/zh/jinrong/ltv-jisuanqi-daikuan-bi-zhi/
finance	lumpsum-calculator	https://tooldone.com/finance/lumpsum-calculator/	https://tooldone.com/zh/jinrong/yicixing-touzi-jisuanqi/
finance	man-hours-calculator	https://tooldone.com/finance/man-hours-calculator/	https://tooldone.com/zh/jinrong/renshi-jisuanqi/
finance	margin-and-markup-calculator	https://tooldone.com/finance/margin-and-markup-calculator/	https://tooldone.com/zh/jinrong/lirun-jiajia-jisuanqi/
finance	margin-and-sales-tax-calculator	https://tooldone.com/finance/margin-and-sales-tax-calculator/	https://tooldone.com/zh/jinrong/maijin-he-xiaoshou-shui-jisuanqi/
finance	margin-and-vat-calculator	https://tooldone.com/finance/margin-and-vat-calculator/	https://tooldone.com/zh/jinrong/maijin-he-kdv-jisuanqi/
finance	margin-calculator	https://tooldone.com/finance/margin-calculator/	https://tooldone.com/zh/jinrong/maoyi-jisuanqi/
finance	margin-calculator-classic	https://tooldone.com/finance/margin-calculator-classic/	https://tooldone.com/zh/jinrong/maijin-jisuanqi-jingdian/
finance	margin-call-calculator	https://tooldone.com/finance/margin-call-calculator/	https://tooldone.com/zh/jinrong/margin-call-jisuanqi/
finance	margin-interest-calculator	https://tooldone.com/finance/margin-interest-calculator/	https://tooldone.com/zh/jinrong/majin-lixi-jisuanqi/
finance	margin-of-safety-calculator	https://tooldone.com/finance/margin-of-safety-calculator/	https://tooldone.com/zh/jinrong/anquan-bianji-jisuanqi/
finance	margin-with-discount-calculator	https://tooldone.com/finance/margin-with-discount-calculator/	https://tooldone.com/zh/jinrong/zhekou-mali-lun-jisuanqi/
finance	marginal-cost-calculator	https://tooldone.com/finance/marginal-cost-calculator/	https://tooldone.com/zh/jinrong/bianjiachengben-jisuanqi/
finance	marginal-revenue-calculator	https://tooldone.com/finance/marginal-revenue-calculator/	https://tooldone.com/zh/jinrong/bianjingshouru-jisuanqi/
finance	markdown-calculator	https://tooldone.com/finance/markdown-calculator/	https://tooldone.com/zh/jinrong/jiangjia-jisuanqi/
finance	market-capitalization-calculator	https://tooldone.com/finance/market-capitalization-calculator/	https://tooldone.com/zh/jinrong/shichang-ziben-jisuanqi/
finance	markup-calculator	https://tooldone.com/finance/markup-calculator/	https://tooldone.com/zh/jinrong/jiama-jisuanqi/
finance	markup-calculator-classic	https://tooldone.com/finance/markup-calculator-classic/	https://tooldone.com/zh/jinrong/maijin-jisuanqi/
finance	maturity-value-calculator	https://tooldone.com/finance/maturity-value-calculator/	https://tooldone.com/zh/jinrong/daoqi-jiazhi-jisuanqi/
finance	maximum-drawdown-calculator	https://tooldone.com/finance/maximum-drawdown-calculator/	https://tooldone.com/zh/jinrong/zui-da-drawdown-jisuanqi/
finance	mega-millions-payout-calculator	https://tooldone.com/finance/mega-millions-payout-calculator/	https://tooldone.com/zh/jinrong/mega-millions-fu-kuan-ji-suan-qi/
finance	mileage-reimbursement-calculator	https://tooldone.com/finance/mileage-reimbursement-calculator/	https://tooldone.com/zh/jinrong/licheng-baoxiao-jisuanqi/
finance	millionaire-calculator	https://tooldone.com/finance/millionaire-calculator/	https://tooldone.com/zh/jinrong/baiwan-furen-jisuanqi/
finance	mirr-calculator-modified-internal-rate-of-return	https://tooldone.com/finance/mirr-calculator-modified-internal-rate-of-return/	https://tooldone.com/zh/jinrong/mirr-jisuanqi-xiugai-neibu-baochoulu/
finance	missouri-sales-tax-calculator	https://tooldone.com/finance/missouri-sales-tax-calculator/	https://tooldone.com/zh/jinrong/moxizhou-xiaoshou-shui-jisuanqi/
finance	modified-adjusted-gross-income-magi-calculator	https://tooldone.com/finance/modified-adjusted-gross-income-magi-calculator/	https://tooldone.com/zh/jinrong/xiugai-tiaozheng-zongshouru-magi-jisuanqi/
finance	money-counter-calculator	https://tooldone.com/finance/money-counter-calculator/	https://tooldone.com/zh/jinrong/qianji-jisuanqi/
finance	money-factor-calculator	https://tooldone.com/finance/money-factor-calculator/	https://tooldone.com/zh/jinrong/qian-yinsu-jisuanqi/
finance	money-market-account-calculator	https://tooldone.com/finance/money-market-account-calculator/	https://tooldone.com/zh/jinrong/huobi-shichang-zhanghu-jisuanqi/
finance	money-multiplier-calculator	https://tooldone.com/finance/money-multiplier-calculator/	https://tooldone.com/zh/jinrong/qian-chengshu-jisuanqi/
finance	money-supply-calculator	https://tooldone.com/finance/money-supply-calculator/	https://tooldone.com/zh/jinrong/huobi-gongying-jisuanqi/
finance	month-over-month-calculator	https://tooldone.com/finance/month-over-month-calculator/	https://tooldone.com/zh/jinrong/yue-dui-yue-bianhua-jisuanqi/
finance	moratorium-calculator	https://tooldone.com/finance/moratorium-calculator/	https://tooldone.com/zh/jinrong/zhaiwu-yanqi-jisuanqi/
finance	mortgage-acceleration-calculator	https://tooldone.com/finance/mortgage-acceleration-calculator/	https://tooldone.com/zh/jinrong/diyakuan-jiasu-jisuanqi/
finance	mortgage-amortization-calculator	https://tooldone.com/finance/mortgage-amortization-calculator/	https://tooldone.com/zh/jinrong/fangdai-fenqi-jisuanqi/
finance	mortgage-calculator	https://tooldone.com/finance/mortgage-calculator/	https://tooldone.com/zh/jinrong/diyakuan-jisuanqi/
finance	mortgage-calculator-with-taxes-and-insurance	https://tooldone.com/finance/mortgage-calculator-with-taxes-and-insurance/	https://tooldone.com/zh/jinrong/shuifei-he-baoxian-jisuanqi/
finance	mortgage-comparison-calculator	https://tooldone.com/finance/mortgage-comparison-calculator/	https://tooldone.com/zh/jinrong/diyakuan-bijiao-jisuanqi/
finance	mortgage-interest-calculator	https://tooldone.com/finance/mortgage-interest-calculator/	https://tooldone.com/zh/jinrong/fangdai-lixi-jisuanqi/
finance	mortgage-payoff-calculator	https://tooldone.com/finance/mortgage-payoff-calculator/	https://tooldone.com/zh/jinrong/diyakuan-huanqing-jisuanqi/
finance	mortgage-penalty-calculator	https://tooldone.com/finance/mortgage-penalty-calculator/	https://tooldone.com/zh/jinrong/diyakuan-fakuan-jisuanqi/
finance	mortgage-points-calculator	https://tooldone.com/finance/mortgage-points-calculator/	https://tooldone.com/zh/jinrong/diyadian-shudian-jisuanqi/
finance	mortgage-prepayment-calculator	https://tooldone.com/finance/mortgage-prepayment-calculator/	https://tooldone.com/zh/jinrong/fangdai-tiqian-huan-kuan-jisuanqi/
finance	mortgage-rate-calculator	https://tooldone.com/finance/mortgage-rate-calculator/	https://tooldone.com/zh/jinrong/fangdai-lilv-jisuanqi/
finance	mortgage-refinance-calculator	https://tooldone.com/finance/mortgage-refinance-calculator/	https://tooldone.com/zh/jinrong/fangdai-refinancing-jisuanqi/
finance	mortgage-with-extra-payments-calculator	https://tooldone.com/finance/mortgage-with-extra-payments-calculator/	https://tooldone.com/zh/jinrong/chaoji-fukuan-diyadaikuan-jisuanqi/
finance	moving-average-calculator	https://tooldone.com/finance/moving-average-calculator/	https://tooldone.com/zh/jinrong/yidong-pingjun-shu-jisuanqi/
finance	mpc-calculator	https://tooldone.com/finance/mpc-calculator/	https://tooldone.com/zh/jinrong/bianji-xiaofei-qingxiang-jisuanqi/
finance	mps-calculator	https://tooldone.com/finance/mps-calculator/	https://tooldone.com/zh/jinrong/mei-miao-yingli-jisuanqi/
finance	mutual-fund-calculator	https://tooldone.com/finance/mutual-fund-calculator/	https://tooldone.com/zh/jinrong/gongmu-jijin-jisuanqi/
finance	mva-calculator	https://tooldone.com/finance/mva-calculator/	https://tooldone.com/zh/jinrong/zui-xiao-ke-xing-jin-e-ji-suan-qi/
finance	national-insurance-calculator	https://tooldone.com/finance/national-insurance-calculator/	https://tooldone.com/zh/jinrong/guojia-baoxian-jisuanqi/
finance	natural-rate-of-unemployment-calculator	https://tooldone.com/finance/natural-rate-of-unemployment-calculator/	https://tooldone.com/zh/jinrong/ziran-shiyelv-jisuanqi/
finance	nav-calculator-net-asset-value	https://tooldone.com/finance/nav-calculator-net-asset-value/	https://tooldone.com/zh/jinrong/nav-jisuanqi-jing-zichan-jiazhi/
finance	net-debt-calculator	https://tooldone.com/finance/net-debt-calculator/	https://tooldone.com/zh/jinrong/jingzhaiwu-jisuanqi/
finance	net-effective-rent-calculator	https://tooldone.com/finance/net-effective-rent-calculator/	https://tooldone.com/zh/jinrong/jing-youxiao-zu-jisuanqi/
finance	net-income-calculator	https://tooldone.com/finance/net-income-calculator/	https://tooldone.com/zh/jinrong/jing-shouru-jisuanqi/
finance	net-operating-assets-calculator	https://tooldone.com/finance/net-operating-assets-calculator/	https://tooldone.com/zh/jinrong/jing-ying-zi-chan-ji-suan-qi/
finance	net-operating-income-calculator	https://tooldone.com/finance/net-operating-income-calculator/	https://tooldone.com/zh/jinrong/jing-ying-shou-ru-jing-e-ji-suan-qi/
finance	net-operating-working-capital-calculator	https://tooldone.com/finance/net-operating-working-capital-calculator/	https://tooldone.com/zh/jinrong/jing-ying-liu-dong-zi-ben-ji-suan-qi/
finance	net-profit-margin-calculator	https://tooldone.com/finance/net-profit-margin-calculator/	https://tooldone.com/zh/jinrong/jinglirun-lv-jisuanqi/
finance	net-to-gross-calculator	https://tooldone.com/finance/net-to-gross-calculator/	https://tooldone.com/zh/jinrong/jinggongzi-zhuan-gongzi-jisuanqi/
finance	net-worth-calculator	https://tooldone.com/finance/net-worth-calculator/	https://tooldone.com/zh/jinrong/jing-zichan-jisuanqi/
finance	new-york-tax-calculator	https://tooldone.com/finance/new-york-tax-calculator/	https://tooldone.com/zh/jinrong/niuyue-shuijin-jisuanqi/
finance	nopat-calculator	https://tooldone.com/finance/nopat-calculator/	https://tooldone.com/zh/jinrong/nopat-jisuanqi/
finance	nps-calculator	https://tooldone.com/finance/nps-calculator/	https://tooldone.com/zh/jinrong/wangluo-tuijian-zhi-jisuanqi/
finance	nps-calculator-for-india	https://tooldone.com/finance/nps-calculator-for-india/	https://tooldone.com/zh/jinrong/yindu-nps-jisuanqi/
finance	npv-calculator-net-present-value	https://tooldone.com/finance/npv-calculator-net-present-value/	https://tooldone.com/zh/jinrong/npv-jisuanqi-jingxianzhi/
finance	nsfr-calculator	https://tooldone.com/finance/nsfr-calculator/	https://tooldone.com/zh/jinrong/nsfr-jisuanqi/
finance	occupancy-rate-calculator	https://tooldone.com/finance/occupancy-rate-calculator/	https://tooldone.com/zh/jinrong/ruzhu-lv-jisuanqi/
finance	ohio-sales-tax-calculator	https://tooldone.com/finance/ohio-sales-tax-calculator/	https://tooldone.com/zh/jinrong/ehaiezhou-xiaoshui-shui-jisuanqi/
finance	okuns-law-calculator	https://tooldone.com/finance/okuns-law-calculator/	https://tooldone.com/zh/jinrong/aokun-dinglv-jisuanqi/
finance	online-marketing-conversion-calculator	https://tooldone.com/finance/online-marketing-conversion-calculator/	https://tooldone.com/zh/jinrong/wangluo-yingxiao-zhuanhuan-jisuanqi/
finance	operating-asset-turnover-calculator	https://tooldone.com/finance/operating-asset-turnover-calculator/	https://tooldone.com/zh/jinrong/yunying-zichan-zhouzhuan-jisuanqi/
finance	operating-cash-flow-calculator	https://tooldone.com/finance/operating-cash-flow-calculator/	https://tooldone.com/zh/jinrong/yunying-xianjin-liuliang-jisuanqi/
finance	operating-cash-flow-ratio-calculator	https://tooldone.com/finance/operating-cash-flow-ratio-calculator/	https://tooldone.com/zh/jinrong/jingying-xianjin-liuliang-bili-jisuanqi/
finance	operating-margin-calculator	https://tooldone.com/finance/operating-margin-calculator/	https://tooldone.com/zh/jinrong/yunying-lirunlv-jisuanqi/
finance	opportunity-cost-calculator	https://tooldone.com/finance/opportunity-cost-calculator/	https://tooldone.com/zh/jinrong/jihui-chengben-jisuanqi/
finance	optimal-hedge-ratio-calculator	https://tooldone.com/finance/optimal-hedge-ratio-calculator/	https://tooldone.com/zh/jinrong/zuiyou-hedge-bili-jisuanqi/
finance	optimal-price-calculator	https://tooldone.com/finance/optimal-price-calculator/	https://tooldone.com/zh/jinrong/zuijia-jiage-jisuanqi/
finance	options-spread-calculator	https://tooldone.com/finance/options-spread-calculator/	https://tooldone.com/zh/jinrong/quanxian-chaji-jisuanqi/
finance	overtime-calculator	https://tooldone.com/finance/overtime-calculator/	https://tooldone.com/zh/jinrong/jiaban-jisuanqi/
finance	pag-ibig-housing-loan-calculator	https://tooldone.com/finance/pag-ibig-housing-loan-calculator/	https://tooldone.com/zh/jinrong/pag-ibig-zhufang-daikuan-jisuanqi/
finance	parking-ratio-calculator	https://tooldone.com/finance/parking-ratio-calculator/	https://tooldone.com/zh/jinrong/tingchechang-bili-jisuanqi/
finance	partially-amortized-loan-calculator	https://tooldone.com/finance/partially-amortized-loan-calculator/	https://tooldone.com/zh/jinrong/bufenzhifu-daikuan-jisuanqi/
finance	pay-raise-calculator	https://tooldone.com/finance/pay-raise-calculator/	https://tooldone.com/zh/jinrong/xinzeng-gongzi-jisuanqi/
finance	payback-period-calculator	https://tooldone.com/finance/payback-period-calculator/	https://tooldone.com/zh/jinrong/huibao-zhouqi-jisuanqi/
finance	paycheck-protection-program-loan-calculator	https://tooldone.com/finance/paycheck-protection-program-loan-calculator/	https://tooldone.com/zh/jinrong/xinzi-baohu-jihua-daikuan-jisuanqi/
finance	payday-loan-calculator	https://tooldone.com/finance/payday-loan-calculator/	https://tooldone.com/zh/jinrong/xinshui-daikuan-jisuanqi/
finance	paypal-fee-calculator	https://tooldone.com/finance/paypal-fee-calculator/	https://tooldone.com/zh/jinrong/paypal-feiyong-jisuanqi/
finance	peg-ratio-calculator	https://tooldone.com/finance/peg-ratio-calculator/	https://tooldone.com/zh/jinrong/peg-bili-jisuanqi/
finance	percent-off-calculator	https://tooldone.com/finance/percent-off-calculator/	https://tooldone.com/zh/jinrong/zhekou-bili-jisuanqi/
finance	percentage-discount-calculator	https://tooldone.com/finance/percentage-discount-calculator/	https://tooldone.com/zh/jinrong/baifenbi-zhekou-jisuanqi/
finance	percentage-return-calculator	https://tooldone.com/finance/percentage-return-calculator/	https://tooldone.com/zh/jinrong/baifenbi-huibao-jisuanqi/
finance	perpetuity-calculator	https://tooldone.com/finance/perpetuity-calculator/	https://tooldone.com/zh/jinrong/yongjiu-jisuanqi/
finance	personal-loan-calculator	https://tooldone.com/finance/personal-loan-calculator/	https://tooldone.com/zh/jinrong/geren-daikuan-jisuanqi/
finance	personal-loan-emi-calculator	https://tooldone.com/finance/personal-loan-emi-calculator/	https://tooldone.com/zh/jinrong/geren-daikuan-jisuanqi-geren/
finance	phillips-curve-calculator	https://tooldone.com/finance/phillips-curve-calculator/	https://tooldone.com/zh/jinrong/feilipusi-quxian-jisuanqi/
finance	piti-calculator	https://tooldone.com/finance/piti-calculator/	https://tooldone.com/zh/jinrong/piti-jisuanqi/
finance	pivot-point-calculator	https://tooldone.com/finance/pivot-point-calculator/	https://tooldone.com/zh/jinrong/zhuanzhedian-jisuanqi/
finance	pmi-calculator	https://tooldone.com/finance/pmi-calculator/	https://tooldone.com/zh/jinrong/pmi-jisuanqi/
finance	portfolio-beta-calculator	https://tooldone.com/finance/portfolio-beta-calculator/	https://tooldone.com/zh/jinrong/zichan-zubei-beta-jisuanqi/
finance	post-judgment-interest-calculator	https://tooldone.com/finance/post-judgment-interest-calculator/	https://tooldone.com/zh/jinrong/panjue-hou-lixi-jisuanqi/
finance	post-office-monthly-income-scheme-calculator	https://tooldone.com/finance/post-office-monthly-income-scheme-calculator/	https://tooldone.com/zh/jinrong/youzhengju-yue-shouru-jihua-jisuanqi/
finance	powerball-calculator	https://tooldone.com/finance/powerball-calculator/	https://tooldone.com/zh/jinrong/powerball-jisuanqi/
finance	ppf-calculator	https://tooldone.com/finance/ppf-calculator/	https://tooldone.com/zh/jinrong/ppf-jisuanqi/
finance	ppp-calculator-purchasing-power-parity	https://tooldone.com/finance/ppp-calculator-purchasing-power-parity/	https://tooldone.com/zh/jinrong/goumai-li-paritei-jisuanqi/
finance	pre-and-post-money-valuation-calculator	https://tooldone.com/finance/pre-and-post-money-valuation-calculator/	https://tooldone.com/zh/jinrong/touzi-qian-hou-jiazhi-pinggu-jisuanqi/
finance	present-value-calculator	https://tooldone.com/finance/present-value-calculator/	https://tooldone.com/zh/jinrong/xianzhi-jisuanqi/
finance	present-value-of-annuity-calculator	https://tooldone.com/finance/present-value-of-annuity-calculator/	https://tooldone.com/zh/jinrong/nianjin-xianzhi-jisuanqi/
finance	price-elasticity-of-demand-calculator	https://tooldone.com/finance/price-elasticity-of-demand-calculator/	https://tooldone.com/zh/jinrong/jiage-xuqiu-danxing-jisuanqi/
finance	price-elasticity-of-supply-calculator	https://tooldone.com/finance/price-elasticity-of-supply-calculator/	https://tooldone.com/zh/jinrong/jiage-gongji-danxing-jisuanqi/
finance	price-per-square-foot-calculator	https://tooldone.com/finance/price-per-square-foot-calculator/	https://tooldone.com/zh/jinrong/mei-pingfang-yingchi-jisuanqi/
finance	price-per-square-meter-calculator	https://tooldone.com/finance/price-per-square-meter-calculator/	https://tooldone.com/zh/jinrong/mei-pingfang-mi-jiaqian-jisuanqi/
finance	price-quantity-calculator	https://tooldone.com/finance/price-quantity-calculator/	https://tooldone.com/zh/jinrong/jiage-shuliang-jisuanqi/
finance	price-to-book-ratio-calculator	https://tooldone.com/finance/price-to-book-ratio-calculator/	https://tooldone.com/zh/jinrong/shizhang-jingzichan-bili-jisuanqi/
finance	price-to-cash-flow-ratio-calculator	https://tooldone.com/finance/price-to-cash-flow-ratio-calculator/	https://tooldone.com/zh/jinrong/jiage-xianjinliuli-bili-jisuanqi/
finance	price-to-earnings-ratio-calculator	https://tooldone.com/finance/price-to-earnings-ratio-calculator/	https://tooldone.com/zh/jinrong/shiyi-lu-jisuanqi/
finance	price-to-sales-ratio-calculator	https://tooldone.com/finance/price-to-sales-ratio-calculator/	https://tooldone.com/zh/jinrong/shichang-jia-ge-xiaoshou-bi-lu-jisuanqi/
finance	private-savings-calculator	https://tooldone.com/finance/private-savings-calculator/	https://tooldone.com/zh/jinrong/geren-chuxu-jisuanqi/
finance	productivity-calculator	https://tooldone.com/finance/productivity-calculator/	https://tooldone.com/zh/jinrong/shengchanli-jisuanqi/
finance	profit-calculator	https://tooldone.com/finance/profit-calculator/	https://tooldone.com/zh/jinrong/lirun-jisuanqi/
finance	profitability-index-calculator	https://tooldone.com/finance/profitability-index-calculator/	https://tooldone.com/zh/jinrong/yingli-zhishu-jisuanqi/
finance	prorated-rent-calculator	https://tooldone.com/finance/prorated-rent-calculator/	https://tooldone.com/zh/jinrong/anbi-zufang-jisuanqi/
finance	prorated-salary-calculator	https://tooldone.com/finance/prorated-salary-calculator/	https://tooldone.com/zh/jinrong/anbi-gongzi-jisuanqi/
finance	put-call-parity-calculator	https://tooldone.com/finance/put-call-parity-calculator/	https://tooldone.com/zh/jinrong/put-call-parity-jisuanqi/
finance	pvgo-calculator	https://tooldone.com/finance/pvgo-calculator/	https://tooldone.com/zh/jinrong/zengzhang-jihui-xianzhi-jiazhi-jisuanqi/
finance	pvifa-calculator	https://tooldone.com/finance/pvifa-calculator/	https://tooldone.com/zh/jinrong/pvifa-jisuanqi-xianzhi-jiazhi/
finance	quick-ratio-calculator	https://tooldone.com/finance/quick-ratio-calculator/	https://tooldone.com/zh/jinrong/suxing-bili-jisuanqi/
finance	rate-of-return-calculator	https://tooldone.com/finance/rate-of-return-calculator/	https://tooldone.com/zh/jinrong/touzi-shouyilv-jisuanqi/
finance	rd-calculator-recurring-deposit	https://tooldone.com/finance/rd-calculator-recurring-deposit/	https://tooldone.com/zh/jinrong/dingqi-cunkuan-jisuanqi-dingqi/
finance	real-estate-commission-calculator	https://tooldone.com/finance/real-estate-commission-calculator/	https://tooldone.com/zh/jinrong/fangdichan-yongjin-jisuanqi/
finance	real-gdp-calculator	https://tooldone.com/finance/real-gdp-calculator/	https://tooldone.com/zh/jinrong/shiji-gdp-jisuanqi/
finance	real-interest-rate-calculator	https://tooldone.com/finance/real-interest-rate-calculator/	https://tooldone.com/zh/jinrong/shizhililv-jisuanqi/
finance	real-rate-of-return-calculator	https://tooldone.com/finance/real-rate-of-return-calculator/	https://tooldone.com/zh/jinrong/shiji-shouyilv-jisuanqi/
finance	realtor-commission-calculator-with-vat	https://tooldone.com/finance/realtor-commission-calculator-with-vat/	https://tooldone.com/zh/jinrong/fangdichan-yongjin-jisuanqi-baohan-shuizhi/
finance	receivables-turnover-ratio-calculator	https://tooldone.com/finance/receivables-turnover-ratio-calculator/	https://tooldone.com/zh/jinrong/shouzhang-zhuanhuanlv-jisuanqi/
finance	refinance-break-even-calculator	https://tooldone.com/finance/refinance-break-even-calculator/	https://tooldone.com/zh/jinrong/zaixindai-pinghengdian-jisuanqi/
finance	refinance-calculator	https://tooldone.com/finance/refinance-calculator/	https://tooldone.com/zh/jinrong/refinance-jisuanqi/
finance	relative-strength-index-calculator-rsi	https://tooldone.com/finance/relative-strength-index-calculator-rsi/	https://tooldone.com/zh/jinrong/xiangdui-qiangdu-zhibiao-jisuanqi-rsi/
finance	remote-vs-on-location-workers-calculator	https://tooldone.com/finance/remote-vs-on-location-workers-calculator/	https://tooldone.com/zh/jinrong/yuancheng-dui-bendi-gongzuozhe-jisuanqi/
finance	rent-calculator	https://tooldone.com/finance/rent-calculator/	https://tooldone.com/zh/jinrong/zufang-jisuanqi/
finance	rent-increase-calculator	https://tooldone.com/finance/rent-increase-calculator/	https://tooldone.com/zh/jinrong/zujin-zengzhang-jisuanqi/
finance	rent-or-buy-calculator	https://tooldone.com/finance/rent-or-buy-calculator/	https://tooldone.com/zh/jinrong/zufang-huo-goufang-jisuanqi/
finance	rental-commission-calculator	https://tooldone.com/finance/rental-commission-calculator/	https://tooldone.com/zh/jinrong/zufang-yongjin-jisuanqi/
finance	rental-property-calculator	https://tooldone.com/finance/rental-property-calculator/	https://tooldone.com/zh/jinrong/chuzu-fangchan-jisuanqi/
finance	reserve-ratio-calculator	https://tooldone.com/finance/reserve-ratio-calculator/	https://tooldone.com/zh/jinrong/zhunbei-bi-li-jisuanqi/
finance	residual-income-calculator	https://tooldone.com/finance/residual-income-calculator/	https://tooldone.com/zh/jinrong/shengyu-shouru-jisuanqi/
finance	retained-earnings-calculator	https://tooldone.com/finance/retained-earnings-calculator/	https://tooldone.com/zh/jinrong/liucun-shouyi-jisuanqi/
finance	retention-ratio-calculator	https://tooldone.com/finance/retention-ratio-calculator/	https://tooldone.com/zh/jinrong/kehu-baoliu-bili-jisuanqi/
finance	retirement-calculator	https://tooldone.com/finance/retirement-calculator/	https://tooldone.com/zh/jinrong/tuixiu-jisuanqi/
finance	retirement-withdrawal-calculator	https://tooldone.com/finance/retirement-withdrawal-calculator/	https://tooldone.com/zh/jinrong/tuixiu-tiqu-jisuanqi/
finance	return-on-assets-calculator	https://tooldone.com/finance/return-on-assets-calculator/	https://tooldone.com/zh/jinrong/zichan-baochou-lu-jisuanqi/
finance	return-on-capital-employed-calculator-roce	https://tooldone.com/finance/return-on-capital-employed-calculator-roce/	https://tooldone.com/zh/jinrong/ziben-yonglv-huibao-jisuanqi-roce/
finance	return-on-equity-calculator	https://tooldone.com/finance/return-on-equity-calculator/	https://tooldone.com/zh/jinrong/gudong-quanyi-baochou-lu-jisuanqi/
finance	return-on-sales-calculator	https://tooldone.com/finance/return-on-sales-calculator/	https://tooldone.com/zh/jinrong/xiaoshou-shouyilv-jisuanqi/
finance	revenue-calculator	https://tooldone.com/finance/revenue-calculator/	https://tooldone.com/zh/jinrong/shouru-jisuanqi/
finance	revenue-growth-calculator	https://tooldone.com/finance/revenue-growth-calculator/	https://tooldone.com/zh/jinrong/shouru-zengzhang-jisuanqi/
finance	revenue-per-employee-calculator	https://tooldone.com/finance/revenue-per-employee-calculator/	https://tooldone.com/zh/jinrong/renjun-shouru-jisuanqi/
finance	rmd-calculator-required-minimum-distributions-calculator	https://tooldone.com/finance/rmd-calculator-required-minimum-distributions-calculator/	https://tooldone.com/zh/jinrong/rmd-jisuanqi-bixu-zuidi-fenpei/
finance	roas-calculator	https://tooldone.com/finance/roas-calculator/	https://tooldone.com/zh/jinrong/roas-jisuanqi/
finance	roi-calculator-return-on-investment	https://tooldone.com/finance/roi-calculator-return-on-investment/	https://tooldone.com/zh/jinrong/roi-jisuanqi-touzi-huibao/
finance	roic-calculator-return-on-invested-capital	https://tooldone.com/finance/roic-calculator-return-on-invested-capital/	https://tooldone.com/zh/jinrong/roic-jisuanqi-touzibenjin-baochoulu/
finance	roth-ira-calculator	https://tooldone.com/finance/roth-ira-calculator/	https://tooldone.com/zh/jinrong/luode-ira-jisuanqi/
finance	rule-of-72-calculator	https://tooldone.com/finance/rule-of-72-calculator/	https://tooldone.com/zh/jinrong/72-faze-jisuanqi/
finance	rv-loan-calculator	https://tooldone.com/finance/rv-loan-calculator/	https://tooldone.com/zh/jinrong/fangche-daikuan-jisuanqi/
finance	saas-lifetime-value-calculator	https://tooldone.com/finance/saas-lifetime-value-calculator/	https://tooldone.com/zh/jinrong/saas-shengming-zhouqi-jiazhi-jisuanqi/
finance	saas-metrics-calculator	https://tooldone.com/finance/saas-metrics-calculator/	https://tooldone.com/zh/jinrong/saas-zhishu-jisuanqi/
finance	sabbatical-calculator	https://tooldone.com/finance/sabbatical-calculator/	https://tooldone.com/zh/jinrong/sabat-jisuanqi/
finance	salary-calculator	https://tooldone.com/finance/salary-calculator/	https://tooldone.com/zh/jinrong/xinzi-jisuanqi/
finance	salary-inflation-calculator	https://tooldone.com/finance/salary-inflation-calculator/	https://tooldone.com/zh/jinrong/xinzi-tonghuo-pengzhang-jisuanqi/
finance	salary-to-hourly-calculator	https://tooldone.com/finance/salary-to-hourly-calculator/	https://tooldone.com/zh/jinrong/xinzi-xiaoshi-jisuanqi/
finance	sales-calculator	https://tooldone.com/finance/sales-calculator/	https://tooldone.com/zh/jinrong/xiaoshou-jisuanqi/
finance	sales-commission-calculator	https://tooldone.com/finance/sales-commission-calculator/	https://tooldone.com/zh/jinrong/xiaoshou-yongjin-jisuanqi/
finance	sales-tax-calculator	https://tooldone.com/finance/sales-tax-calculator/	https://tooldone.com/zh/jinrong/xiaoshou-shui-jisuanqi/
finance	sales-tax-calculator-new-jersey	https://tooldone.com/finance/sales-tax-calculator-new-jersey/	https://tooldone.com/zh/jinrong/xinsaizhou-xiaoshou-shui-jisuanqi/
finance	savings-calculator	https://tooldone.com/finance/savings-calculator/	https://tooldone.com/zh/jinrong/chuxu-jisuanqi/
finance	savings-goal-calculator	https://tooldone.com/finance/savings-goal-calculator/	https://tooldone.com/zh/jinrong/chuxu-mubiao-jisuanqi/
finance	savings-interest-rate-calculator	https://tooldone.com/finance/savings-interest-rate-calculator/	https://tooldone.com/zh/jinrong/chuxu-lilv-jisuanqi/
finance	savings-plan-calculator	https://tooldone.com/finance/savings-plan-calculator/	https://tooldone.com/zh/jinrong/chuxu-jihua-jisuanqi/
finance	savings-withdrawal-calculator	https://tooldone.com/finance/savings-withdrawal-calculator/	https://tooldone.com/zh/jinrong/chuxu-qukuan-jisuanqi/
finance	scrap-gold-calculator	https://tooldone.com/finance/scrap-gold-calculator/	https://tooldone.com/zh/jinrong/feijin-jiazhi-jisuanqi/
finance	scrap-silver-calculator	https://tooldone.com/finance/scrap-silver-calculator/	https://tooldone.com/zh/jinrong/feiyin-jisuanqi/
finance	second-stimulus-check-calculator-900-billion-bill	https://tooldone.com/finance/second-stimulus-check-calculator-900-billion-bill/	https://tooldone.com/zh/jinrong/di-er-ci-ci-jin-ji-suan-qi-9000-yi-yi-an/
finance	second-stimulus-check-calculator-cash-act	https://tooldone.com/finance/second-stimulus-check-calculator-cash-act/	https://tooldone.com/zh/jinrong/di-er-ci-stimulus-check-jisuanqi/
finance	second-stimulus-check-calculator-heals-act	https://tooldone.com/finance/second-stimulus-check-calculator-heals-act/	https://tooldone.com/zh/jinrong/di-er-ci-stimulus-check-jisuanqi-heals-act/
finance	second-stimulus-check-calculator-heroes-act	https://tooldone.com/finance/second-stimulus-check-calculator-heroes-act/	https://tooldone.com/zh/jinrong/di-er-ci-stimulus-check-jisuanqi-heroes-act/
finance	sell-through-rate-calculator	https://tooldone.com/finance/sell-through-rate-calculator/	https://tooldone.com/zh/jinrong/xiaoshoulu-jisuanqi/
finance	sharpe-ratio-calculator	https://tooldone.com/finance/sharpe-ratio-calculator/	https://tooldone.com/zh/jinrong/sharpe-bili-jisuanqi/
finance	silver-melt-calculator	https://tooldone.com/finance/silver-melt-calculator/	https://tooldone.com/zh/jinrong/yinrong-ronghua-jisuanqi/
finance	simple-interest-calculator	https://tooldone.com/finance/simple-interest-calculator/	https://tooldone.com/zh/jinrong/danli-jisuanqi/
finance	simple-savings-calculator	https://tooldone.com/finance/simple-savings-calculator/	https://tooldone.com/zh/jinrong/jiandan-chuxu-jisuanqi/
finance	sinking-fund-calculator	https://tooldone.com/finance/sinking-fund-calculator/	https://tooldone.com/zh/jinrong/sinking-fund-jisuanqi/
finance	sip-calculator-lumpsum	https://tooldone.com/finance/sip-calculator-lumpsum/	https://tooldone.com/zh/jinrong/xitong-touzi-jisuanqi/
finance	sip-calculator-systematic-investment-plan	https://tooldone.com/finance/sip-calculator-systematic-investment-plan/	https://tooldone.com/zh/jinrong/dingqi-touzi-jihua-jisuanqi/
finance	smokers-ctc-calculator-cost-to-company	https://tooldone.com/finance/smokers-ctc-calculator-cost-to-company/	https://tooldone.com/zh/jinrong/xiguanyin-zhe-gongsi-chengben-jisuanqi/
finance	software-contract-value-calculator	https://tooldone.com/finance/software-contract-value-calculator/	https://tooldone.com/zh/jinrong/ruanjian-hetong-jiazhi-jisuanqi/
finance	sortino-ratio-calculator	https://tooldone.com/finance/sortino-ratio-calculator/	https://tooldone.com/zh/jinrong/sortino-bili-jisuanqi/
finance	spending-multiplier-calculator	https://tooldone.com/finance/spending-multiplier-calculator/	https://tooldone.com/zh/jinrong/zhichu-chengshu-jisuanqi/
finance	stamp-duty-land-tax-calculator-uk	https://tooldone.com/finance/stamp-duty-land-tax-calculator-uk/	https://tooldone.com/zh/jinrong/yinhuashui-tudi-shui-jisuanqi-uk/
finance	state-tax-calculator	https://tooldone.com/finance/state-tax-calculator/	https://tooldone.com/zh/jinrong/zhou-shui-jisuanqi/
finance	stimulus-check-calculator	https://tooldone.com/finance/stimulus-check-calculator/	https://tooldone.com/zh/jinrong/stimulus-check-jisuanqi/
finance	stimulus-check-calculator-40k-cap	https://tooldone.com/finance/stimulus-check-calculator-40k-cap/	https://tooldone.com/zh/jinrong/jingji-cizhu-jisuanqi-40k-cap/
finance	stimulus-check-calculator-caaf-act-vs-heals-act-vs-heroes-act	https://tooldone.com/finance/stimulus-check-calculator-caaf-act-vs-heals-act-vs-heroes-act/	https://tooldone.com/zh/jinrong/stimulus-check-jisuanqi-caaf-fa-vs-heals-fa-vs-heroes-fa/
finance	stock-average-calculator-cost-basis	https://tooldone.com/finance/stock-average-calculator-cost-basis/	https://tooldone.com/zh/jinrong/gupiao-pingjun-chengben-jisuanqi/
finance	stock-calculator	https://tooldone.com/finance/stock-calculator/	https://tooldone.com/zh/jinrong/gupiao-touzi-jisuanqi/
finance	student-loan-calculator	https://tooldone.com/finance/student-loan-calculator/	https://tooldone.com/zh/jinrong/xuesheng-daikuan-jisuanqi/
finance	student-loan-forgiveness-calculator	https://tooldone.com/finance/student-loan-forgiveness-calculator/	https://tooldone.com/zh/jinrong/xuesheng-daikuan-mianchu-jisuanqi/
finance	student-loan-payment-calculator	https://tooldone.com/finance/student-loan-payment-calculator/	https://tooldone.com/zh/jinrong/xuesheng-daikuan-changhuan-jisuanqi/
finance	student-loan-repayment-calculator-covid-19	https://tooldone.com/finance/student-loan-repayment-calculator-covid-19/	https://tooldone.com/zh/jinrong/xuesheng-daikuan-huankuan-jisuanqi-covid-19/
finance	sukanya-samriddhi-yojana-calculator	https://tooldone.com/finance/sukanya-samriddhi-yojana-calculator/	https://tooldone.com/zh/jinrong/sukanya-samriddhi-yojana-jisuanqi/
finance	sustainable-growth-rate-calculator	https://tooldone.com/finance/sustainable-growth-rate-calculator/	https://tooldone.com/zh/jinrong/kechixu-chengzhang-lu-jisuanqi/
finance	swp-calculator-systematic-withdrawal-plan	https://tooldone.com/finance/swp-calculator-systematic-withdrawal-plan/	https://tooldone.com/zh/jinrong/xitong-tiqu-jihua-jisuanqi/
finance	take-home-pay-calculator-uk	https://tooldone.com/finance/take-home-pay-calculator-uk/	https://tooldone.com/zh/jinrong/uk-jingshou-gongzi-jisuanqi/
finance	tax-bracket-calculator	https://tooldone.com/finance/tax-bracket-calculator/	https://tooldone.com/zh/jinrong/shuizhi-jisuanqi/
finance	tax-equivalent-yield-calculator	https://tooldone.com/finance/tax-equivalent-yield-calculator/	https://tooldone.com/zh/jinrong/shuihou-dengxiao-shouyilv-jisuanqi/
finance	taylor-rule-calculator	https://tooldone.com/finance/taylor-rule-calculator/	https://tooldone.com/zh/jinrong/tailuo-guize-jisuanqi/
finance	tds-interest-calculator	https://tooldone.com/finance/tds-interest-calculator/	https://tooldone.com/zh/jinrong/tds-lixi-jisuanqi/
finance	tenure-calculator	https://tooldone.com/finance/tenure-calculator/	https://tooldone.com/zh/jinrong/gongling-jisuanqi/
finance	texas-tax-calculator	https://tooldone.com/finance/texas-tax-calculator/	https://tooldone.com/zh/jinrong/dekesasi-shui-jisuanqi/
finance	third-stimulus-check-calculator-american-rescue-plan	https://tooldone.com/finance/third-stimulus-check-calculator-american-rescue-plan/	https://tooldone.com/zh/jinrong/disan-ci-cujin-zhifu-jisuanqi-american-rescue-plan/
finance	time-and-a-half-calculator	https://tooldone.com/finance/time-and-a-half-calculator/	https://tooldone.com/zh/jinrong/jiaban-jisuanqi-yiban/
finance	time-value-of-money-calculator	https://tooldone.com/finance/time-value-of-money-calculator/	https://tooldone.com/zh/jinrong/shijian-jiazhi-jisuanqi/
finance	times-interest-earned-ratio-calculator	https://tooldone.com/finance/times-interest-earned-ratio-calculator/	https://tooldone.com/zh/jinrong/lixi-fugai-lu-jisuanqi/
finance	total-asset-turnover-calculator	https://tooldone.com/finance/total-asset-turnover-calculator/	https://tooldone.com/zh/jinrong/zongzichan-liuzhuanlv-jisuanqi/
finance	treynor-ratio-calculator	https://tooldone.com/finance/treynor-ratio-calculator/	https://tooldone.com/zh/jinrong/trenuo-bilv-jisuanqi/
finance	triple-discount-calculator	https://tooldone.com/finance/triple-discount-calculator/	https://tooldone.com/zh/jinrong/san-chong-zhekou-jisuanqi/
finance	trir-calculator	https://tooldone.com/finance/trir-calculator/	https://tooldone.com/zh/jinrong/zongjilu-shigu-lv-jisuanqi/
finance	true-cost-of-real-estate-commission-calculator	https://tooldone.com/finance/true-cost-of-real-estate-commission-calculator/	https://tooldone.com/zh/jinrong/fangdichan-yongjin-zhenshi-chengben-jisuanqi/
finance	trump-tariff-calculator	https://tooldone.com/finance/trump-tariff-calculator/	https://tooldone.com/zh/jinrong/chuanpu-guanshui-jisuanqi/
finance	trumps-taxes-vs-your-taxes-calculator	https://tooldone.com/finance/trumps-taxes-vs-your-taxes-calculator/	https://tooldone.com/zh/jinrong/chuanpu-shui-shuibi-jisuanqi/
finance	ttm-calculator-trailing-twelve-months	https://tooldone.com/finance/ttm-calculator-trailing-twelve-months/	https://tooldone.com/zh/jinrong/ttm-jisuanqi-qu-nian-shi-er-ge-yue/
finance	turnover-rate-calculator	https://tooldone.com/finance/turnover-rate-calculator/	https://tooldone.com/zh/jinrong/renyuan-liudonglu-jisuanqi/
finance	unemployment-benefit-calculator-cares-act	https://tooldone.com/finance/unemployment-benefit-calculator-cares-act/	https://tooldone.com/zh/jinrong/shiyebao-zhang-fei-jisuanqi-kayrs-fa/
finance	unemployment-benefit-calculator-heals-act-vs-heroes-act	https://tooldone.com/finance/unemployment-benefit-calculator-heals-act-vs-heroes-act/	https://tooldone.com/zh/jinrong/shiye-baoxian-jisuanqi-heals-act-vs-heroes-act/
finance	unemployment-benefit-calculator-lost-wages-assistance-lwa	https://tooldone.com/finance/unemployment-benefit-calculator-lost-wages-assistance-lwa/	https://tooldone.com/zh/jinrong/shiye-baoxian-jisuanqi-shiye-gongzi-bangzhu-lwa/
finance	unemployment-calculator-unemployment-rate	https://tooldone.com/finance/unemployment-calculator-unemployment-rate/	https://tooldone.com/zh/jinrong/shiye-lu-jisuanqi/
finance	unlevered-beta-calculator	https://tooldone.com/finance/unlevered-beta-calculator/	https://tooldone.com/zh/jinrong/wuganggan-beita-jisuanqi/
finance	unlevered-free-cash-flow-calculator	https://tooldone.com/finance/unlevered-free-cash-flow-calculator/	https://tooldone.com/zh/jinrong/unlevered-free-cash-flow-jisuanqi/
finance	unpaid-work-calculator	https://tooldone.com/finance/unpaid-work-calculator/	https://tooldone.com/zh/jinrong/wuchou-gongzuo-jisuanqi/
finance	us-income-percentile-calculator	https://tooldone.com/finance/us-income-percentile-calculator/	https://tooldone.com/zh/jinrong/meiguo-shouru-baifenwei-jisuanqi/
finance	va-disability-calculator	https://tooldone.com/finance/va-disability-calculator/	https://tooldone.com/zh/jinrong/va-canji-jisuanqi/
finance	va-loan-calculator	https://tooldone.com/finance/va-loan-calculator/	https://tooldone.com/zh/jinrong/va-daikuan-jisuanqi/
finance	value-at-risk-calculator-var	https://tooldone.com/finance/value-at-risk-calculator-var/	https://tooldone.com/zh/jinrong/var-jisuanqi/
finance	variable-annuity-calculator	https://tooldone.com/finance/variable-annuity-calculator/	https://tooldone.com/zh/jinrong/bianli-nianjin-jisuanqi/
finance	vat-calculator	https://tooldone.com/finance/vat-calculator/	https://tooldone.com/zh/jinrong/zengzhi-shui-jisuanqi/
finance	velocity-of-money-calculator	https://tooldone.com/finance/velocity-of-money-calculator/	https://tooldone.com/zh/jinrong/huobi-liutong-sudu-jisuanqi/
finance	wacc-calculator-weighted-average-cost-of-capital	https://tooldone.com/finance/wacc-calculator-weighted-average-cost-of-capital/	https://tooldone.com/zh/jinrong/wacc-jisuanqi-quanzhong-pingjun-ziben-chengben/
finance	website-ad-revenue-calculator	https://tooldone.com/finance/website-ad-revenue-calculator/	https://tooldone.com/zh/jinrong/wangzhan-guanggao-shouru-jisuanqi/
finance	wedding-budget-calculator	https://tooldone.com/finance/wedding-budget-calculator/	https://tooldone.com/zh/jinrong/hunli-yusuan-jisuanqi/
finance	what-to-offer-on-a-house-calculator	https://tooldone.com/finance/what-to-offer-on-a-house-calculator/	https://tooldone.com/zh/jinrong/fangzi-chujia-jisuanqi/
finance	working-capital-calculator	https://tooldone.com/finance/working-capital-calculator/	https://tooldone.com/zh/jinrong/liudongziben-jisuanqi/
finance	working-capital-turnover-ratio-calculator	https://tooldone.com/finance/working-capital-turnover-ratio-calculator/	https://tooldone.com/zh/jinrong/liudong-ziben-zhouzhuanlv-jisuanqi/
finance	year-over-year-growth-calculator	https://tooldone.com/finance/year-over-year-growth-calculator/	https://tooldone.com/zh/jinrong/nian-tong-bi-zengzhang-jisuanqi/
finance	yield-to-call-calculator	https://tooldone.com/finance/yield-to-call-calculator/	https://tooldone.com/zh/jinrong/yield-call-jisuanqi/
finance	yield-to-maturity-calculator	https://tooldone.com/finance/yield-to-maturity-calculator/	https://tooldone.com/zh/jinrong/yield-dao-qi-jisuanqi/
finance	youtube-money-calculator	https://tooldone.com/finance/youtube-money-calculator/	https://tooldone.com/zh/jinrong/youtube-qian-jisuanqi/
finance	zakat-calculator	https://tooldone.com/finance/zakat-calculator/	https://tooldone.com/zh/jinrong/zakat-jisuanqi/
health	20-20-vision-calculator-for-2020	https://tooldone.com/health/20-20-vision-calculator-for-2020/	https://tooldone.com/zh/jiankang/20-20-shili-jisuanqi-2020/
health	4t-score-calculator-hit	https://tooldone.com/health/4t-score-calculator-hit/	https://tooldone.com/zh/jiankang/4t-fenshu-jisuanqi-hit/
health	6-minute-walk-test-calculator	https://tooldone.com/health/6-minute-walk-test-calculator/	https://tooldone.com/zh/jiankang/6-fenzhong-xingzou-ceshi-jisuanqi/
health	a1c-calculator-hemoglobin-a1c-to-average-blood-sugar	https://tooldone.com/health/a1c-calculator-hemoglobin-a1c-to-average-blood-sugar/	https://tooldone.com/zh/jiankang/jisuan-qi-a1c-xuehong-danbai-a1c-zhuan-pingjun-xuetang/
health	aa-gradient-calculator	https://tooldone.com/health/aa-gradient-calculator/	https://tooldone.com/zh/jiankang/anjisuan-tidu-jisuanqi/
health	abi-calculator-ankle-brachial-index	https://tooldone.com/health/abi-calculator-ankle-brachial-index/	https://tooldone.com/zh/jiankang/huai-bu-bi-zhi-shu-ji-suan-qi/
health	absi-calculator	https://tooldone.com/health/absi-calculator/	https://tooldone.com/zh/jiankang/shen-ti-xing-zhi-zhi-shu-ji-suan-qi/
health	absolute-eosinophil-count-calculator	https://tooldone.com/health/absolute-eosinophil-count-calculator/	https://tooldone.com/zh/jiankang/juedui-eosinophil-shuliang-jisuanqi/
health	absolute-lymphocyte-count-calculator	https://tooldone.com/health/absolute-lymphocyte-count-calculator/	https://tooldone.com/zh/jiankang/juedui-lymphocyte-shuliang-jisuanqi/
health	absolute-reticulocyte-count-calculator	https://tooldone.com/health/absolute-reticulocyte-count-calculator/	https://tooldone.com/zh/jiankang/juedui-reticulocyte-shuliang-jisuanqi/
health	acft-calculator	https://tooldone.com/health/acft-calculator/	https://tooldone.com/zh/jiankang/lujun-zhandou-tili-ceshi-jisuanqi/
health	acid-base-calculator	https://tooldone.com/health/acid-base-calculator/	https://tooldone.com/zh/jiankang/suan-jian-jisuanqi/
health	added-sugar-intake-calculator	https://tooldone.com/health/added-sugar-intake-calculator/	https://tooldone.com/zh/jiankang/tianjia-tang-fenliang-jisuanqi/
health	adderall-dosage-calculator	https://tooldone.com/health/adderall-dosage-calculator/	https://tooldone.com/zh/jiankang/aida-la-er-dosaji-jisuanqi/
health	addiction-calculator	https://tooldone.com/health/addiction-calculator/	https://tooldone.com/zh/jiankang/chengyin-jisuanqi/
health	adjusted-age-calculator	https://tooldone.com/health/adjusted-age-calculator/	https://tooldone.com/zh/jiankang/tiaozheng-nianling-jisuanqi/
health	adjusted-body-weight-calculator	https://tooldone.com/health/adjusted-body-weight-calculator/	https://tooldone.com/zh/jiankang/tiaozheng-tizhong-jisuanqi/
health	adrenal-washout-calculator	https://tooldone.com/health/adrenal-washout-calculator/	https://tooldone.com/zh/jiankang/shenshangxian-xizhu-jisuanqi/
health	age-adjusted-d-dimer-calculator	https://tooldone.com/health/age-adjusted-d-dimer-calculator/	https://tooldone.com/zh/jiankang/nianling-tiaozheng-d-dimer-jisuanqi/
health	ahi-calculator-apnea-hypopnea-index	https://tooldone.com/health/ahi-calculator-apnea-hypopnea-index/	https://tooldone.com/zh/jiankang/ahi-jisuanqi-huxi-zanting-huxi-jianshao-zhishu/
health	air-force-pt-calculator	https://tooldone.com/health/air-force-pt-calculator/	https://tooldone.com/zh/jiankang/kongjun-tiyu-jisuanqi/
health	albumin-creatinine-ratio-calculator	https://tooldone.com/health/albumin-creatinine-ratio-calculator/	https://tooldone.com/zh/jiankang/baidanbai-jian-gan-zhong-bili-jisuanqi/
health	albumin-globulin-ratio-calculator	https://tooldone.com/health/albumin-globulin-ratio-calculator/	https://tooldone.com/zh/jiankang/baidanbai-qiu-danbai-bi-jisuanqi/
health	alcohol-unit-calculator	https://tooldone.com/health/alcohol-unit-calculator/	https://tooldone.com/zh/jiankang/jiujing-danwei-jisuanqi/
health	aldrete-score-calculator	https://tooldone.com/health/aldrete-score-calculator/	https://tooldone.com/zh/jiankang/aldrete-fenshu-jisuanqi/
health	aleve-dosage-calculator	https://tooldone.com/health/aleve-dosage-calculator/	https://tooldone.com/zh/jiankang/aleve-jiliang-jisuanqi/
health	allowable-blood-loss-calculator	https://tooldone.com/health/allowable-blood-loss-calculator/	https://tooldone.com/zh/jiankang/yunxu-xueshi-liang-jisuanqi/
health	alvarado-score-calculator	https://tooldone.com/health/alvarado-score-calculator/	https://tooldone.com/zh/jiankang/alvarado-fenshu-jisuanqi/
health	alzheimers-life-expectancy-calculator	https://tooldone.com/health/alzheimers-life-expectancy-calculator/	https://tooldone.com/zh/jiankang/azhai-mo-bing-sheng-ming-qi-wang-ji-suan-qi/
health	amoxicillin-pediatric-dosage-calculator	https://tooldone.com/health/amoxicillin-pediatric-dosage-calculator/	https://tooldone.com/zh/jiankang/amoxicillin-erke-yongliang-jisuanqi/
health	anc-calculator-absolute-neutrophil-count	https://tooldone.com/health/anc-calculator-absolute-neutrophil-count/	https://tooldone.com/zh/jiankang/juedui-neutrophil-shuliang-jisuanqi/
health	anc-calculator-without-bands	https://tooldone.com/health/anc-calculator-without-bands/	https://tooldone.com/zh/jiankang/wu-dai-anc-jisuanqi/
health	anion-gap-calculator	https://tooldone.com/health/anion-gap-calculator/	https://tooldone.com/zh/jiankang/yinli-xiang-jisuanqi/
health	aortic-valve-area-calculator	https://tooldone.com/health/aortic-valve-area-calculator/	https://tooldone.com/zh/jiankang/zhudongmai-banmianji-jisuanqi/
health	apache-ii-calculator	https://tooldone.com/health/apache-ii-calculator/	https://tooldone.com/zh/jiankang/apache-ii-jisuanqi/
health	apft-calculator	https://tooldone.com/health/apft-calculator/	https://tooldone.com/zh/jiankang/apft-jisuanqi/
health	apgar-score-calculator	https://tooldone.com/health/apgar-score-calculator/	https://tooldone.com/zh/jiankang/apgar-fenshu-jisuanqi/
health	apri-calculator	https://tooldone.com/health/apri-calculator/	https://tooldone.com/zh/jiankang/apri-jisuanqi/
health	army-body-fat-calculator	https://tooldone.com/health/army-body-fat-calculator/	https://tooldone.com/zh/jiankang/jundui-tizhong-jisuanqi/
health	arterial-age-calculator	https://tooldone.com/health/arterial-age-calculator/	https://tooldone.com/zh/jiankang/dongmai-nianling-jisuanqi/
health	arterial-blood-ph-calculator	https://tooldone.com/health/arterial-blood-ph-calculator/	https://tooldone.com/zh/jiankang/dongmai-xueye-ph-jisuanqi/
health	ast-alt-ratio-calculator	https://tooldone.com/health/ast-alt-ratio-calculator/	https://tooldone.com/zh/jiankang/ast-alt-bi-jisuanqi/
health	audit-c-calculator-am-i-an-alcoholic	https://tooldone.com/health/audit-c-calculator-am-i-an-alcoholic/	https://tooldone.com/zh/jiankang/audit-c-jisuanqi-wo-shi-fou-shi-jiujing-yizhe/
health	audit-score-calculator	https://tooldone.com/health/audit-score-calculator/	https://tooldone.com/zh/jiankang/shenji-fenshu-jisuanqi/
health	baby-eye-color-calculator	https://tooldone.com/health/baby-eye-color-calculator/	https://tooldone.com/zh/jiankang/ying-er-yan-se-jisuanqi/
health	baby-formula-calculator	https://tooldone.com/health/baby-formula-calculator/	https://tooldone.com/zh/jiankang/yinger-peifang-jisuanqi/
health	baby-percentile-calculator	https://tooldone.com/health/baby-percentile-calculator/	https://tooldone.com/zh/jiankang/yinger-percentile-jisuanqi/
health	babys-milk-intake-calculator	https://tooldone.com/health/babys-milk-intake-calculator/	https://tooldone.com/zh/jiankang/yinger-nai-liang-jisuanqi/
health	bac-calculator-blood-alcohol-content	https://tooldone.com/health/bac-calculator-blood-alcohol-content/	https://tooldone.com/zh/jiankang/xueye-jiujing-hanliang-jisuanqi/
health	bai-calculator-body-adiposity-index	https://tooldone.com/health/bai-calculator-body-adiposity-index/	https://tooldone.com/zh/jiankang/bai-tizhong-adiposity-zhishu-jisuanqi/
health	barthel-index-calculator	https://tooldone.com/health/barthel-index-calculator/	https://tooldone.com/zh/jiankang/barthel-zhishu-jisuanqi/
health	basdai-score-calculator	https://tooldone.com/health/basdai-score-calculator/	https://tooldone.com/zh/jiankang/basdai-fenshu-jisuanqi/
health	bbt-calculator-basal-body-temperature	https://tooldone.com/health/bbt-calculator-basal-body-temperature/	https://tooldone.com/zh/jiankang/jichutiwen-jisuanqi/
health	bed-calculator	https://tooldone.com/health/bed-calculator/	https://tooldone.com/zh/jiankang/chuang-jisuanqi/
health	bedridden-patient-height-calculator	https://tooldone.com/health/bedridden-patient-height-calculator/	https://tooldone.com/zh/jiankang/wochuang-huanzhe-shengao-jisuanqi/
health	bee-calculator	https://tooldone.com/health/bee-calculator/	https://tooldone.com/zh/jiankang/feng-zhen-yanzhong-chengdu-jisuanqi/
health	beighton-score-calculator	https://tooldone.com/health/beighton-score-calculator/	https://tooldone.com/zh/jiankang/beighton-fenshu-jisuanqi/
health	benadryl-dosage-calculator	https://tooldone.com/health/benadryl-dosage-calculator/	https://tooldone.com/zh/jiankang/bainaideli-jisuanqi/
health	benzodiazepine-conversion-calculator	https://tooldone.com/health/benzodiazepine-conversion-calculator/	https://tooldone.com/zh/jiankang/anzhenlei-danbaojian-jisuanqi/
health	berg-balance-test-calculator	https://tooldone.com/health/berg-balance-test-calculator/	https://tooldone.com/zh/jiankang/boerge-pingheng-ceshi-jisuanqi/
health	bicarbonate-deficit-calculator	https://tooldone.com/health/bicarbonate-deficit-calculator/	https://tooldone.com/zh/jiankang/tan-suan-yan-que-fa-ji-suan-qi/
health	bims-calculator-brief-interview-for-mental-status	https://tooldone.com/health/bims-calculator-brief-interview-for-mental-status/	https://tooldone.com/zh/jiankang/bims-jisuanqi-jianlue-jingshen-zhuangtai-fangtan/
health	birth-control-calculator	https://tooldone.com/health/birth-control-calculator/	https://tooldone.com/zh/jiankang/biyun-jisuanqi/
health	birth-weight-percentile-calculator	https://tooldone.com/health/birth-weight-percentile-calculator/	https://tooldone.com/zh/jiankang/chusheng-tizhong-baifenwei-jisuanqi/
health	bishop-score-calculator	https://tooldone.com/health/bishop-score-calculator/	https://tooldone.com/zh/jiankang/bishop-fenshu-jisuanqi/
health	bladder-volume-calculator	https://tooldone.com/health/bladder-volume-calculator/	https://tooldone.com/zh/jiankang/pangguang-tiji-jisuanqi/
health	blood-donation-due-date-calculator	https://tooldone.com/health/blood-donation-due-date-calculator/	https://tooldone.com/zh/jiankang/xianxue-riqi-jisuanqi/
health	blood-donor-calculator	https://tooldone.com/health/blood-donor-calculator/	https://tooldone.com/zh/jiankang/xianxue-zhe-jisuanqi/
health	blood-pressure-calculator	https://tooldone.com/health/blood-pressure-calculator/	https://tooldone.com/zh/jiankang/xueya-jisuanqi/
health	blood-sugar-converter	https://tooldone.com/health/blood-sugar-converter/	https://tooldone.com/zh/jiankang/xuetang-huansuanqi/
health	blood-type-calculator	https://tooldone.com/health/blood-type-calculator/	https://tooldone.com/zh/jiankang/xuexing-jisuanqi/
health	blood-volume-calculator	https://tooldone.com/health/blood-volume-calculator/	https://tooldone.com/zh/jiankang/xueye-tiji-jisuanqi/
health	bmi-calculator-body-mass-index	https://tooldone.com/health/bmi-calculator-body-mass-index/	https://tooldone.com/zh/jiankang/shenti-zhiliang-zhishu-jisuanqi/
health	bmi-calculator-for-kids	https://tooldone.com/health/bmi-calculator-for-kids/	https://tooldone.com/zh/jiankang/ertong-bmi-jisuanqi/
health	bmi-calculator-for-men	https://tooldone.com/health/bmi-calculator-for-men/	https://tooldone.com/zh/jiankang/nanxing-shenti-zhiliang-zhishu-jisuanqi/
health	bmi-calculator-for-teens	https://tooldone.com/health/bmi-calculator-for-teens/	https://tooldone.com/zh/jiankang/shaonian-shenti-zhiliang-zhishu-jisuanqi/
health	bmi-calculator-for-women	https://tooldone.com/health/bmi-calculator-for-women/	https://tooldone.com/zh/jiankang/nvxing-bmi-jisuanqi/
health	bmi-percentile-calculator	https://tooldone.com/health/bmi-percentile-calculator/	https://tooldone.com/zh/jiankang/bmi-baifenwei-jisuanqi/
health	bmi-weight-loss-calculator	https://tooldone.com/health/bmi-weight-loss-calculator/	https://tooldone.com/zh/jiankang/bmi-jianfei-jisuanqi/
health	bmr-calculator-basal-metabolic-rate-mifflin-st-jeor-equation	https://tooldone.com/health/bmr-calculator-basal-metabolic-rate-mifflin-st-jeor-equation/	https://tooldone.com/zh/jiankang/jichu-daixielv-jisuanqi-mifulin-shengqiao-gongshi/
health	bode-index-calculator	https://tooldone.com/health/bode-index-calculator/	https://tooldone.com/zh/jiankang/bode-zhishu-jisuanqi/
health	body-fat-calculator	https://tooldone.com/health/body-fat-calculator/	https://tooldone.com/zh/jiankang/ti-zhi-fen-lu-ji-suan-qi/
health	body-frame-size-calculator	https://tooldone.com/health/body-frame-size-calculator/	https://tooldone.com/zh/jiankang/shenti-kuangjia-chicun-jisuanqi/
health	body-shape-calculator	https://tooldone.com/health/body-shape-calculator/	https://tooldone.com/zh/jiankang/shen-ti-xing-zhuang-ji-suan-qi/
health	braden-score-calculator	https://tooldone.com/health/braden-score-calculator/	https://tooldone.com/zh/jiankang/braden-pingfen-jisuanqi/
health	breast-cancer-recurrence-risk-calculator	https://tooldone.com/health/breast-cancer-recurrence-risk-calculator/	https://tooldone.com/zh/jiankang/ruxian-ai-fufa-fengxian-jisuanqi/
health	breast-cancer-risk-calculator	https://tooldone.com/health/breast-cancer-risk-calculator/	https://tooldone.com/zh/jiankang/ruxian-ai-fengxian-jisuanqi/
health	breastfeeding-calorie-calculator	https://tooldone.com/health/breastfeeding-calorie-calculator/	https://tooldone.com/zh/jiankang/weiru-kaluli-jisuanqi/
health	bri-calculator-body-roundness-index	https://tooldone.com/health/bri-calculator-body-roundness-index/	https://tooldone.com/zh/jiankang/shen-ti-yuan-du-zhi-shu-ji-suan-qi/
health	bsa-calculator-body-surface-area	https://tooldone.com/health/bsa-calculator-body-surface-area/	https://tooldone.com/zh/jiankang/ti-biao-mian-ji-ji-suan-qi/
health	bun-creatinine-ratio-calculator	https://tooldone.com/health/bun-creatinine-ratio-calculator/	https://tooldone.com/zh/jiankang/bun-jian-gan-bi-li-jisuanqi/
health	caffeine-calculator	https://tooldone.com/health/caffeine-calculator/	https://tooldone.com/zh/jiankang/kafein-jisuanqi/
health	cage-questionnaire-calculator	https://tooldone.com/health/cage-questionnaire-calculator/	https://tooldone.com/zh/jiankang/cage-wenjuan-jisuanqi/
health	calorie-calculator	https://tooldone.com/health/calorie-calculator/	https://tooldone.com/zh/jiankang/kaluli-jisuanqi/
health	calorie-deficit-calculator	https://tooldone.com/health/calorie-deficit-calculator/	https://tooldone.com/zh/jiankang/kaluli-kuiqian-jisuanqi/
health	calorie-intake-calculator-simple	https://tooldone.com/health/calorie-intake-calculator-simple/	https://tooldone.com/zh/jiankang/kaluli-shequ-jisuanqi-jianyi/
health	carb-calculator-carbohydrates	https://tooldone.com/health/carb-calculator-carbohydrates/	https://tooldone.com/zh/jiankang/tangshuihewu-jisuanqi/
health	carboplatin-calculator	https://tooldone.com/health/carboplatin-calculator/	https://tooldone.com/zh/jiankang/jiabopulading-jisuanqi/
health	cardiac-index-calculator	https://tooldone.com/health/cardiac-index-calculator/	https://tooldone.com/zh/jiankang/xinzang-zhishu-jisuanqi/
health	cardiac-output-calculator	https://tooldone.com/health/cardiac-output-calculator/	https://tooldone.com/zh/jiankang/xinzang-xinliang-jisuanqi/
health	cdai-calculator-crohns-disease-activity-index	https://tooldone.com/health/cdai-calculator-crohns-disease-activity-index/	https://tooldone.com/zh/jiankang/cdai-jisuanqi-kelong-bing/
health	cefdinir-dose-calculator	https://tooldone.com/health/cefdinir-dose-calculator/	https://tooldone.com/zh/jiankang/cefdinir-yaoji-jisuanqi/
health	centor-score-calculator-modified-mcisaac	https://tooldone.com/health/centor-score-calculator-modified-mcisaac/	https://tooldone.com/zh/jiankang/centor-fenshu-jisuanqi-xiugai-mcisaac/
health	cerebral-perfusion-pressure-calculator	https://tooldone.com/health/cerebral-perfusion-pressure-calculator/	https://tooldone.com/zh/jiankang/naoxueguan-guanzhu-basheng-jisuanqi/
health	cha2ds2-vasc-calculator	https://tooldone.com/health/cha2ds2-vasc-calculator/	https://tooldone.com/zh/jiankang/cha2ds2-vasc-jisuanqi/
health	chances-of-having-twins-calculator	https://tooldone.com/health/chances-of-having-twins-calculator/	https://tooldone.com/zh/jiankang/sheng-shuang-bao-tai-gai-lu-ji-suan-qi/
health	charlson-comorbidity-index-calculator	https://tooldone.com/health/charlson-comorbidity-index-calculator/	https://tooldone.com/zh/jiankang/charlson-gongbing-zhi-shu-jisuanqi/
health	child-pugh-calculator	https://tooldone.com/health/child-pugh-calculator/	https://tooldone.com/zh/jiankang/child-pugh-jisuanqi/
health	cholesterol-ratio-calculator	https://tooldone.com/health/cholesterol-ratio-calculator/	https://tooldone.com/zh/jiankang/danguchun-bili-jisuanqi/
health	cholesterol-units-converter	https://tooldone.com/health/cholesterol-units-converter/	https://tooldone.com/zh/jiankang/danguchun-danwei-zhuanhuanqi/
health	cigarette-calculator	https://tooldone.com/health/cigarette-calculator/	https://tooldone.com/zh/jiankang/xiangyan-jisuanqi/
health	ciwa-calculator	https://tooldone.com/health/ciwa-calculator/	https://tooldone.com/zh/jiankang/ciwa-jisuanqi/
health	clomid-ovulation-calculator	https://tooldone.com/health/clomid-ovulation-calculator/	https://tooldone.com/zh/jiankang/clomid-ovulation-jisuanqi/
health	conception-calculator	https://tooldone.com/health/conception-calculator/	https://tooldone.com/zh/jiankang/shouyun-jisuanqi/
health	coronavirus-protection-swiss-cheese-model	https://tooldone.com/health/coronavirus-protection-swiss-cheese-model/	https://tooldone.com/zh/jiankang/xinguan-bingdu-baohu-ruishi-nailao-moxing/
health	corrected-calcium-calculator	https://tooldone.com/health/corrected-calcium-calculator/	https://tooldone.com/zh/jiankang/xiuzheng-gaisuan-jisuanqi/
health	corrected-magnesium-calculator	https://tooldone.com/health/corrected-magnesium-calculator/	https://tooldone.com/zh/jiankang/xiuzheng-mei-jisuanqi/
health	corrected-reticulocyte-count-calculator	https://tooldone.com/health/corrected-reticulocyte-count-calculator/	https://tooldone.com/zh/jiankang/jiaozheng-reticulocyte-shuliang-jisuanqi/
health	covid-19-mortality-risk-calculator	https://tooldone.com/health/covid-19-mortality-risk-calculator/	https://tooldone.com/zh/jiankang/covid-19-siwang-fengxian-jisuanqi/
health	creatinine-clearance-calculator	https://tooldone.com/health/creatinine-clearance-calculator/	https://tooldone.com/zh/jiankang/jigan-qingchu-lv-jisuanqi/
health	crown-rump-length-calculator	https://tooldone.com/health/crown-rump-length-calculator/	https://tooldone.com/zh/jiankang/tou-tun-chang-du-ji-suan-qi/
health	curb-65-calculator	https://tooldone.com/health/curb-65-calculator/	https://tooldone.com/zh/jiankang/curb-65-jisuanqi/
health	cvd-risk-calculator-cardiovascular-disease-10-year-risk	https://tooldone.com/health/cvd-risk-calculator-cardiovascular-disease-10-year-risk/	https://tooldone.com/zh/jiankang/xinxueguan-jibing-fengxian-jisuanqi/
health	dapt-calculator	https://tooldone.com/health/dapt-calculator/	https://tooldone.com/zh/jiankang/dapt-jisuanqi/
health	dasi-calculator-duke-activity-status-index	https://tooldone.com/health/dasi-calculator-duke-activity-status-index/	https://tooldone.com/zh/jiankang/dasi-jisuanqi-duke-huodong-zhuangtai-zhishu/
health	dead-space-calculator	https://tooldone.com/health/dead-space-calculator/	https://tooldone.com/zh/jiankang/sishi-jian-jisuanqi/
health	denver-hiv-risk-score-calculator	https://tooldone.com/health/denver-hiv-risk-score-calculator/	https://tooldone.com/zh/jiankang/denver-hiv-fengxian-pingfen-jisuanqi/
health	depression-screening-by-phq-2-calculator	https://tooldone.com/health/depression-screening-by-phq-2-calculator/	https://tooldone.com/zh/jiankang/yiyu-zheng-shaicha-phq-2-jisuanqi/
health	diabetes-risk-calculator	https://tooldone.com/health/diabetes-risk-calculator/	https://tooldone.com/zh/jiankang/tangniaobing-fengxian-jisuanqi/
health	diabetic-ketoacidosis-calculator	https://tooldone.com/health/diabetic-ketoacidosis-calculator/	https://tooldone.com/zh/jiankang/tangniaobing-ketosuanzhongdu-jisuanqi/
health	dic-syndrome-calculator	https://tooldone.com/health/dic-syndrome-calculator/	https://tooldone.com/zh/jiankang/dic-zonghezheng-jisuanqi/
health	diet-risk-score-calculator	https://tooldone.com/health/diet-risk-score-calculator/	https://tooldone.com/zh/jiankang/yinshi-fengxian-pingfen-jisuanqi/
health	diffuse-large-b-cell-lymphoma-prognosis-calculator	https://tooldone.com/health/diffuse-large-b-cell-lymphoma-prognosis-calculator/	https://tooldone.com/zh/jiankang/manxing-da-b-xibao-xing-linba-liu-yuhou-jisuanqi/
health	dog-walking-benefits-calculator	https://tooldone.com/health/dog-walking-benefits-calculator/	https://tooldone.com/zh/jiankang/quan-gou-bu-xing-yi-chu-ji-suan-qi/
health	doppler-echo-cardiac-output-calculator	https://tooldone.com/health/doppler-echo-cardiac-output-calculator/	https://tooldone.com/zh/jiankang/duopule-chaosheng-xinshuchuliang-jisuanqi/
health	dosage-calculator	https://tooldone.com/health/dosage-calculator/	https://tooldone.com/zh/jiankang/yaopin-yongliang-jisuanqi/
health	dri-calculator	https://tooldone.com/health/dri-calculator/	https://tooldone.com/zh/jiankang/yingyang-cankao-jisuanqi/
health	drip-rate-calculator	https://tooldone.com/health/drip-rate-calculator/	https://tooldone.com/zh/jiankang/di-su-lv-jisuanqi/
health	drops-per-minute-calculator	https://tooldone.com/health/drops-per-minute-calculator/	https://tooldone.com/zh/jiankang/mei-fen-zhong-di-shu-ji-suan-qi/
health	drug-half-life-calculator	https://tooldone.com/health/drug-half-life-calculator/	https://tooldone.com/zh/jiankang/yao-wu-ban-shou-ming-ji-suan-qi/
health	dudit-calculator	https://tooldone.com/health/dudit-calculator/	https://tooldone.com/zh/jiankang/dudit-jisuanqi/
health	due-date-calculator	https://tooldone.com/health/due-date-calculator/	https://tooldone.com/zh/jiankang/yu-chan-qi-jisuanqi/
health	duke-treadmill-score-calculator	https://tooldone.com/health/duke-treadmill-score-calculator/	https://tooldone.com/zh/jiankang/duke-taibuji-fenshu-jisuanqi/
health	easi-score-calculator	https://tooldone.com/health/easi-score-calculator/	https://tooldone.com/zh/jiankang/easi-fenshu-jisuanqi/
health	ecg-boxes-to-seconds-calculator	https://tooldone.com/health/ecg-boxes-to-seconds-calculator/	https://tooldone.com/zh/jiankang/xindiantu-fangge-zhuan-huamian-jisuanqi/
health	ecg-heart-rate-calculator	https://tooldone.com/health/ecg-heart-rate-calculator/	https://tooldone.com/zh/jiankang/xindiantu-xinlv-jisuanqi/
health	edd-calculator-estimated-date-of-delivery	https://tooldone.com/health/edd-calculator-estimated-date-of-delivery/	https://tooldone.com/zh/jiankang/yu-chan-qi-yugan-jisuanqi/
health	eer-calculator-estimated-energy-requirement	https://tooldone.com/health/eer-calculator-estimated-energy-requirement/	https://tooldone.com/zh/jiankang/gushu-nengliang-xuqiu-jisuanqi/
health	egg-freezing-calculator	https://tooldone.com/health/egg-freezing-calculator/	https://tooldone.com/zh/jiankang/luanzi-dongcun-jisuanqi/
health	endotracheal-tube-size-calculator	https://tooldone.com/health/endotracheal-tube-size-calculator/	https://tooldone.com/zh/jiankang/qiguan-nei-guan-chi-cun-jisuanqi/
health	eortc-bladder-cancer-recurrence-and-progression-calculator	https://tooldone.com/health/eortc-bladder-cancer-recurrence-and-progression-calculator/	https://tooldone.com/zh/jiankang/eortc-pangguang-ai-fufa-he-jinzhang-jisuanqi/
health	epds-calculator	https://tooldone.com/health/epds-calculator/	https://tooldone.com/zh/jiankang/chanhou-yiyu-zheng-jisuanqi/
health	epworth-sleepiness-scale-calculator	https://tooldone.com/health/epworth-sleepiness-scale-calculator/	https://tooldone.com/zh/jiankang/epworth-kunyi-chengdu-liangbiao-jisuanqi/
health	eroa-mitral-regurgitation-calculator	https://tooldone.com/health/eroa-mitral-regurgitation-calculator/	https://tooldone.com/zh/jiankang/eroa-erban-fanliu-jisuanqi/
health	estimated-average-glucose-calculator	https://tooldone.com/health/estimated-average-glucose-calculator/	https://tooldone.com/zh/jiankang/guji-pingjun-xuetang-jisuanqi/
health	event-risk-calculator-coronavirus	https://tooldone.com/health/event-risk-calculator-coronavirus/	https://tooldone.com/zh/jiankang/shijian-fengxian-jisuanqi-koronavirus/
health	exclusive-pumping-calculator	https://tooldone.com/health/exclusive-pumping-calculator/	https://tooldone.com/zh/jiankang/dujia-pumpa-jisuanqi/
health	face-shape-calculator	https://tooldone.com/health/face-shape-calculator/	https://tooldone.com/zh/jiankang/lian-xing-ji-suan-qi/
health	fagerstrom-test-for-nicotine-dependence-calculator	https://tooldone.com/health/fagerstrom-test-for-nicotine-dependence-calculator/	https://tooldone.com/zh/jiankang/fagerstrom-nikoting-yilai-xing-ceshi-jisuanqi/
health	fat-intake-calculator	https://tooldone.com/health/fat-intake-calculator/	https://tooldone.com/zh/jiankang/zhifang-sheruliang-jisuanqi/
health	fatigue-severity-scale-calculator	https://tooldone.com/health/fatigue-severity-scale-calculator/	https://tooldone.com/zh/jiankang/pilao-chengdu-liangbiao-jisuanqi/
health	fena-calculator-fractional-excretion-of-sodium	https://tooldone.com/health/fena-calculator-fractional-excretion-of-sodium/	https://tooldone.com/zh/jiankang/fena-jisuanqi-nailiu-fenxie/
health	fertility-by-age-calculator	https://tooldone.com/health/fertility-by-age-calculator/	https://tooldone.com/zh/jiankang/an-nianling-jisuan-shengzhi-nengli/
health	fetal-weight-percentile-calculator	https://tooldone.com/health/fetal-weight-percentile-calculator/	https://tooldone.com/zh/jiankang/taier-tizhong-baifenwei-jisuanqi/
health	feurea-calculator-acute-kidney-injury-cause-differentiation	https://tooldone.com/health/feurea-calculator-acute-kidney-injury-cause-differentiation/	https://tooldone.com/zh/jiankang/feurea-jisuanqi-jixing-shenzang-sunshang-yuanyin-jianbie/
health	fev1-fvc-ratio-calculator	https://tooldone.com/health/fev1-fvc-ratio-calculator/	https://tooldone.com/zh/jiankang/fev1-fvc-bi-li-ji-suan-qi/
health	ffmi-calculator-fat-free-mass-index	https://tooldone.com/health/ffmi-calculator-fat-free-mass-index/	https://tooldone.com/zh/jiankang/ffmi-jisuanqi-tizhi-biaozhun/
health	fib-4-calculator	https://tooldone.com/health/fib-4-calculator/	https://tooldone.com/zh/jiankang/fib-4-jisuanqi/
health	fiber-calculator	https://tooldone.com/health/fiber-calculator/	https://tooldone.com/zh/jiankang/xianwei-jisuanqi/
health	finnegan-score-calculator	https://tooldone.com/health/finnegan-score-calculator/	https://tooldone.com/zh/jiankang/finnigan-fenshu-jisuanqi/
health	fish-oil-calculator	https://tooldone.com/health/fish-oil-calculator/	https://tooldone.com/zh/jiankang/yu-you-jisuanqi/
health	flange-size-calculator	https://tooldone.com/health/flange-size-calculator/	https://tooldone.com/zh/jiankang/falanji-chicun-jisuanqi/
health	frailty-index-calculator	https://tooldone.com/health/frailty-index-calculator/	https://tooldone.com/zh/jiankang/cuiruo-zhishu-jisuanqi/
health	framingham-risk-calculator	https://tooldone.com/health/framingham-risk-calculator/	https://tooldone.com/zh/jiankang/fuleiminghan-fengxian-jisuanqi/
health	free-testosterone-calculator-with-bioavailable-levels	https://tooldone.com/health/free-testosterone-calculator-with-bioavailable-levels/	https://tooldone.com/zh/jiankang/ziyou-gaotong-heisuanqi-biyokeli-yong-shuiping/
health	free-water-deficit-calculator	https://tooldone.com/health/free-water-deficit-calculator/	https://tooldone.com/zh/jiankang/ziyou-shui-que-fa-ji-suan-qi/
health	fresh-frozen-plasma-dose-calculator	https://tooldone.com/health/fresh-frozen-plasma-dose-calculator/	https://tooldone.com/zh/jiankang/xianxuejiang-dongji-liang-jisuanqi/
health	fundal-height-calculator	https://tooldone.com/health/fundal-height-calculator/	https://tooldone.com/zh/jiankang/fundal-gaodu-jisuanqi/
health	gabapentin-dosage-calculator	https://tooldone.com/health/gabapentin-dosage-calculator/	https://tooldone.com/zh/jiankang/jiabapentin-yaoliang-jisuanqi/
health	gad-7-calculator	https://tooldone.com/health/gad-7-calculator/	https://tooldone.com/zh/jiankang/gad-7-jiaolv-pinggu-jisuanqi/
health	gastric-sleeve-weight-loss-calculator	https://tooldone.com/health/gastric-sleeve-weight-loss-calculator/	https://tooldone.com/zh/jiankang/sleeve-gastrectomy-jianfei-jisuanqi/
health	gcs-calculator-glasgow-coma-scale	https://tooldone.com/health/gcs-calculator-glasgow-coma-scale/	https://tooldone.com/zh/jiankang/gcs-jisuanqi-glasgow-hunmi-pingfen/
health	geriatric-bmi-calculator	https://tooldone.com/health/geriatric-bmi-calculator/	https://tooldone.com/zh/jiankang/laonian-bmi-jisuanqi/
health	gestational-age-calculator	https://tooldone.com/health/gestational-age-calculator/	https://tooldone.com/zh/jiankang/yun-zhou-ji-suan-qi/
health	gfr-calculator-estimated-glomerular-filtration-rate	https://tooldone.com/health/gfr-calculator-estimated-glomerular-filtration-rate/	https://tooldone.com/zh/jiankang/gfr-jisuanqi-guji-shenxiao-lvguo-lv/
health	gir-calculator-glucose-infusion-rate	https://tooldone.com/health/gir-calculator-glucose-infusion-rate/	https://tooldone.com/zh/jiankang/putaotang-shusuye-jisuanqi/
health	glycemic-index-calculator	https://tooldone.com/health/glycemic-index-calculator/	https://tooldone.com/zh/jiankang/tangniaobing-zhishu-jisuanqi/
health	glycemic-load-calculator	https://tooldone.com/health/glycemic-load-calculator/	https://tooldone.com/zh/jiankang/tangniao-fuzai-jisuanqi/
health	gorlin-formula-calculator	https://tooldone.com/health/gorlin-formula-calculator/	https://tooldone.com/zh/jiankang/gorlin-gongshi-jisuanqi/
health	gout-diagnosis-calculator	https://tooldone.com/health/gout-diagnosis-calculator/	https://tooldone.com/zh/jiankang/tongfeng-zhenduan-jisuanqi/
health	grace-calculator	https://tooldone.com/health/grace-calculator/	https://tooldone.com/zh/jiankang/grace-fengxian-jisuanqi/
health	gupta-risk-calculator	https://tooldone.com/health/gupta-risk-calculator/	https://tooldone.com/zh/jiankang/gupta-fengxian-jisuanqi/
health	gut-microbiome-score-calculator	https://tooldone.com/health/gut-microbiome-score-calculator/	https://tooldone.com/zh/jiankang/changdao-weishengwu-qun-pingfen-jisuanqi/
health	hand-sanitizer-calculator-coronavirus	https://tooldone.com/health/hand-sanitizer-calculator-coronavirus/	https://tooldone.com/zh/jiankang/shou-xiaodu-ye-jisuanqi-koronavirus/
health	happiness-calculator	https://tooldone.com/health/happiness-calculator/	https://tooldone.com/zh/jiankang/xingfu-jisuanqi/
health	harris-benedict-calculator-basal-metabolic-rate	https://tooldone.com/health/harris-benedict-calculator-basal-metabolic-rate/	https://tooldone.com/zh/jiankang/ha-li-si-ben-ni-di-ke-te-ji-chu-dai-xie-lv-ji-suan-qi/
health	has-bled-calculator	https://tooldone.com/health/has-bled-calculator/	https://tooldone.com/zh/jiankang/has-bled-jisuanqi/
health	hcg-levels-calculator	https://tooldone.com/health/hcg-levels-calculator/	https://tooldone.com/zh/jiankang/hcg-shui-ping-ji-suan-qi/
health	head-circumference-percentile-calculator	https://tooldone.com/health/head-circumference-percentile-calculator/	https://tooldone.com/zh/jiankang/touwei-baifenwei-jisuanqi/
health	heart-failure-life-expectancy-calculator	https://tooldone.com/health/heart-failure-life-expectancy-calculator/	https://tooldone.com/zh/jiankang/xinli-shuaijie-shengming-qiwang-jisuanqi/
health	heart-score-calculator	https://tooldone.com/health/heart-score-calculator/	https://tooldone.com/zh/jiankang/xinzang-fenshu-jisuanqi/
health	height-calculator	https://tooldone.com/health/height-calculator/	https://tooldone.com/zh/jiankang/shengao-jisuanqi/
health	height-percentile-calculator	https://tooldone.com/health/height-percentile-calculator/	https://tooldone.com/zh/jiankang/shengao-baifenwei-jisuanqi/
health	hematocrit-to-hemoglobin-ratio-calculator	https://tooldone.com/health/hematocrit-to-hemoglobin-ratio-calculator/	https://tooldone.com/zh/jiankang/hongxibao-xuehongdanbai-bi-jisuanqi/
health	homa-ir-calculator-insulin-resistance	https://tooldone.com/health/homa-ir-calculator-insulin-resistance/	https://tooldone.com/zh/jiankang/homa-ir-jisuanqi-yidaosu-kangxing/
health	hot-car-calculator	https://tooldone.com/health/hot-car-calculator/	https://tooldone.com/zh/jiankang/re-che-wen-du-jisuanqi/
health	hsi-calculator-heaviness-of-smoking-index	https://tooldone.com/health/hsi-calculator-heaviness-of-smoking-index/	https://tooldone.com/zh/jiankang/hsi-jisuanqi-yanjiu-zhongdu-zhishu/
health	hydroxychloroquine-dose-calculator	https://tooldone.com/health/hydroxychloroquine-dose-calculator/	https://tooldone.com/zh/jiankang/qingxuanbing-duji-jisuanqi/
health	ibuprofen-dosage-calculator	https://tooldone.com/health/ibuprofen-dosage-calculator/	https://tooldone.com/zh/jiankang/ibuprofen-yongliang-jisuanqi/
health	ich-score-calculator	https://tooldone.com/health/ich-score-calculator/	https://tooldone.com/zh/jiankang/ich-pingfen-jisuanqi/
health	ich-volume-calculator	https://tooldone.com/health/ich-volume-calculator/	https://tooldone.com/zh/jiankang/ich-tiji-jisuanqi/
health	ideal-weight-calculator	https://tooldone.com/health/ideal-weight-calculator/	https://tooldone.com/zh/jiankang/lixiang-tizhong-jisuanqi/
health	iifym-calculator-if-it-fits-your-macros	https://tooldone.com/health/iifym-calculator-if-it-fits-your-macros/	https://tooldone.com/zh/jiankang/iifym-jisuanqi-ru-guo-he-ni-de-hong-liang/
health	implantation-calculator	https://tooldone.com/health/implantation-calculator/	https://tooldone.com/zh/jiankang/implantation-ji-suan-qi/
health	incidence-rate-calculator	https://tooldone.com/health/incidence-rate-calculator/	https://tooldone.com/zh/jiankang/fashenglyu-jisuanqi/
health	infant-tylenol-dosage-calculator	https://tooldone.com/health/infant-tylenol-dosage-calculator/	https://tooldone.com/zh/jiankang/yinger-tylenol-jisuanqi/
health	infectious-disease-and-epidemic-calculator-sir-model	https://tooldone.com/health/infectious-disease-and-epidemic-calculator-sir-model/	https://tooldone.com/zh/jiankang/chuanranbing-he-yiqing-jisuanqi-sir-moxing/
health	injury-severity-score-calculator	https://tooldone.com/health/injury-severity-score-calculator/	https://tooldone.com/zh/jiankang/shanghai-yanzhong-chengdu-jisuanqi/
health	inr-calculator	https://tooldone.com/health/inr-calculator/	https://tooldone.com/zh/jiankang/guoji-biaozhunhua-bili-jisuanqi/
health	insulin-dosage-calculator	https://tooldone.com/health/insulin-dosage-calculator/	https://tooldone.com/zh/jiankang/yidaosu-jiliang-jisuanqi/
health	iq-percentile-calculator	https://tooldone.com/health/iq-percentile-calculator/	https://tooldone.com/zh/jiankang/iq-baifenwei-jisuanqi/
health	iron-deficiency-calculator	https://tooldone.com/health/iron-deficiency-calculator/	https://tooldone.com/zh/jiankang/quexue-jisuanqi/
health	isotretinoin-dose-calculator	https://tooldone.com/health/isotretinoin-dose-calculator/	https://tooldone.com/zh/jiankang/yisuotela-tongji-jisuanqi/
health	iv-flow-rate-calculator	https://tooldone.com/health/iv-flow-rate-calculator/	https://tooldone.com/zh/jiankang/jingmai-liuliang-jisuanqi/
health	ivf-due-date-calculator	https://tooldone.com/health/ivf-due-date-calculator/	https://tooldone.com/zh/jiankang/shiguan-ying-er-yu-chan-qi-jisuanqi/
health	ivig-dose-calculator	https://tooldone.com/health/ivig-dose-calculator/	https://tooldone.com/zh/jiankang/jingmai-mianyiqiudanbaigan-doz-jisuanqi/
health	karvonen-formula-calculator	https://tooldone.com/health/karvonen-formula-calculator/	https://tooldone.com/zh/jiankang/ka-er-wo-nen-gongshi-jisuanqi/
health	katch-mcardle-calculator	https://tooldone.com/health/katch-mcardle-calculator/	https://tooldone.com/zh/jiankang/katch-mcardle-jisuanqi/
health	keto-calculator	https://tooldone.com/health/keto-calculator/	https://tooldone.com/zh/jiankang/keto-jisuanqi/
health	kidney-failure-risk-calculator	https://tooldone.com/health/kidney-failure-risk-calculator/	https://tooldone.com/zh/jiankang/shenshuai-jianfengxian-jisuanqi/
health	kidney-stone-calculator-for-percutaneous-neprolithotomy	https://tooldone.com/health/kidney-stone-calculator-for-percutaneous-neprolithotomy/	https://tooldone.com/zh/jiankang/shenshang-jieshi-jisuanqi-jingpi-nefrolitotomiya/
health	kt-v-calculator-daugirdas	https://tooldone.com/health/kt-v-calculator-daugirdas/	https://tooldone.com/zh/jiankang/kt-v-jisuanqi-daugirdas/
health	ldl-calculator	https://tooldone.com/health/ldl-calculator/	https://tooldone.com/zh/jiankang/ldl-jisuanqi/
health	lean-body-mass-calculator	https://tooldone.com/health/lean-body-mass-calculator/	https://tooldone.com/zh/jiankang/shou-zhong-liang-jisuanqi/
health	levothyroxine-dosage-calculator	https://tooldone.com/health/levothyroxine-dosage-calculator/	https://tooldone.com/zh/jiankang/jia-zhuang-xian-su-dosage-jisuanqi/
health	lidocaine-dose-calculator	https://tooldone.com/health/lidocaine-dose-calculator/	https://tooldone.com/zh/jiankang/lidokayin-jisuanqi/
health	lights-criteria-calculator-for-pleural-effusion	https://tooldone.com/health/lights-criteria-calculator-for-pleural-effusion/	https://tooldone.com/zh/jiankang/xiongshui-lights-pingjia-jisuanqi/
health	lille-score-calculator	https://tooldone.com/health/lille-score-calculator/	https://tooldone.com/zh/jiankang/lille-fenshu-jisuanqi/
health	local-anesthetic-calculator	https://tooldone.com/health/local-anesthetic-calculator/	https://tooldone.com/zh/jiankang/jubu-mamayi-jisuanqi/
health	lrinec-score-calculator	https://tooldone.com/health/lrinec-score-calculator/	https://tooldone.com/zh/jiankang/lrinec-pingfen-jisuanqi/
health	lung-cancer-risk-calculator	https://tooldone.com/health/lung-cancer-risk-calculator/	https://tooldone.com/zh/jiankang/feiai-fengxian-jisuanqi/
health	lung-capacity-calculator	https://tooldone.com/health/lung-capacity-calculator/	https://tooldone.com/zh/jiankang/feibuzongliang-jisuanqi/
health	lung-nodule-growth-rate-calculator	https://tooldone.com/health/lung-nodule-growth-rate-calculator/	https://tooldone.com/zh/jiankang/fei-jie-zhang-shi-lu-jisuanqi/
health	luteal-phase-calculator	https://tooldone.com/health/luteal-phase-calculator/	https://tooldone.com/zh/jiankang/huangti-qi-jisuanqi/
health	lv-calculator	https://tooldone.com/health/lv-calculator/	https://tooldone.com/zh/jiankang/zuo-xin-shu-ji-suan-qi/
health	macro-calculator	https://tooldone.com/health/macro-calculator/	https://tooldone.com/zh/jiankang/hongliang-jisuanqi/
health	maddreys-discriminant-function-calculator	https://tooldone.com/health/maddreys-discriminant-function-calculator/	https://tooldone.com/zh/jiankang/madelei-panbieshi-hanshu-jisuanqi/
health	maintenance-calorie-calculator	https://tooldone.com/health/maintenance-calorie-calculator/	https://tooldone.com/zh/jiankang/weichi-kaluli-jisuanqi/
health	maintenance-fluids-calculator	https://tooldone.com/health/maintenance-fluids-calculator/	https://tooldone.com/zh/jiankang/weihu-ye-ti-jisuanqi/
health	map-calculator-mean-arterial-pressure	https://tooldone.com/health/map-calculator-mean-arterial-pressure/	https://tooldone.com/zh/jiankang/map-jisuanqi-pingjun-dongmai-ya/
health	mask-vs-no-mask-calculator	https://tooldone.com/health/mask-vs-no-mask-calculator/	https://tooldone.com/zh/jiankang/kouzhao-dui-bukouzhao-jisuanqi/
health	max-vaccine-immunity-calculator	https://tooldone.com/health/max-vaccine-immunity-calculator/	https://tooldone.com/zh/jiankang/zuidag-yimiao-mianyili-jisuanqi/
health	mca-calculator	https://tooldone.com/health/mca-calculator/	https://tooldone.com/zh/jiankang/duochong-duiying-fenxi-jisuanqi/
health	mcg-to-iu-converter	https://tooldone.com/health/mcg-to-iu-converter/	https://tooldone.com/zh/jiankang/weikegong-dao-iu-zhuanhuanqi/
health	meal-calorie-calculator	https://tooldone.com/health/meal-calorie-calculator/	https://tooldone.com/zh/jiankang/can-shi-kaluli-jisuanqi/
health	mean-airway-pressure-calculator	https://tooldone.com/health/mean-airway-pressure-calculator/	https://tooldone.com/zh/jiankang/pingjun-qidao-yali-jisuanqi/
health	mean-sac-diameter-calculator	https://tooldone.com/health/mean-sac-diameter-calculator/	https://tooldone.com/zh/jiankang/pingjun-nang-jing-jisuanqi/
health	medical-radiation-calculator	https://tooldone.com/health/medical-radiation-calculator/	https://tooldone.com/zh/jiankang/yiliao-fushe-jisuanqi/
health	melatonin-dosage-calculator	https://tooldone.com/health/melatonin-dosage-calculator/	https://tooldone.com/zh/jiankang/mianao-tong-jiliang-jisuanqi/
health	meld-calculator-model-for-end-stage-liver-disease	https://tooldone.com/health/meld-calculator-model-for-end-stage-liver-disease/	https://tooldone.com/zh/jiankang/meld-jisuanqi-moxing-zhongmoqi-ganbing/
health	mentzer-index-calculator	https://tooldone.com/health/mentzer-index-calculator/	https://tooldone.com/zh/jiankang/mentzer-zhishu-jisuanqi/
health	metabolic-syndrome-calculator	https://tooldone.com/health/metabolic-syndrome-calculator/	https://tooldone.com/zh/jiankang/daixie-zonghezheng-jisuanqi/
health	metastatic-prostate-cancer-prognosis-calculator	https://tooldone.com/health/metastatic-prostate-cancer-prognosis-calculator/	https://tooldone.com/zh/jiankang/zhuan-yi-xing-qian-lie-xian-ai-yu-ce-ji-suan-qi/
health	mews-score-calculator	https://tooldone.com/health/mews-score-calculator/	https://tooldone.com/zh/jiankang/mews-fenshu-jisuanqi/
health	micronutrient-calculator	https://tooldone.com/health/micronutrient-calculator/	https://tooldone.com/zh/jiankang/weiliang-yuansu-jisuanqi/
health	mipi-calculator-mantle-cell-lymphoma-international-prognostic-index	https://tooldone.com/health/mipi-calculator-mantle-cell-lymphoma-international-prognostic-index/	https://tooldone.com/zh/jiankang/mipi-jisuanqi-mantle-cell-lymphoma-guoji-yuhou-zhishu/
health	mitral-valve-area-calculator	https://tooldone.com/health/mitral-valve-area-calculator/	https://tooldone.com/zh/jiankang/erjianban-mianji-jisuanqi/
health	mme-calculator	https://tooldone.com/health/mme-calculator/	https://tooldone.com/zh/jiankang/junzhong-fenzi-zhiliang-jisuanqi/
health	mmol-l-to-mg-dl-calculator	https://tooldone.com/health/mmol-l-to-mg-dl-calculator/	https://tooldone.com/zh/jiankang/mmol-l-zhuan-mg-dl-jisuanqi/
health	morse-fall-scale-calculator	https://tooldone.com/health/morse-fall-scale-calculator/	https://tooldone.com/zh/jiankang/morse-fall-scale-jisuanqi/
health	mortality-rate-calculator	https://tooldone.com/health/mortality-rate-calculator/	https://tooldone.com/zh/jiankang/siwanglyu-jisuanqi/
health	nafld-fibrosis-score-calculator	https://tooldone.com/health/nafld-fibrosis-score-calculator/	https://tooldone.com/zh/jiankang/nafld-xianweihua-pingfen-jisuanqi/
health	navy-body-fat-calculator	https://tooldone.com/health/navy-body-fat-calculator/	https://tooldone.com/zh/jiankang/haijun-tizhi-jisuanqi/
health	navy-prt-calculator	https://tooldone.com/health/navy-prt-calculator/	https://tooldone.com/zh/jiankang/haijun-tili-zhunbei-jisuanqi/
health	nedocs-calculator	https://tooldone.com/health/nedocs-calculator/	https://tooldone.com/zh/jiankang/nedocs-jisuanqi/
health	net-carbs-calculator	https://tooldone.com/health/net-carbs-calculator/	https://tooldone.com/zh/jiankang/jing-tanshui-hewu-jisuanqi/
health	newborn-hyperbilirubinemia-assessment-calculator	https://tooldone.com/health/newborn-hyperbilirubinemia-assessment-calculator/	https://tooldone.com/zh/jiankang/xinchusheng-gaohuangdanpinggu-jisuanqi/
health	nih-stroke-scale-calculator	https://tooldone.com/health/nih-stroke-scale-calculator/	https://tooldone.com/zh/jiankang/nih-zhongfeng-pingfen-jisuanqi/
health	nlr-calculator	https://tooldone.com/health/nlr-calculator/	https://tooldone.com/zh/jiankang/zhongxing-lixibao-bilv-jisuanqi/
health	nnt-calculator	https://tooldone.com/health/nnt-calculator/	https://tooldone.com/zh/jiankang/nnt-jisuanqi/
health	noise-pollution-calculator-maximal-exposure-time	https://tooldone.com/health/noise-pollution-calculator-maximal-exposure-time/	https://tooldone.com/zh/jiankang/zaosheng-wuran-jisuanqi-zuidazhaoshe-shijian/
health	nuchal-translucency-calculator	https://tooldone.com/health/nuchal-translucency-calculator/	https://tooldone.com/zh/jiankang/nuchal-translucency-jisuanqi/
health	opioid-conversion-calculator	https://tooldone.com/health/opioid-conversion-calculator/	https://tooldone.com/zh/jiankang/yaopin-zhuanhuan-jisuanqi/
health	overweight-calculator	https://tooldone.com/health/overweight-calculator/	https://tooldone.com/zh/jiankang/guozhong-jisuanqi/
health	ovulation-calculator	https://tooldone.com/health/ovulation-calculator/	https://tooldone.com/zh/jiankang/paichuan-jisuanqi/
health	oxygenation-index-calculator	https://tooldone.com/health/oxygenation-index-calculator/	https://tooldone.com/zh/jiankang/yangqi-zhishu-jisuanqi/
health	pack-year-calculator	https://tooldone.com/health/pack-year-calculator/	https://tooldone.com/zh/jiankang/bao-nian-jisuanqi/
health	padua-score-calculator	https://tooldone.com/health/padua-score-calculator/	https://tooldone.com/zh/jiankang/padua-fenshu-jisuanqi/
health	paracetamol-dosage-calculator	https://tooldone.com/health/paracetamol-dosage-calculator/	https://tooldone.com/zh/jiankang/baiqiemian-erliang-jisuanqi/
health	parkland-formula-calculator	https://tooldone.com/health/parkland-formula-calculator/	https://tooldone.com/zh/jiankang/parkland-gongshi-jisuanqi/
health	peak-flow-calculator-estimated-peak-expiratory-flow	https://tooldone.com/health/peak-flow-calculator-estimated-peak-expiratory-flow/	https://tooldone.com/zh/jiankang/fengzhi-liuliang-jisuanqi-guji-fengzhi-huxi-liuliang/
health	pearl-index-calculator	https://tooldone.com/health/pearl-index-calculator/	https://tooldone.com/zh/jiankang/zhenzhu-zhishu-jisuanqi/
health	pecarn-calculator	https://tooldone.com/health/pecarn-calculator/	https://tooldone.com/zh/jiankang/pecarn-jisuanqi/
health	pediatric-blood-pressure-calculator	https://tooldone.com/health/pediatric-blood-pressure-calculator/	https://tooldone.com/zh/jiankang/ertong-xueya-jisuanqi/
health	pediatric-blood-transfusion-volume-calculator	https://tooldone.com/health/pediatric-blood-transfusion-volume-calculator/	https://tooldone.com/zh/jiankang/ertong-xueye-shuxue-liang-jisuanqi/
health	pediatric-blood-volume-calculator	https://tooldone.com/health/pediatric-blood-volume-calculator/	https://tooldone.com/zh/jiankang/ertong-xue-liang-jisuanqi/
health	pediatric-dose-calculator	https://tooldone.com/health/pediatric-dose-calculator/	https://tooldone.com/zh/jiankang/ertong-yaoliang-jisuanqi/
health	pediatric-epinephrine-dose-calculator	https://tooldone.com/health/pediatric-epinephrine-dose-calculator/	https://tooldone.com/zh/jiankang/ertong-jiaosuji-jisuanqi/
health	pediatric-epworth-sleepiness-scale-calculator	https://tooldone.com/health/pediatric-epworth-sleepiness-scale-calculator/	https://tooldone.com/zh/jiankang/epworth-kunyi-chengdu-liangbiao-jisuanqi-ertong/
health	pediatric-gfr-calculator-glomerular-filtration-rate	https://tooldone.com/health/pediatric-gfr-calculator-glomerular-filtration-rate/	https://tooldone.com/zh/jiankang/ertong-gfr-jisuanqi-glomerular-filtration-rate/
health	peptide-dosage-calculator	https://tooldone.com/health/peptide-dosage-calculator/	https://tooldone.com/zh/jiankang/peptide-yongliang-jisuanqi/
health	perc-calculator-pulmonary-embolism-rule-out-criteria	https://tooldone.com/health/perc-calculator-pulmonary-embolism-rule-out-criteria/	https://tooldone.com/zh/jiankang/perc-jisuanqi-feishuan-saichu-biaozhun/
health	period-calculator	https://tooldone.com/health/period-calculator/	https://tooldone.com/zh/jiankang/yuejing-zhouqi-jisuanqi/
health	pf-ratio-calculator	https://tooldone.com/health/pf-ratio-calculator/	https://tooldone.com/zh/jiankang/danbaizhi-fenshu-bili-jisuanqi/
health	pisa-calculator	https://tooldone.com/health/pisa-calculator/	https://tooldone.com/zh/jiankang/pisa-jisuanqi/
health	plasma-osmolality-calculator	https://tooldone.com/health/plasma-osmolality-calculator/	https://tooldone.com/zh/jiankang/xuejiang-shentouya-jisuanqi/
health	plasma-volume-calculator	https://tooldone.com/health/plasma-volume-calculator/	https://tooldone.com/zh/jiankang/xuejiang-tiji-jisuanqi/
health	pokemon-go-weight-loss-calculator	https://tooldone.com/health/pokemon-go-weight-loss-calculator/	https://tooldone.com/zh/jiankang/pokemon-go-jianfei-jisuanqi/
health	ponderal-index-calculator	https://tooldone.com/health/ponderal-index-calculator/	https://tooldone.com/zh/jiankang/ponderal-zhi-shu-ji-suan-qi/
health	pregnancy-test-calculator	https://tooldone.com/health/pregnancy-test-calculator/	https://tooldone.com/zh/jiankang/yunchan-ceshi-jisuanqi/
health	pregnancy-weight-gain-calculator	https://tooldone.com/health/pregnancy-weight-gain-calculator/	https://tooldone.com/zh/jiankang/yunqi-zengzhong-jisuanqi/
health	prescription-refill-calculator	https://tooldone.com/health/prescription-refill-calculator/	https://tooldone.com/zh/jiankang/chufang-xuchong-jisuanqi/
health	progesterone-to-estrogen-ratio-calculator	https://tooldone.com/health/progesterone-to-estrogen-ratio-calculator/	https://tooldone.com/zh/jiankang/huang-ti-su-yi-su-bi-li-ji-suan-qi/
health	protein-calculator	https://tooldone.com/health/protein-calculator/	https://tooldone.com/zh/jiankang/danbai-jisuanqi/
health	protein-creatinine-ratio-calculator	https://tooldone.com/health/protein-creatinine-ratio-calculator/	https://tooldone.com/zh/jiankang/danbaizhi-jian-danbai-bili-jisuanqi/
health	psa-density-calculator	https://tooldone.com/health/psa-density-calculator/	https://tooldone.com/zh/jiankang/psa-midu-jisuanqi/
health	psa-doubling-time-calculator	https://tooldone.com/health/psa-doubling-time-calculator/	https://tooldone.com/zh/jiankang/psa-beizeng-shijian-jisuanqi/
health	psi-calculator	https://tooldone.com/health/psi-calculator/	https://tooldone.com/zh/jiankang/yali-jisuanqi/
health	pvr-calculator-pulmonary-vascular-resistance	https://tooldone.com/health/pvr-calculator-pulmonary-vascular-resistance/	https://tooldone.com/zh/jiankang/pvr-jisuanqi-feixueguan-zuli/
health	qp-qs-calculator	https://tooldone.com/health/qp-qs-calculator/	https://tooldone.com/zh/jiankang/shenghuo-zhiliang-pinggu-jisuanqi/
health	qsofa-score-calculator	https://tooldone.com/health/qsofa-score-calculator/	https://tooldone.com/zh/jiankang/qsofa-fenshu-jisuanqi/
health	qtc-calculator	https://tooldone.com/health/qtc-calculator/	https://tooldone.com/zh/jiankang/qtc-jisuanqi-jiaozheng/
health	quarantine-activity-calculator	https://tooldone.com/health/quarantine-activity-calculator/	https://tooldone.com/zh/jiankang/ge-li-huo-dong-ji-suan-qi/
health	quicki-calculator	https://tooldone.com/health/quicki-calculator/	https://tooldone.com/zh/jiankang/kuaisu-yidaosu-jisuanqi/
health	radiation-dose-calculator	https://tooldone.com/health/radiation-dose-calculator/	https://tooldone.com/zh/jiankang/fushe-liang-jisuanqi/
health	rate-pressure-product-calculator	https://tooldone.com/health/rate-pressure-product-calculator/	https://tooldone.com/zh/jiankang/xinlv-xueya-ji-jisuanqi/
health	rbc-indices-calculator-what-is-mchc	https://tooldone.com/health/rbc-indices-calculator-what-is-mchc/	https://tooldone.com/zh/jiankang/hongxibao-zhishu-jisuanqi-mchc/
health	rcri-calculator	https://tooldone.com/health/rcri-calculator/	https://tooldone.com/zh/jiankang/shenxibaoliu-zhishu-jisuanqi/
health	reopening-calculator-coronavirus	https://tooldone.com/health/reopening-calculator-coronavirus/	https://tooldone.com/zh/jiankang/chongxin-kaiye-jisuanqi-koronavirus/
health	reverse-due-date-calculator	https://tooldone.com/health/reverse-due-date-calculator/	https://tooldone.com/zh/jiankang/fan-yu-chan-qi-jisuanqi/
health	revised-geneva-score-calculator-for-pulmonary-embolism	https://tooldone.com/health/revised-geneva-score-calculator-for-pulmonary-embolism/	https://tooldone.com/zh/jiankang/xiuding-geneva-pingfen-jisuanqi-feidongmai-shuansai/
health	revised-trauma-score-calculator	https://tooldone.com/health/revised-trauma-score-calculator/	https://tooldone.com/zh/jiankang/xiuding-chuangshang-pingfen-jisuanqi/
health	rfm-calculator-relative-fat-mass	https://tooldone.com/health/rfm-calculator-relative-fat-mass/	https://tooldone.com/zh/jiankang/xiang-dui-zhi-fang-liang-ji-suan-qi/
health	rmr-calculator-resting-metabolic-rate	https://tooldone.com/health/rmr-calculator-resting-metabolic-rate/	https://tooldone.com/zh/jiankang/jingxi-daixielv-jisuanqi/
health	rsbi-calculator-rapid-shallow-breathing-index	https://tooldone.com/health/rsbi-calculator-rapid-shallow-breathing-index/	https://tooldone.com/zh/jiankang/rsbi-jisuanqi-kuaisu-qian-hu-xi-zhishu/
health	saag-calculator-serum-ascites-albumin-gradient	https://tooldone.com/health/saag-calculator-serum-ascites-albumin-gradient/	https://tooldone.com/zh/jiankang/saag-jisuanqi-albumin-gradient/
health	saps-ii-calculator-simplified-acute-physiology-ii-score-calculator	https://tooldone.com/health/saps-ii-calculator-simplified-acute-physiology-ii-score-calculator/	https://tooldone.com/zh/jiankang/saps-ii-jisuanqi-jianhua-jixing-physiological-pingfen-ii/
health	scorad-calculator-scoring-atopic-dermatitis	https://tooldone.com/health/scorad-calculator-scoring-atopic-dermatitis/	https://tooldone.com/zh/jiankang/scorad-jisuanqi-atopixing-pifuyan-pingfen/
health	sepsis-calculator-sepsis-3-criteria	https://tooldone.com/health/sepsis-calculator-sepsis-3-criteria/	https://tooldone.com/zh/jiankang/sepsis-jisuanqi-biaozhun-3/
health	serum-osmolality-calculator	https://tooldone.com/health/serum-osmolality-calculator/	https://tooldone.com/zh/jiankang/xueqing-shentouya-jisuanqi/
health	shock-index-calculator	https://tooldone.com/health/shock-index-calculator/	https://tooldone.com/zh/jiankang/xiuke-zhishu-jisuanqi/
health	skinfold-body-fat-calculator	https://tooldone.com/health/skinfold-body-fat-calculator/	https://tooldone.com/zh/jiankang/pi-fu-zhi-fang-ji-suan-qi/
health	sleep-calculator	https://tooldone.com/health/sleep-calculator/	https://tooldone.com/zh/jiankang/shuimian-jisuanqi/
health	sleep-debt-calculator	https://tooldone.com/health/sleep-debt-calculator/	https://tooldone.com/zh/jiankang/shuimian-zhaiwu-jisuanqi/
health	smoking-recovery-calculator	https://tooldone.com/health/smoking-recovery-calculator/	https://tooldone.com/zh/jiankang/jieyan-kangfu-jisuanqi/
health	snap-score-calculator	https://tooldone.com/health/snap-score-calculator/	https://tooldone.com/zh/jiankang/snap-fenshu-jisuanqi/
health	sobriety-calculator	https://tooldone.com/health/sobriety-calculator/	https://tooldone.com/zh/jiankang/qingxing-jisuanqi/
health	social-distancing-calculator-coronavirus	https://tooldone.com/health/social-distancing-calculator-coronavirus/	https://tooldone.com/zh/jiankang/shehui-juli-jisuanqi-koronavirus/
health	sodium-change-calculator-in-hypertriglyceridemia	https://tooldone.com/health/sodium-change-calculator-in-hypertriglyceridemia/	https://tooldone.com/zh/jiankang/gaoyouzhi-xuezheng-zhong-nade-bianhua-jisuanqi/
health	sodium-correction-calculator	https://tooldone.com/health/sodium-correction-calculator/	https://tooldone.com/zh/jiankang/na-zheng-zhi-ji-suan-qi/
health	sodium-correction-rate-calculator-for-hypo-and-hypernatremia	https://tooldone.com/health/sodium-correction-rate-calculator-for-hypo-and-hypernatremia/	https://tooldone.com/zh/jiankang/diandu-he-gaonaduzheng-zhi-lu-ji-suan-qi/
health	sodium-deficit-calculator	https://tooldone.com/health/sodium-deficit-calculator/	https://tooldone.com/zh/jiankang/na-que-fa-ji-suan-qi/
health	sodium-in-salt-calculator	https://tooldone.com/health/sodium-in-salt-calculator/	https://tooldone.com/zh/jiankang/yan-zhong-na-jisuanqi/
health	sofa-score-calculator	https://tooldone.com/health/sofa-score-calculator/	https://tooldone.com/zh/jiankang/sofa-fenshu-jisuanqi/
health	sperm-analysis-calculator	https://tooldone.com/health/sperm-analysis-calculator/	https://tooldone.com/zh/jiankang/jingzi-fenxi-jisuanqi/
health	standard-drink-calculator	https://tooldone.com/health/standard-drink-calculator/	https://tooldone.com/zh/jiankang/biaozhun-yinpin-jisuanqi/
health	stillbirth-risk-calculator	https://tooldone.com/health/stillbirth-risk-calculator/	https://tooldone.com/zh/jiankang/sitan-fengxian-jisuanqi/
health	stop-bang-calculator	https://tooldone.com/health/stop-bang-calculator/	https://tooldone.com/zh/jiankang/stop-bang-shuimian-huxi-zanting-zonghe-zheng-fengxian-jisuanqi/
health	stroke-volume-calculator	https://tooldone.com/health/stroke-volume-calculator/	https://tooldone.com/zh/jiankang/xinzang-boliang-jisuanqi/
health	tdee-calculator-total-daily-energy-expenditure	https://tooldone.com/health/tdee-calculator-total-daily-energy-expenditure/	https://tooldone.com/zh/jiankang/tdee-jisuanqi-zong-ri-neng-liang-xiao-hao/
health	testosterone-to-estradiol-ratio-calculator	https://tooldone.com/health/testosterone-to-estradiol-ratio-calculator/	https://tooldone.com/zh/jiankang/gao-tong-su-yi-su-bi-li-ji-suan-qi/
health	ti-rads-calculator	https://tooldone.com/health/ti-rads-calculator/	https://tooldone.com/zh/jiankang/ti-rads-jisuanqi/
health	tidal-volume-calculator	https://tooldone.com/health/tidal-volume-calculator/	https://tooldone.com/zh/jiankang/chaoxi-tiji-jisuanqi/
health	timi-score-calculator-for-ua-nstemi	https://tooldone.com/health/timi-score-calculator-for-ua-nstemi/	https://tooldone.com/zh/jiankang/timi-fenshu-ua-nstemi-jisuanqi/
health	timi-score-for-stemi-calculator	https://tooldone.com/health/timi-score-for-stemi-calculator/	https://tooldone.com/zh/jiankang/timi-fenshu-stemi-jisuanqi/
health	tinetti-calculator	https://tooldone.com/health/tinetti-calculator/	https://tooldone.com/zh/jiankang/tinetti-jisuanqi/
health	total-body-water-calculator	https://tooldone.com/health/total-body-water-calculator/	https://tooldone.com/zh/jiankang/quanshen-shuifen-jisuanqi/
health	tramadol-dosage-calculator	https://tooldone.com/health/tramadol-dosage-calculator/	https://tooldone.com/zh/jiankang/quanmaiduo-erliang-jisuanqi/
health	transferrin-saturation-calculator	https://tooldone.com/health/transferrin-saturation-calculator/	https://tooldone.com/zh/jiankang/yunzhuandai-baohedu-jisuanqi/
health	ttkg-calculator-transtubular-potassium-gradient	https://tooldone.com/health/ttkg-calculator-transtubular-potassium-gradient/	https://tooldone.com/zh/jiankang/guanxiaoguan-jia-jiedu-jisuanqi/
health	tylenol-dosage-calculator	https://tooldone.com/health/tylenol-dosage-calculator/	https://tooldone.com/zh/jiankang/taiyinuo-erliang-jisuanqi/
health	tylenol-overdose-calculator	https://tooldone.com/health/tylenol-overdose-calculator/	https://tooldone.com/zh/jiankang/taiyinuo-guoliang-jisuanqi/
health	urine-anion-gap-calculator	https://tooldone.com/health/urine-anion-gap-calculator/	https://tooldone.com/zh/jiankang/niaoye-yinli-xiang-jisuanqi/
health	urine-output-calculator	https://tooldone.com/health/urine-output-calculator/	https://tooldone.com/zh/jiankang/niao-liang-jisuanqi/
health	urr-calculator-urea-reduction-ratio	https://tooldone.com/health/urr-calculator-urea-reduction-ratio/	https://tooldone.com/zh/jiankang/urr-jisuanqi-niao-su-jian-shao-bi/
health	vbac-calculator-vaginal-birth-after-cesarean-section	https://tooldone.com/health/vbac-calculator-vaginal-birth-after-cesarean-section/	https://tooldone.com/zh/jiankang/vbac-ji-suan-qi-pou-fu-chan-hou-yin-dao-fen-mian/
health	venous-blood-ph-calculator	https://tooldone.com/health/venous-blood-ph-calculator/	https://tooldone.com/zh/jiankang/jingmai-xueye-ph-jisuanqi/
health	vital-capacity-calculator	https://tooldone.com/health/vital-capacity-calculator/	https://tooldone.com/zh/jiankang/shengmingrongliang-jisuanqi/
health	vitamin-a-calculator	https://tooldone.com/health/vitamin-a-calculator/	https://tooldone.com/zh/jiankang/weishengsu-a-jisuanqi/
health	vitamin-calculator	https://tooldone.com/health/vitamin-calculator/	https://tooldone.com/zh/jiankang/weishengsu-jisuanqi/
health	vitamin-d-calculator	https://tooldone.com/health/vitamin-d-calculator/	https://tooldone.com/zh/jiankang/vitamin-d-jisuanqi/
health	vldl-calculator	https://tooldone.com/health/vldl-calculator/	https://tooldone.com/zh/jiankang/vldl-jisuanqi/
health	vte-risk-score-calculator-in-pregnancy	https://tooldone.com/health/vte-risk-score-calculator-in-pregnancy/	https://tooldone.com/zh/jiankang/yunchanqi-vte-fengxian-pingfen-jisuanqi/
health	waist-to-height-ratio-calculator	https://tooldone.com/health/waist-to-height-ratio-calculator/	https://tooldone.com/zh/jiankang/yao-gao-bi-ji-suan-qi/
health	waist-to-hip-ratio-calculator	https://tooldone.com/health/waist-to-hip-ratio-calculator/	https://tooldone.com/zh/jiankang/yao-tun-bi-ji-suan-qi/
health	warfarin-dosing-calculator	https://tooldone.com/health/warfarin-dosing-calculator/	https://tooldone.com/zh/jiankang/huafalin-jiliang-jisuanqi/
health	warsaw-method-calculator	https://tooldone.com/health/warsaw-method-calculator/	https://tooldone.com/zh/jiankang/huasha-fangfa-jisuanqi/
health	water-intake-calculator	https://tooldone.com/health/water-intake-calculator/	https://tooldone.com/zh/jiankang/shuiliang-jisuanqi/
health	weight-gain-calculator	https://tooldone.com/health/weight-gain-calculator/	https://tooldone.com/zh/jiankang/zengzhong-jisuanqi/
health	weight-loss-percentage-calculator	https://tooldone.com/health/weight-loss-percentage-calculator/	https://tooldone.com/zh/jiankang/jianfei-baifenbi-jisuanqi/
health	weight-percentile-calculator	https://tooldone.com/health/weight-percentile-calculator/	https://tooldone.com/zh/jiankang/tizhong-baifenwei-jisuanqi/
health	weight-watchers-points-calculator	https://tooldone.com/health/weight-watchers-points-calculator/	https://tooldone.com/zh/jiankang/weight-watchers-jifen-jisuanqi/
health	wells-score-calculator-for-pulmonary-embolism	https://tooldone.com/health/wells-score-calculator-for-pulmonary-embolism/	https://tooldone.com/zh/jiankang/wells-pingfen-jisuanqi-feidongmai-shuansai/
health	winters-formula-calculator	https://tooldone.com/health/winters-formula-calculator/	https://tooldone.com/zh/jiankang/winters-gongshi-jisuanqi/
math	30-60-90-triangle-calculator	https://tooldone.com/math/30-60-90-triangle-calculator/	https://tooldone.com/zh/shuxue/30-60-90-sanjiaoxing-jisuanqi/
math	45-45-90-triangle-calculator	https://tooldone.com/math/45-45-90-triangle-calculator/	https://tooldone.com/zh/shuxue/45-45-90-sanjiaoxing-jisuanqi/
math	absolute-change-calculator	https://tooldone.com/math/absolute-change-calculator/	https://tooldone.com/zh/shuxue/juedui-bianhua-jisuanqi/
math	absolute-value-calculator	https://tooldone.com/math/absolute-value-calculator/	https://tooldone.com/zh/shuxue/juedui-zhi-jisuanqi/
math	absolute-value-equation-calculator	https://tooldone.com/math/absolute-value-equation-calculator/	https://tooldone.com/zh/shuxue/jueduizhi-fangcheng-jisuanqi/
math	absolute-value-inequalities-calculator	https://tooldone.com/math/absolute-value-inequalities-calculator/	https://tooldone.com/zh/shuxue/jueduizhi-budengshi-jisuanqi/
math	adding-and-subtracting-fractions-calculator	https://tooldone.com/math/adding-and-subtracting-fractions-calculator/	https://tooldone.com/zh/shuxue/fenshu-jiajian-jisuanqi/
math	adding-and-subtracting-polynomials-calculator	https://tooldone.com/math/adding-and-subtracting-polynomials-calculator/	https://tooldone.com/zh/shuxue/duoxiangshi-jiajian-jisuanqi/
math	addition-calculator	https://tooldone.com/math/addition-calculator/	https://tooldone.com/zh/shuxue/jiafa-jisuanqi/
math	adjoint-matrix-calculator	https://tooldone.com/math/adjoint-matrix-calculator/	https://tooldone.com/zh/shuxue/banban-juzhen-jisuanqi/
math	and-calculator	https://tooldone.com/math/and-calculator/	https://tooldone.com/zh/shuxue/yu-jisuanqi/
math	angle-between-two-vectors-calculator	https://tooldone.com/math/angle-between-two-vectors-calculator/	https://tooldone.com/zh/shuxue/liang-ge-xiangliangzhijian-de-jiaodu-jisuanqi/
math	angle-calculator	https://tooldone.com/math/angle-calculator/	https://tooldone.com/zh/shuxue/jiaodu-jisuanqi/
math	antilog-calculator	https://tooldone.com/math/antilog-calculator/	https://tooldone.com/zh/shuxue/fan-duishu-jisuanqi/
math	arc-length-calculator	https://tooldone.com/math/arc-length-calculator/	https://tooldone.com/zh/shuxue/yuanhu-changdu-jisuanqi/
math	arccos-calculator	https://tooldone.com/math/arccos-calculator/	https://tooldone.com/zh/shuxue/fan-yu-xian-ji-suan-qi/
math	arcsin-calculator	https://tooldone.com/math/arcsin-calculator/	https://tooldone.com/zh/shuxue/fanzhengxian-jisuanqi/
math	arctan-calculator	https://tooldone.com/math/arctan-calculator/	https://tooldone.com/zh/shuxue/fanzhengqie-jisuanqi/
math	area-calculator	https://tooldone.com/math/area-calculator/	https://tooldone.com/zh/shuxue/mianji-jisuanqi/
math	area-of-a-circle-calculator	https://tooldone.com/math/area-of-a-circle-calculator/	https://tooldone.com/zh/shuxue/yuanxing-mianji-jisuanqi/
math	area-of-a-rectangle-calculator	https://tooldone.com/math/area-of-a-rectangle-calculator/	https://tooldone.com/zh/shuxue/juxing-mianji-jisuanqi/
math	area-of-a-right-triangle-calculator	https://tooldone.com/math/area-of-a-right-triangle-calculator/	https://tooldone.com/zh/shuxue/zhijiao-sanjiao-xing-mianji-jisuanqi/
math	area-of-crescent-calculator	https://tooldone.com/math/area-of-crescent-calculator/	https://tooldone.com/zh/shuxue/yueya-xing-mianji-jisuanqi/
math	arithmetic-sequence-calculator	https://tooldone.com/math/arithmetic-sequence-calculator/	https://tooldone.com/zh/shuxue/dengcha-shulie-jisuanqi/
math	associative-property-calculator	https://tooldone.com/math/associative-property-calculator/	https://tooldone.com/zh/shuxue/jiehe-lv-jisuanqi/
math	average-calculator	https://tooldone.com/math/average-calculator/	https://tooldone.com/zh/shuxue/pingjunzhi-jisuanqi/
math	average-percentage-calculator	https://tooldone.com/math/average-percentage-calculator/	https://tooldone.com/zh/shuxue/pingjun-baifenbi-jisuanqi/
math	average-rate-of-change-calculator	https://tooldone.com/math/average-rate-of-change-calculator/	https://tooldone.com/zh/shuxue/pingjun-bianhua-lu-jisuanqi/
math	babylonian-numbers-converter	https://tooldone.com/math/babylonian-numbers-converter/	https://tooldone.com/zh/shuxue/babilun-shuzi-zhuanhuan-qi/
math	bessel-function-calculator	https://tooldone.com/math/bessel-function-calculator/	https://tooldone.com/zh/shuxue/bessel-hanshu-jisuanqi/
math	bilinear-interpolation-calculator	https://tooldone.com/math/bilinear-interpolation-calculator/	https://tooldone.com/zh/shuxue/shuangxianxing-chazhi-jisuanqi/
math	binary-addition-calculator	https://tooldone.com/math/binary-addition-calculator/	https://tooldone.com/zh/shuxue/erjinzhi-jiafa-jisuanqi/
math	binary-calculator	https://tooldone.com/math/binary-calculator/	https://tooldone.com/zh/shuxue/erjinzhi-jisuanqi/
math	binary-division-calculator	https://tooldone.com/math/binary-division-calculator/	https://tooldone.com/zh/shuxue/erjinzhi-chufa-jisuanqi/
math	binary-fraction-converter	https://tooldone.com/math/binary-fraction-converter/	https://tooldone.com/zh/shuxue/erjinzhi-xiaoshu-zhuanhuanqi/
math	binary-multiplication-calculator	https://tooldone.com/math/binary-multiplication-calculator/	https://tooldone.com/zh/shuxue/erjinzhi-chengfa-jisuanqi/
math	binary-subtraction-calculator	https://tooldone.com/math/binary-subtraction-calculator/	https://tooldone.com/zh/shuxue/erjinzhi-jianfa-jisuanqi/
math	binomial-coefficient-calculator	https://tooldone.com/math/binomial-coefficient-calculator/	https://tooldone.com/zh/shuxue/erxiangshi-xishu-jisuanqi/
math	bit-shift-calculator	https://tooldone.com/math/bit-shift-calculator/	https://tooldone.com/zh/shuxue/wei-yi-wei-jisuanqi/
math	bitwise-calculator	https://tooldone.com/math/bitwise-calculator/	https://tooldone.com/zh/shuxue/weiyunsuan-jisuanqi/
math	box-method-calculator	https://tooldone.com/math/box-method-calculator/	https://tooldone.com/zh/shuxue/fangkuang-fa-jisuanqi/
math	catenary-curve-calculator	https://tooldone.com/math/catenary-curve-calculator/	https://tooldone.com/zh/shuxue/xuancui-quxian-jisuanqi/
math	ceiling-function-calculator	https://tooldone.com/math/ceiling-function-calculator/	https://tooldone.com/zh/shuxue/shangquzhenghanshu-jisuanqi/
math	center-of-mass-calculator	https://tooldone.com/math/center-of-mass-calculator/	https://tooldone.com/zh/shuxue/zhixin-jisuanqi/
math	central-angle-calculator	https://tooldone.com/math/central-angle-calculator/	https://tooldone.com/zh/shuxue/zhongxin-jiao-jisuanqi/
math	centroid-calculator	https://tooldone.com/math/centroid-calculator/	https://tooldone.com/zh/shuxue/zhongxin-jisuanqi/
math	change-of-base-formula-calculator	https://tooldone.com/math/change-of-base-formula-calculator/	https://tooldone.com/zh/shuxue/huan-di-gongshi-jisuanqi/
math	characteristic-polynomial-calculator	https://tooldone.com/math/characteristic-polynomial-calculator/	https://tooldone.com/zh/shuxue/tezhenduoxiangshi-jisuanqi/
math	chinese-remainder-theorem-calculator	https://tooldone.com/math/chinese-remainder-theorem-calculator/	https://tooldone.com/zh/shuxue/zhongguo-yu-shu-ding-li-jisuanqi/
math	cholesky-decomposition-calculator	https://tooldone.com/math/cholesky-decomposition-calculator/	https://tooldone.com/zh/shuxue/qiaolaisiji-fenjie-jisuanqi/
math	chord-length-calculator	https://tooldone.com/math/chord-length-calculator/	https://tooldone.com/zh/shuxue/xian-chang-jisuanqi/
math	circle-calculator	https://tooldone.com/math/circle-calculator/	https://tooldone.com/zh/shuxue/yuanxing-jisuanqi/
math	circle-theorems-calculator	https://tooldone.com/math/circle-theorems-calculator/	https://tooldone.com/zh/shuxue/yuanxing-dingli-jisuanqi/
math	circumference-calculator	https://tooldone.com/math/circumference-calculator/	https://tooldone.com/zh/shuxue/zhouzhang-jisuanqi/
math	circumscribed-circle-calculator	https://tooldone.com/math/circumscribed-circle-calculator/	https://tooldone.com/zh/shuxue/waijie-yuan-jisuanqi/
math	classifying-triangles-calculator	https://tooldone.com/math/classifying-triangles-calculator/	https://tooldone.com/zh/shuxue/sanjiaoxing-fenlei-jisuanqi/
math	clock-angle-calculator	https://tooldone.com/math/clock-angle-calculator/	https://tooldone.com/zh/shuxue/shizhen-jiaodu-jisuanqi/
math	cofactor-expansion-calculator	https://tooldone.com/math/cofactor-expansion-calculator/	https://tooldone.com/zh/shuxue/yinshu-zhankai-jisuanqi/
math	cofactor-matrix-calculator	https://tooldone.com/math/cofactor-matrix-calculator/	https://tooldone.com/zh/shuxue/kofaktor-juzhen-jisuanqi/
math	cofunction-calculator	https://tooldone.com/math/cofunction-calculator/	https://tooldone.com/zh/shuxue/yu-hanshu-jisuanqi/
math	coin-rotation-paradox	https://tooldone.com/math/coin-rotation-paradox/	https://tooldone.com/zh/shuxue/bi-zhong-zhuan-dong-bei-lun/
math	collatz-conjecture-calculator	https://tooldone.com/math/collatz-conjecture-calculator/	https://tooldone.com/zh/shuxue/kehulaci-caiXiang-jisuanqi/
math	column-space-calculator	https://tooldone.com/math/column-space-calculator/	https://tooldone.com/zh/shuxue/liekongjian-jisuanqi/
math	comparing-fractions-calculator	https://tooldone.com/math/comparing-fractions-calculator/	https://tooldone.com/zh/shuxue/fenshu-bijiao-jisuanqi/
math	compatible-numbers-calculator	https://tooldone.com/math/compatible-numbers-calculator/	https://tooldone.com/zh/shuxue/jianrong-shuzi-jisuanqi/
math	complementary-angles-calculator	https://tooldone.com/math/complementary-angles-calculator/	https://tooldone.com/zh/shuxue/bu-chong-jiao-jisuanqi/
math	completing-the-square-calculator	https://tooldone.com/math/completing-the-square-calculator/	https://tooldone.com/zh/shuxue/peifang-jisuanqi/
math	complex-conjugate-calculator	https://tooldone.com/math/complex-conjugate-calculator/	https://tooldone.com/zh/shuxue/fushe-gong-e-jisuanqi/
math	complex-number-calculator	https://tooldone.com/math/complex-number-calculator/	https://tooldone.com/zh/shuxue/fushe-jisuanqi/
math	complex-root-calculator	https://tooldone.com/math/complex-root-calculator/	https://tooldone.com/zh/shuxue/fushe-gen-jisuanqi/
math	condense-logarithms-calculator	https://tooldone.com/math/condense-logarithms-calculator/	https://tooldone.com/zh/shuxue/yasus-duishu-jisuanqi/
math	condition-number-calculator	https://tooldone.com/math/condition-number-calculator/	https://tooldone.com/zh/shuxue/tiaojian-shu-jisuanqi/
math	conic-sections-calculator	https://tooldone.com/math/conic-sections-calculator/	https://tooldone.com/zh/shuxue/erci-quxian-jisuanqi/
math	consecutive-integers-calculator	https://tooldone.com/math/consecutive-integers-calculator/	https://tooldone.com/zh/shuxue/lianxu-zhengshu-jisuanqi/
math	convolution-calculator	https://tooldone.com/math/convolution-calculator/	https://tooldone.com/zh/shuxue/juanji-jisuanqi/
math	coordinate-grid-calculator	https://tooldone.com/math/coordinate-grid-calculator/	https://tooldone.com/zh/shuxue/zuobiao-wangge-jisuanqi/
math	corner-point-calculator	https://tooldone.com/math/corner-point-calculator/	https://tooldone.com/zh/shuxue/jiao-dian-jisuanqi/
math	cosecant-calculator	https://tooldone.com/math/cosecant-calculator/	https://tooldone.com/zh/shuxue/yuexian-jisuanqi/
math	cosine-calculator	https://tooldone.com/math/cosine-calculator/	https://tooldone.com/zh/shuxue/yuxian-jisuanqi/
math	cosine-similarity-calculator	https://tooldone.com/math/cosine-similarity-calculator/	https://tooldone.com/zh/shuxue/yuxian-xiangsi-jisuanqi/
math	cotangent-calculator	https://tooldone.com/math/cotangent-calculator/	https://tooldone.com/zh/shuxue/yujian-jisuanqi/
math	coterminal-angle-calculator	https://tooldone.com/math/coterminal-angle-calculator/	https://tooldone.com/zh/shuxue/tongwei-jiao-jisuanqi/
math	cramers-rule-calculator	https://tooldone.com/math/cramers-rule-calculator/	https://tooldone.com/zh/shuxue/kelemo-fagze-jisuanqi/
math	cross-multiplication-calculator	https://tooldone.com/math/cross-multiplication-calculator/	https://tooldone.com/zh/shuxue/jiaochachengfa-jisuanqi/
math	cross-product-calculator	https://tooldone.com/math/cross-product-calculator/	https://tooldone.com/zh/shuxue/cha-ji-jisuanqi/
math	cross-sectional-area-calculator	https://tooldone.com/math/cross-sectional-area-calculator/	https://tooldone.com/zh/shuxue/hengjiemian-mianji-jisuanqi/
math	cube-calculator	https://tooldone.com/math/cube-calculator/	https://tooldone.com/zh/shuxue/lifang-jisuanqi/
math	cube-root-calculator	https://tooldone.com/math/cube-root-calculator/	https://tooldone.com/zh/shuxue/lifanggen-jisuanqi/
math	cubic-equation-calculator	https://tooldone.com/math/cubic-equation-calculator/	https://tooldone.com/zh/shuxue/sanciifangcheng-jisuanqi/
math	cycloid-calculator	https://tooldone.com/math/cycloid-calculator/	https://tooldone.com/zh/shuxue/baimo-xian-jisuanqi/
math	cyclomatic-complexity-calculator	https://tooldone.com/math/cyclomatic-complexity-calculator/	https://tooldone.com/zh/shuxue/xunhuan-fuzadu-jisuanqi/
math	cylindrical-coordinates-calculator	https://tooldone.com/math/cylindrical-coordinates-calculator/	https://tooldone.com/zh/shuxue/yuan-zhu-zuobiao-jisuanqi/
math	decimal-calculator	https://tooldone.com/math/decimal-calculator/	https://tooldone.com/zh/shuxue/xiaoshu-jisuanqi/
math	decimal-to-fraction-calculator	https://tooldone.com/math/decimal-to-fraction-calculator/	https://tooldone.com/zh/shuxue/xiaoshu-fengshu-zhuanhuanqi/
math	decimal-to-percent-converter	https://tooldone.com/math/decimal-to-percent-converter/	https://tooldone.com/zh/shuxue/xiaoshu-baifen-zhuanhuanqi/
math	descartes-rule-of-signs-calculator	https://tooldone.com/math/descartes-rule-of-signs-calculator/	https://tooldone.com/zh/shuxue/dikarer-fuhao-guize-jisuanqi/
math	diagonalize-matrix-calculator	https://tooldone.com/math/diagonalize-matrix-calculator/	https://tooldone.com/zh/shuxue/juzhen-duijiaohau-jisuanqi/
math	diamond-problem-calculator	https://tooldone.com/math/diamond-problem-calculator/	https://tooldone.com/zh/shuxue/zuanshi-wenti-jisuanqi/
math	digit-sum-calculator	https://tooldone.com/math/digit-sum-calculator/	https://tooldone.com/zh/shuxue/shuzi-he-jisuanqi/
math	direct-variation-calculator	https://tooldone.com/math/direct-variation-calculator/	https://tooldone.com/zh/shuxue/zhijie-bianhua-jisuanqi/
math	direction-of-the-vector-calculator	https://tooldone.com/math/direction-of-the-vector-calculator/	https://tooldone.com/zh/shuxue/xiangliangfangxiang-jisuanqi/
math	discriminant-calculator	https://tooldone.com/math/discriminant-calculator/	https://tooldone.com/zh/shuxue/pan-bie-shi-ji-suan-qi/
math	distance-formula-calculator	https://tooldone.com/math/distance-formula-calculator/	https://tooldone.com/zh/shuxue/juli-gongshi-jisuanqi/
math	distance-from-point-to-plane-calculator	https://tooldone.com/math/distance-from-point-to-plane-calculator/	https://tooldone.com/zh/shuxue/dian-dao-pingmian-juli-jisuanqi/
math	distributive-property-calculator	https://tooldone.com/math/distributive-property-calculator/	https://tooldone.com/zh/shuxue/fenpei-lv-jisuanqi/
math	dividing-exponents-calculator	https://tooldone.com/math/dividing-exponents-calculator/	https://tooldone.com/zh/shuxue/zhi-shu-chu-fa-ji-suan-qi/
math	dividing-fractions-calculator	https://tooldone.com/math/dividing-fractions-calculator/	https://tooldone.com/zh/shuxue/fenshu-chufa-jisuanqi/
math	dividing-radicals-calculator	https://tooldone.com/math/dividing-radicals-calculator/	https://tooldone.com/zh/shuxue/gen-shi-chu-fa-ji-suan-qi/
math	divisibility-test-calculator	https://tooldone.com/math/divisibility-test-calculator/	https://tooldone.com/zh/shuxue/zhengchu-xing-ceishi-jisuanqi/
math	dot-product-calculator	https://tooldone.com/math/dot-product-calculator/	https://tooldone.com/zh/shuxue/dianjicheng-jisuanqi/
math	double-angle-formula-calculator	https://tooldone.com/math/double-angle-formula-calculator/	https://tooldone.com/zh/shuxue/shuang-jiao-gongshi-jisuanqi/
math	doubling-time-calculator	https://tooldone.com/math/doubling-time-calculator/	https://tooldone.com/zh/shuxue/beizeng-shijian-jisuanqi/
math	e-calculator	https://tooldone.com/math/e-calculator/	https://tooldone.com/zh/shuxue/e-ji-suan-qi/
math	egyptian-fractions-calculator	https://tooldone.com/math/egyptian-fractions-calculator/	https://tooldone.com/zh/shuxue/aiji-fenshu-jisuanqi/
math	eigenvalue-and-eigenvector-calculator	https://tooldone.com/math/eigenvalue-and-eigenvector-calculator/	https://tooldone.com/zh/shuxue/tezhi-he-tezhengxiangliang-jisuanqi/
math	elimination-method-calculator	https://tooldone.com/math/elimination-method-calculator/	https://tooldone.com/zh/shuxue/xiao-yuan-fa-ji-suan-qi/
math	ellipse-calculator	https://tooldone.com/math/ellipse-calculator/	https://tooldone.com/zh/shuxue/tuoyuan-jisuanqi/
math	ellipsoid-volume-calculator	https://tooldone.com/math/ellipsoid-volume-calculator/	https://tooldone.com/zh/shuxue/tuoyuanti-tiji-jisuanqi/
math	endpoint-calculator	https://tooldone.com/math/endpoint-calculator/	https://tooldone.com/zh/shuxue/duandian-jisuanqi/
math	equation-of-a-circle-calculator	https://tooldone.com/math/equation-of-a-circle-calculator/	https://tooldone.com/zh/shuxue/yuan-fangcheng-jisuanqi/
math	equation-of-a-sphere-calculator	https://tooldone.com/math/equation-of-a-sphere-calculator/	https://tooldone.com/zh/shuxue/qiuti-fangcheng-jisuanqi/
math	equilateral-triangle-calculator	https://tooldone.com/math/equilateral-triangle-calculator/	https://tooldone.com/zh/shuxue/dengbian-sanjiao-jisuanqi/
math	equivalent-fractions-calculator	https://tooldone.com/math/equivalent-fractions-calculator/	https://tooldone.com/zh/shuxue/dengjia-fenshu-jisuanqi/
math	error-function-calculator	https://tooldone.com/math/error-function-calculator/	https://tooldone.com/zh/shuxue/wucha-hanshu-jisuanqi/
math	expanded-form-calculator	https://tooldone.com/math/expanded-form-calculator/	https://tooldone.com/zh/shuxue/zhankai-xingshi-jisuanqi/
math	expanding-logarithms-calculator	https://tooldone.com/math/expanding-logarithms-calculator/	https://tooldone.com/zh/shuxue/duishu-zhankai-jisuanqi/
math	exponent-calculator	https://tooldone.com/math/exponent-calculator/	https://tooldone.com/zh/shuxue/zhishu-jisuanqi/
math	exponential-form-calculator	https://tooldone.com/math/exponential-form-calculator/	https://tooldone.com/zh/shuxue/zhishu-xingshi-jisuanqi/
math	exponential-function-calculator	https://tooldone.com/math/exponential-function-calculator/	https://tooldone.com/zh/shuxue/zhishu-hanshu-jisuanqi/
math	exponential-growth-calculator	https://tooldone.com/math/exponential-growth-calculator/	https://tooldone.com/zh/shuxue/zhishu-zengzhang-jisuanqi/
math	factor-calculator	https://tooldone.com/math/factor-calculator/	https://tooldone.com/zh/shuxue/yinzi-jisuanqi/
math	factorial-calculator	https://tooldone.com/math/factorial-calculator/	https://tooldone.com/zh/shuxue/jiecheng-jisuanqi/
math	factoring-trinomials-calculator	https://tooldone.com/math/factoring-trinomials-calculator/	https://tooldone.com/zh/shuxue/sanxiangshi-fenjie-jisuanqi/
math	fermats-little-theorem-calculator	https://tooldone.com/math/fermats-little-theorem-calculator/	https://tooldone.com/zh/shuxue/feima-xiao-dingli-jisuanqi/
math	fibonacci-calculator	https://tooldone.com/math/fibonacci-calculator/	https://tooldone.com/zh/shuxue/feibolaqie-jisuanqi/
math	floor-division-calculator	https://tooldone.com/math/floor-division-calculator/	https://tooldone.com/zh/shuxue/diban-chufa-jisuanqi/
math	floor-function-calculator	https://tooldone.com/math/floor-function-calculator/	https://tooldone.com/zh/shuxue/diban-hanshu-jisuanqi/
math	foil-calculator	https://tooldone.com/math/foil-calculator/	https://tooldone.com/zh/shuxue/foil-jisuanqi/
math	fraction-calculator	https://tooldone.com/math/fraction-calculator/	https://tooldone.com/zh/shuxue/fenshu-jisuanqi/
math	fraction-exponent-calculator	https://tooldone.com/math/fraction-exponent-calculator/	https://tooldone.com/zh/shuxue/fenshu-zhishu-jisuanqi/
math	fraction-to-decimal-converter	https://tooldone.com/math/fraction-to-decimal-converter/	https://tooldone.com/zh/shuxue/fenshu-zhuan-xiaoshu-zhuanhuanqi/
math	fraction-to-percent-calculator	https://tooldone.com/math/fraction-to-percent-calculator/	https://tooldone.com/zh/shuxue/fenshu-zhuan-baifenbi-jisuanqi/
math	fundamental-counting-principle-calculator	https://tooldone.com/math/fundamental-counting-principle-calculator/	https://tooldone.com/zh/shuxue/jiben-jishu-yuanli-jisuanqi/
math	galileos-paradox-of-infinity-calculator	https://tooldone.com/math/galileos-paradox-of-infinity-calculator/	https://tooldone.com/zh/shuxue/jialilue-wuqiong-beeilun-jisuanqi/
math	gamma-function-calculator	https://tooldone.com/math/gamma-function-calculator/	https://tooldone.com/zh/shuxue/jia-ma-han-shu-ji-suan-qi/
math	gauss-jordan-elimination-calculator	https://tooldone.com/math/gauss-jordan-elimination-calculator/	https://tooldone.com/zh/shuxue/gaosi-yuedan-xiaoqu-jisuanqi/
math	gcf-and-lcm-calculator	https://tooldone.com/math/gcf-and-lcm-calculator/	https://tooldone.com/zh/shuxue/zuidagongyueshu-he-zuixiaogongbeishu-jisuanqi/
math	gcf-calculator-greatest-common-factor	https://tooldone.com/math/gcf-calculator-greatest-common-factor/	https://tooldone.com/zh/shuxue/zui-da-gong-yin-shu-jisuanqi/
math	generic-rectangle-calculator	https://tooldone.com/math/generic-rectangle-calculator/	https://tooldone.com/zh/shuxue/tongyong-juxing-jisuanqi/
math	geometric-mean-calculator	https://tooldone.com/math/geometric-mean-calculator/	https://tooldone.com/zh/shuxue/jihe-pingjun-jisuanqi/
math	geometric-sequence-calculator	https://tooldone.com/math/geometric-sequence-calculator/	https://tooldone.com/zh/shuxue/jixing-shulie-jisuanqi/
math	golden-ratio-calculator	https://tooldone.com/math/golden-ratio-calculator/	https://tooldone.com/zh/shuxue/huangjin-bili-jisuanqi/
math	golden-rectangle-calculator	https://tooldone.com/math/golden-rectangle-calculator/	https://tooldone.com/zh/shuxue/huangjin-juxing-jisuanqi/
math	gradient-calculator	https://tooldone.com/math/gradient-calculator/	https://tooldone.com/zh/shuxue/tiliang-jisuanqi/
math	gram-schmidt-calculator	https://tooldone.com/math/gram-schmidt-calculator/	https://tooldone.com/zh/shuxue/gelamu-shimide-jisuanqi/
math	graphing-inequalities-on-a-number-line-calculator	https://tooldone.com/math/graphing-inequalities-on-a-number-line-calculator/	https://tooldone.com/zh/shuxue/shuzhou-bugendengshi-tuxing-jisuanqi/
math	graphing-quadratic-inequalities-calculator	https://tooldone.com/math/graphing-quadratic-inequalities-calculator/	https://tooldone.com/zh/shuxue/erci-bugendengshi-tuxing-jisuanqi/
math	great-circle-calculator	https://tooldone.com/math/great-circle-calculator/	https://tooldone.com/zh/shuxue/da-yuan-ji-suan-qi/
math	greater-than-or-less-than-calculator	https://tooldone.com/math/greater-than-or-less-than-calculator/	https://tooldone.com/zh/shuxue/dayu-huo-xiaoyu-jisuanqi/
math	hadamard-product-calculator	https://tooldone.com/math/hadamard-product-calculator/	https://tooldone.com/zh/shuxue/hadamard-ji-jisuanqi/
math	half-angle-calculator	https://tooldone.com/math/half-angle-calculator/	https://tooldone.com/zh/shuxue/ban-jiao-jisuanqi/
math	harmonic-mean-calculator	https://tooldone.com/math/harmonic-mean-calculator/	https://tooldone.com/zh/shuxue/tiaohe-pingjun-jisuanqi/
math	harmonic-number-calculator	https://tooldone.com/math/harmonic-number-calculator/	https://tooldone.com/zh/shuxue/tiaohe-shu-jisuanqi/
math	herons-formula-calculator	https://tooldone.com/math/herons-formula-calculator/	https://tooldone.com/zh/shuxue/hailun-gongshi-jisuanqi/
math	hexagon-calculator	https://tooldone.com/math/hexagon-calculator/	https://tooldone.com/zh/shuxue/liubianxing-jisuanqi/
math	hilberts-hotel-paradox-calculator	https://tooldone.com/math/hilberts-hotel-paradox-calculator/	https://tooldone.com/zh/shuxue/xierbo-te-jiudian-beilun-jisuanqi/
math	hyperbolic-functions-calculator	https://tooldone.com/math/hyperbolic-functions-calculator/	https://tooldone.com/zh/shuxue/shuangqu-hanshu-jisuanqi/
math	hypotenuse-calculator	https://tooldone.com/math/hypotenuse-calculator/	https://tooldone.com/zh/shuxue/xiebian-jisuanqi/
math	improper-fraction-to-mixed-number-calculator	https://tooldone.com/math/improper-fraction-to-mixed-number-calculator/	https://tooldone.com/zh/shuxue/jiafenshu-zhuan-dai-fenshu-jisuanqi/
math	inequality-to-interval-notation-calculator	https://tooldone.com/math/inequality-to-interval-notation-calculator/	https://tooldone.com/zh/shuxue/budengshi-zhuan-qujian-biaoshifa-jisuanqi/
math	integer-calculator	https://tooldone.com/math/integer-calculator/	https://tooldone.com/zh/shuxue/zhengshu-jisuanqi/
math	interval-notation-calculator	https://tooldone.com/math/interval-notation-calculator/	https://tooldone.com/zh/shuxue/qujian-fuhao-jisuanqi/
math	inverse-matrix-calculator	https://tooldone.com/math/inverse-matrix-calculator/	https://tooldone.com/zh/shuxue/ni-juzhen-jisuanqi/
math	inverse-modulo-calculator	https://tooldone.com/math/inverse-modulo-calculator/	https://tooldone.com/zh/shuxue/ni-mo-jisuan-qi/
math	inverse-trigonometric-functions-calculator	https://tooldone.com/math/inverse-trigonometric-functions-calculator/	https://tooldone.com/zh/shuxue/fan-sanjiaohanshu-jisuanqi/
math	inverse-variation-calculator	https://tooldone.com/math/inverse-variation-calculator/	https://tooldone.com/zh/shuxue/fanbian-jisuanqi/
math	involute-function-calculator	https://tooldone.com/math/involute-function-calculator/	https://tooldone.com/zh/shuxue/jiankai-xian-hanshu-jisuanqi/
math	irregular-polygon-area-calculator	https://tooldone.com/math/irregular-polygon-area-calculator/	https://tooldone.com/zh/shuxue/buguize-duojiaxing-mianji-jisuanqi/
math	isosceles-triangle-calculator	https://tooldone.com/math/isosceles-triangle-calculator/	https://tooldone.com/zh/shuxue/dengyao-sanjiaoxing-jisuanqi/
math	lagrange-error-bound-calculator	https://tooldone.com/math/lagrange-error-bound-calculator/	https://tooldone.com/zh/shuxue/lagrange-wucha-bianjie-jisuanqi/
math	lateral-area-trapezoidal-prism-calculator	https://tooldone.com/math/lateral-area-trapezoidal-prism-calculator/	https://tooldone.com/zh/shuxue/tixingzhu-cemianji-jisuanqi/
math	latus-rectum-calculator	https://tooldone.com/math/latus-rectum-calculator/	https://tooldone.com/zh/shuxue/zhengzhixian-jisuanqi/
math	law-of-cosines-calculator	https://tooldone.com/math/law-of-cosines-calculator/	https://tooldone.com/zh/shuxue/yuexian-dingli-jisuanqi/
math	law-of-sines-calculator	https://tooldone.com/math/law-of-sines-calculator/	https://tooldone.com/zh/shuxue/zhengxian-dingli-jisuanqi/
math	lcd-calculator	https://tooldone.com/math/lcd-calculator/	https://tooldone.com/zh/shuxue/zuixiao-gongfenmu-jisuanqi/
math	lcm-calculator-least-common-multiple	https://tooldone.com/math/lcm-calculator-least-common-multiple/	https://tooldone.com/zh/shuxue/zui-xiao-gong-bei-shu-jisuanqi/
math	least-squares-regression-line-calculator	https://tooldone.com/math/least-squares-regression-line-calculator/	https://tooldone.com/zh/shuxue/zuixiaoerchengfa-huigui-zhixian-jisuanqi/
math	lfsr-calculator	https://tooldone.com/math/lfsr-calculator/	https://tooldone.com/zh/shuxue/xianxing-fanglian-yiwei-jisuanqi/
math	line-equation-from-two-points-calculator	https://tooldone.com/math/line-equation-from-two-points-calculator/	https://tooldone.com/zh/shuxue/liang-dian-zhi-xian-fangcheng-jisuanqi/
math	line-of-intersection-of-two-planes-calculator	https://tooldone.com/math/line-of-intersection-of-two-planes-calculator/	https://tooldone.com/zh/shuxue/liang-pingmian-jiaoxian-jisuanqi/
math	linear-combination-calculator	https://tooldone.com/math/linear-combination-calculator/	https://tooldone.com/zh/shuxue/xianxing-zuhe-jisuanqi/
math	linear-independence-calculator	https://tooldone.com/math/linear-independence-calculator/	https://tooldone.com/zh/shuxue/xianxing-wuguanxing-jisuanqi/
math	linear-interpolation-calculator	https://tooldone.com/math/linear-interpolation-calculator/	https://tooldone.com/zh/shuxue/xianxing-chazhi-jisuanqi/
math	log-base-2-calculator	https://tooldone.com/math/log-base-2-calculator/	https://tooldone.com/zh/shuxue/er-jinzhi-duishu-jisuanqi/
math	log-calculator	https://tooldone.com/math/log-calculator/	https://tooldone.com/zh/shuxue/duishu-jisuanqi/
math	long-addition-calculator	https://tooldone.com/math/long-addition-calculator/	https://tooldone.com/zh/shuxue/chang-jiafa-jisuanqi/
math	long-division-calculator	https://tooldone.com/math/long-division-calculator/	https://tooldone.com/zh/shuxue/chang-chufa-jisuanqi/
math	long-multiplication-calculator	https://tooldone.com/math/long-multiplication-calculator/	https://tooldone.com/zh/shuxue/chang-chengfa-jisuanqi/
math	long-subtraction-calculator	https://tooldone.com/math/long-subtraction-calculator/	https://tooldone.com/zh/shuxue/chang-jianfa-jisuanqi/
math	lowest-term-calculator	https://tooldone.com/math/lowest-term-calculator/	https://tooldone.com/zh/shuxue/zuidi-xiang-jisuanqi/
math	lu-decomposition-calculator	https://tooldone.com/math/lu-decomposition-calculator/	https://tooldone.com/zh/shuxue/lu-fenjie-jisuanqi/
math	luhn-algorithm-calculator	https://tooldone.com/math/luhn-algorithm-calculator/	https://tooldone.com/zh/shuxue/luhn-suanfa-jisuanqi/
math	magic-square-calculator	https://tooldone.com/math/magic-square-calculator/	https://tooldone.com/zh/shuxue/huanfang-jisuanqi/
math	manhattan-distance-calculator	https://tooldone.com/math/manhattan-distance-calculator/	https://tooldone.com/zh/shuxue/manhadun-juli-jisuanqi/
math	matrix-addition-and-subtraction-calculator	https://tooldone.com/math/matrix-addition-and-subtraction-calculator/	https://tooldone.com/zh/shuxue/juzhen-jiajian-jisuanqi/
math	matrix-by-scalar-calculator	https://tooldone.com/math/matrix-by-scalar-calculator/	https://tooldone.com/zh/shuxue/juzhen-biaoliang-chengfa-jisuanqi/
math	matrix-calculator	https://tooldone.com/math/matrix-calculator/	https://tooldone.com/zh/shuxue/juzhen-jisuanqi/
math	matrix-determinant-calculator	https://tooldone.com/math/matrix-determinant-calculator/	https://tooldone.com/zh/shuxue/juzhen-hanglieshi-jisuanqi/
math	matrix-multiplication-calculator	https://tooldone.com/math/matrix-multiplication-calculator/	https://tooldone.com/zh/shuxue/juzhen-chengfa-jisuanqi/
math	matrix-norm-calculator	https://tooldone.com/math/matrix-norm-calculator/	https://tooldone.com/zh/shuxue/juzhen-fangshu-jisuanqi/
math	matrix-power-calculator	https://tooldone.com/math/matrix-power-calculator/	https://tooldone.com/zh/shuxue/juzhen-miciu-jisuanqi/
math	matrix-rank-calculator	https://tooldone.com/math/matrix-rank-calculator/	https://tooldone.com/zh/shuxue/juzhen-hangshu-jisuanqi/
math	matrix-trace-calculator	https://tooldone.com/math/matrix-trace-calculator/	https://tooldone.com/zh/shuxue/juzhen-jizong-jisuanqi/
math	matrix-transpose-calculator	https://tooldone.com/math/matrix-transpose-calculator/	https://tooldone.com/zh/shuxue/juzhen-zhuanzhi-jisuanqi/
math	mayan-numerals-converter	https://tooldone.com/math/mayan-numerals-converter/	https://tooldone.com/zh/shuxue/maya-shuzi-zhuanhuan-qi/
math	mean-calculator	https://tooldone.com/math/mean-calculator/	https://tooldone.com/zh/shuxue/pingjunzhi-jisuanqi-pingjunzhi/
math	midpoint-calculator	https://tooldone.com/math/midpoint-calculator/	https://tooldone.com/zh/shuxue/zhongdian-jisuanqi/
math	mixed-number-calculator	https://tooldone.com/math/mixed-number-calculator/	https://tooldone.com/zh/shuxue/hunhe-shu-jisuanqi/
math	mixed-number-to-improper-fraction-calculator	https://tooldone.com/math/mixed-number-to-improper-fraction-calculator/	https://tooldone.com/zh/shuxue/hunhe-shu-zhuan-jiakefen-jisuanqi/
math	modulo-calculator	https://tooldone.com/math/modulo-calculator/	https://tooldone.com/zh/shuxue/mouju-jisuanqi/
math	moment-of-inertia-calculator	https://tooldone.com/math/moment-of-inertia-calculator/	https://tooldone.com/zh/shuxue/guanxing-juli-jisuanqi/
math	multiplication-calculator	https://tooldone.com/math/multiplication-calculator/	https://tooldone.com/zh/shuxue/chengfa-jisuanqi/
math	multiplicative-inverse-calculator	https://tooldone.com/math/multiplicative-inverse-calculator/	https://tooldone.com/zh/shuxue/chengfa-nixiang-jisuanqi/
math	multiplicative-inverse-modulo-calculator	https://tooldone.com/math/multiplicative-inverse-modulo-calculator/	https://tooldone.com/zh/shuxue/chengfa-nizhi-moni-jisuanqi/
math	multiplying-binomials-calculator	https://tooldone.com/math/multiplying-binomials-calculator/	https://tooldone.com/zh/shuxue/erxiangshi-chengfa-jisuanqi/
math	multiplying-exponents-calculator	https://tooldone.com/math/multiplying-exponents-calculator/	https://tooldone.com/zh/shuxue/zhishu-chengfa-jisuanqi/
math	multiplying-fractions-calculator	https://tooldone.com/math/multiplying-fractions-calculator/	https://tooldone.com/zh/shuxue/fenshu-chengfa-jisuanqi/
math	multiplying-polynomials-calculator	https://tooldone.com/math/multiplying-polynomials-calculator/	https://tooldone.com/zh/shuxue/duoxiangshi-chengfa-jisuanqi/
math	multiplying-radicals-calculator	https://tooldone.com/math/multiplying-radicals-calculator/	https://tooldone.com/zh/shuxue/genhao-chengfa-jisuanqi/
math	natural-log-calculator	https://tooldone.com/math/natural-log-calculator/	https://tooldone.com/zh/shuxue/ziran-duishu-jisuanqi/
math	negative-log-calculator	https://tooldone.com/math/negative-log-calculator/	https://tooldone.com/zh/shuxue/fuduishu-jisuanqi/
math	nor-calculator	https://tooldone.com/math/nor-calculator/	https://tooldone.com/zh/shuxue/nor-jisuanqi/
math	null-space-calculator	https://tooldone.com/math/null-space-calculator/	https://tooldone.com/zh/shuxue/ling-kong-jian-jisuanqi/
math	octagon-calculator	https://tooldone.com/math/octagon-calculator/	https://tooldone.com/zh/shuxue/bajiaoxing-jisuanqi/
math	ones-complement-calculator	https://tooldone.com/math/ones-complement-calculator/	https://tooldone.com/zh/shuxue/fan-ma-jisuanqi/
math	or-calculator	https://tooldone.com/math/or-calculator/	https://tooldone.com/zh/shuxue/huo-yun-suan-qi/
math	order-of-magnitude-calculator	https://tooldone.com/math/order-of-magnitude-calculator/	https://tooldone.com/zh/shuxue/shuliangji-jisuanqi/
math	orthocenter-calculator	https://tooldone.com/math/orthocenter-calculator/	https://tooldone.com/zh/shuxue/chui-xin-jisuanqi/
math	parabola-calculator	https://tooldone.com/math/parabola-calculator/	https://tooldone.com/zh/shuxue/paowuxian-jisuanqi/
math	parallel-line-calculator	https://tooldone.com/math/parallel-line-calculator/	https://tooldone.com/zh/shuxue/pingxing-xian-jisuanqi/
math	partial-fraction-decomposition-calculator	https://tooldone.com/math/partial-fraction-decomposition-calculator/	https://tooldone.com/zh/shuxue/bufen-fenshi-fengjie-jisuanqi/
math	partial-products-calculator	https://tooldone.com/math/partial-products-calculator/	https://tooldone.com/zh/shuxue/bufen-chengji-jisuanqi/
math	pascals-triangle-calculator	https://tooldone.com/math/pascals-triangle-calculator/	https://tooldone.com/zh/shuxue/basaier-sanjiao-jisuanqi/
math	pentagon-calculator	https://tooldone.com/math/pentagon-calculator/	https://tooldone.com/zh/shuxue/wujiaoxing-jisuanqi/
math	percent-error-calculator	https://tooldone.com/math/percent-error-calculator/	https://tooldone.com/zh/shuxue/baifenbi-wucha-jisuanqi/
math	percent-to-goal-calculator	https://tooldone.com/math/percent-to-goal-calculator/	https://tooldone.com/zh/shuxue/mubiao-baifenbi-jisuanqi/
math	percentage-calculator	https://tooldone.com/math/percentage-calculator/	https://tooldone.com/zh/shuxue/baifenbi-jisuanqi/
math	percentage-change-calculator	https://tooldone.com/math/percentage-change-calculator/	https://tooldone.com/zh/shuxue/baifenbi-bianhua-jisuanqi/
math	percentage-decrease-calculator	https://tooldone.com/math/percentage-decrease-calculator/	https://tooldone.com/zh/shuxue/baifenbi-jianshao-jisuanqi/
math	percentage-difference-calculator	https://tooldone.com/math/percentage-difference-calculator/	https://tooldone.com/zh/shuxue/baifenbi-chayi-jisuanqi/
math	percentage-increase-calculator	https://tooldone.com/math/percentage-increase-calculator/	https://tooldone.com/zh/shuxue/baifenbi-zengjia-jisuanqi/
math	percentage-of-a-percentage-calculator	https://tooldone.com/math/percentage-of-a-percentage-calculator/	https://tooldone.com/zh/shuxue/baifenbi-de-baifenbi-jisuanqi/
math	percentage-point-calculator	https://tooldone.com/math/percentage-point-calculator/	https://tooldone.com/zh/shuxue/baifendian-jisuanqi/
math	perfect-cube-calculator	https://tooldone.com/math/perfect-cube-calculator/	https://tooldone.com/zh/shuxue/wanquan-lifangti-jisuanqi/
math	perfect-square-calculator	https://tooldone.com/math/perfect-square-calculator/	https://tooldone.com/zh/shuxue/wanquan-pingfang-jisuanqi/
math	perfect-square-trinomial-calculator	https://tooldone.com/math/perfect-square-trinomial-calculator/	https://tooldone.com/zh/shuxue/wanquan-pingfang-sanxiang-jisuanqi/
math	perimeter-calculator	https://tooldone.com/math/perimeter-calculator/	https://tooldone.com/zh/shuxue/zhouzhang-jisuanqi-zhouzhang/
math	perimeter-of-a-triangle-calculator	https://tooldone.com/math/perimeter-of-a-triangle-calculator/	https://tooldone.com/zh/shuxue/sanjiaoxing-zhouzhang-jisuanqi/
math	perpendicular-line-calculator	https://tooldone.com/math/perpendicular-line-calculator/	https://tooldone.com/zh/shuxue/chuizhi-zhixian-jisuanqi/
math	phase-shift-calculator	https://tooldone.com/math/phase-shift-calculator/	https://tooldone.com/zh/shuxue/xiangwei-yiwei-jisuanqi/
math	pi-experiments-calculator	https://tooldone.com/math/pi-experiments-calculator/	https://tooldone.com/zh/shuxue/yuanzhoulv-shiyan-jisuanqi/
math	place-value-calculator	https://tooldone.com/math/place-value-calculator/	https://tooldone.com/zh/shuxue/shuweizhi-jisuanqi/
math	point-slope-form-calculator	https://tooldone.com/math/point-slope-form-calculator/	https://tooldone.com/zh/shuxue/dian-xielv-xingshi-jisuanqi/
math	polar-coordinates-calculator	https://tooldone.com/math/polar-coordinates-calculator/	https://tooldone.com/zh/shuxue/jizuo-zuobiao-jisuanqi/
math	polar-decomposition-calculator	https://tooldone.com/math/polar-decomposition-calculator/	https://tooldone.com/zh/shuxue/jifengjie-jisuanqi/
math	polish-notation-converter	https://tooldone.com/math/polish-notation-converter/	https://tooldone.com/zh/shuxue/bolan-biaoshifa-zhuanhuanqi/
math	polygon-calculator	https://tooldone.com/math/polygon-calculator/	https://tooldone.com/zh/shuxue/duobianxing-jisuanqi/
math	polynomial-division-calculator	https://tooldone.com/math/polynomial-division-calculator/	https://tooldone.com/zh/shuxue/duoxiangshi-chufa-jisuanqi/
math	polynomial-graphing-calculator	https://tooldone.com/math/polynomial-graphing-calculator/	https://tooldone.com/zh/shuxue/duoxiangshi-tuxing-jisuanqi/
math	power-mod-calculator	https://tooldone.com/math/power-mod-calculator/	https://tooldone.com/zh/shuxue/mozhu-mi-yunsuanqi/
math	power-reducing-calculator	https://tooldone.com/math/power-reducing-calculator/	https://tooldone.com/zh/shuxue/mi-ci-jianshaoji-jisuanqi/
math	power-set-calculator	https://tooldone.com/math/power-set-calculator/	https://tooldone.com/zh/shuxue/miji-jisuanqi/
math	powers-of-i-calculator	https://tooldone.com/math/powers-of-i-calculator/	https://tooldone.com/zh/shuxue/xuhu-i-de-mi-jisuanqi/
math	prime-factorization-calculator	https://tooldone.com/math/prime-factorization-calculator/	https://tooldone.com/zh/shuxue/zhishu-fenjie-jisuanqi/
math	prime-number-calculator	https://tooldone.com/math/prime-number-calculator/	https://tooldone.com/zh/shuxue/zhishu-jisuanqi-prime/
math	prisoners-dilemma-calculator	https://tooldone.com/math/prisoners-dilemma-calculator/	https://tooldone.com/zh/shuxue/qiufan-kunju-jisuanqi/
math	proportion-calculator	https://tooldone.com/math/proportion-calculator/	https://tooldone.com/zh/shuxue/bili-jisuanqi/
math	pseudoinverse-calculator	https://tooldone.com/math/pseudoinverse-calculator/	https://tooldone.com/zh/shuxue/moore-penrose-jisuanqi/
math	pyramid-angle-calculator	https://tooldone.com/math/pyramid-angle-calculator/	https://tooldone.com/zh/shuxue/jinzita-jiaodu-jisuanqi/
math	pyramid-volume-calculator	https://tooldone.com/math/pyramid-volume-calculator/	https://tooldone.com/zh/shuxue/jinzita-tiji-jisuanqi/
math	pythagorean-theorem-calculator	https://tooldone.com/math/pythagorean-theorem-calculator/	https://tooldone.com/zh/shuxue/bidagelasi-dingli-jisuanqi/
math	pythagorean-triples-calculator	https://tooldone.com/math/pythagorean-triples-calculator/	https://tooldone.com/zh/shuxue/baisagelasi-sanyuanzu-jisuanqi/
math	qr-decomposition-calculator	https://tooldone.com/math/qr-decomposition-calculator/	https://tooldone.com/zh/shuxue/qr-fenjie-jisuanqi/
math	quadratic-formula-calculator	https://tooldone.com/math/quadratic-formula-calculator/	https://tooldone.com/zh/shuxue/ercifangcheng-gongshi-jisuanqi/
math	quadrilateral-calculator	https://tooldone.com/math/quadrilateral-calculator/	https://tooldone.com/zh/shuxue/siyinxing-jisuanqi/
math	quaternion-calculator	https://tooldone.com/math/quaternion-calculator/	https://tooldone.com/zh/shuxue/siyuan-shu-jisuanqi/
math	queueing-theory-calculator	https://tooldone.com/math/queueing-theory-calculator/	https://tooldone.com/zh/shuxue/paidui-lilun-jisuanqi/
math	quotient-calculator	https://tooldone.com/math/quotient-calculator/	https://tooldone.com/zh/shuxue/shang-jisuanqi/
math	radical-calculator	https://tooldone.com/math/radical-calculator/	https://tooldone.com/zh/shuxue/genhao-jisuanqi/
math	ratio-calculator	https://tooldone.com/math/ratio-calculator/	https://tooldone.com/zh/shuxue/bili-jisuanqi-bili/
math	rational-zeros-calculator	https://tooldone.com/math/rational-zeros-calculator/	https://tooldone.com/zh/shuxue/youli-ling-dian-jisuanqi/
math	rationalize-denominator-calculator	https://tooldone.com/math/rationalize-denominator-calculator/	https://tooldone.com/zh/shuxue/fenmu-youlihua-jisuanqi/
math	ratios-of-directed-line-segments-calculator	https://tooldone.com/math/ratios-of-directed-line-segments-calculator/	https://tooldone.com/zh/shuxue/youdang-xianduan-bili-jisuanqi/
math	reciprocal-calculator	https://tooldone.com/math/reciprocal-calculator/	https://tooldone.com/zh/shuxue/daoshu-jisuanqi/
math	rectangular-prism-calculator	https://tooldone.com/math/rectangular-prism-calculator/	https://tooldone.com/zh/shuxue/zhangfangti-jisuanqi/
math	reduced-row-echelon-form-calculator	https://tooldone.com/math/reduced-row-echelon-form-calculator/	https://tooldone.com/zh/shuxue/jianhua-hang-jietai-xing-jisuanqi/
math	reference-angle-calculator	https://tooldone.com/math/reference-angle-calculator/	https://tooldone.com/zh/shuxue/cankao-jiaodu-jisuanqi/
math	relative-change-calculator	https://tooldone.com/math/relative-change-calculator/	https://tooldone.com/zh/shuxue/xiangdui-bianhua-jisuanqi/
math	relatively-prime-calculator	https://tooldone.com/math/relatively-prime-calculator/	https://tooldone.com/zh/shuxue/huzhi-shu-jisuanqi/
math	remainder-calculator	https://tooldone.com/math/remainder-calculator/	https://tooldone.com/zh/shuxue/yushu-jisuanqi/
math	reverse-foil-calculator	https://tooldone.com/math/reverse-foil-calculator/	https://tooldone.com/zh/shuxue/fanxiang-foil-jisuanqi/
math	right-circular-cone-calculator-area-volume-lateral-base	https://tooldone.com/math/right-circular-cone-calculator-area-volume-lateral-base/	https://tooldone.com/zh/shuxue/zhijiao-yuanzhui-jisuanqi-mianji-tiji-celiang-dibu/
math	right-cylinder-calculator-area-volume-lateral-base	https://tooldone.com/math/right-cylinder-calculator-area-volume-lateral-base/	https://tooldone.com/zh/shuxue/zhijiao-yuanzhu-jisuanqi-mianji-tiji-zongmianji-yanmian-dimian/
math	right-rectangular-pyramid-calculator-area-volume-lateral-base	https://tooldone.com/math/right-rectangular-pyramid-calculator-area-volume-lateral-base/	https://tooldone.com/zh/shuxue/zhijiao-juxing-jinzita-jisuanqi-mianji-tiji-cemen-diban/
math	right-triangle-calculator	https://tooldone.com/math/right-triangle-calculator/	https://tooldone.com/zh/shuxue/zhijiao-sanjiao-jisuanqi/
math	right-triangle-side-and-angle-calculator	https://tooldone.com/math/right-triangle-side-and-angle-calculator/	https://tooldone.com/zh/shuxue/zhijiao-sanjiao-bian-jiao-jisuanqi/
math	rise-over-run-calculator	https://tooldone.com/math/rise-over-run-calculator/	https://tooldone.com/zh/shuxue/shengao-xingjin-jisuanqi/
math	root-calculator	https://tooldone.com/math/root-calculator/	https://tooldone.com/zh/shuxue/gen-jisuanqi/
math	root-mean-square-calculator	https://tooldone.com/math/root-mean-square-calculator/	https://tooldone.com/zh/shuxue/fang-jun-gen-jisuanqi/
math	rotation-calculator	https://tooldone.com/math/rotation-calculator/	https://tooldone.com/zh/shuxue/zuobiao-xuanzhuan-jisuanqi/
math	round-to-the-nearest-thousand-calculator	https://tooldone.com/math/round-to-the-nearest-thousand-calculator/	https://tooldone.com/zh/shuxue/she-ru-zui-jin-de-qian-wei-jisuanqi/
math	rounding-calculator	https://tooldone.com/math/rounding-calculator/	https://tooldone.com/zh/shuxue/sishao-wuru-jisuanqi/
math	rsa-calculator	https://tooldone.com/math/rsa-calculator/	https://tooldone.com/zh/shuxue/rsa-jiami-jisuanqi/
math	scatter-plot-calculator	https://tooldone.com/math/scatter-plot-calculator/	https://tooldone.com/zh/shuxue/sanbu-tu-jisuanqi/
math	scientific-notation-calculator	https://tooldone.com/math/scientific-notation-calculator/	https://tooldone.com/zh/shuxue/kexue-jishu-fa-jisuanqi/
math	secant-calculator	https://tooldone.com/math/secant-calculator/	https://tooldone.com/zh/shuxue/zhengqie-jisuanqi/
math	sector-area-calculator	https://tooldone.com/math/sector-area-calculator/	https://tooldone.com/zh/shuxue/shanxing-mianji-jisuanqi/
math	segment-addition-postulate-calculator	https://tooldone.com/math/segment-addition-postulate-calculator/	https://tooldone.com/zh/shuxue/xian-duan-jia-fa-ding-li-jisuanqi/
math	segment-area-calculator	https://tooldone.com/math/segment-area-calculator/	https://tooldone.com/zh/shuxue/yuanxianmianji-jisuanqi/
math	semicircle-area-calculator	https://tooldone.com/math/semicircle-area-calculator/	https://tooldone.com/zh/shuxue/ban-yuan-mianji-jisuanqi/
math	sequence-calculator	https://tooldone.com/math/sequence-calculator/	https://tooldone.com/zh/shuxue/shulie-jisuanqi/
math	set-builder-calculator	https://tooldone.com/math/set-builder-calculator/	https://tooldone.com/zh/shuxue/jihe-goujianqi-jisuanqi/
math	significant-figures-calculator	https://tooldone.com/math/significant-figures-calculator/	https://tooldone.com/zh/shuxue/youxiao-shuzi-jisuanqi/
math	similar-triangles-calculator	https://tooldone.com/math/similar-triangles-calculator/	https://tooldone.com/zh/shuxue/xiangsi-sanjiao-jisuanqi/
math	simplify-fractions-calculator	https://tooldone.com/math/simplify-fractions-calculator/	https://tooldone.com/zh/shuxue/hua-jian-fen-shu-jisuanqi/
math	simplifying-radicals-calculator	https://tooldone.com/math/simplifying-radicals-calculator/	https://tooldone.com/zh/shuxue/jianhua-gen-shi-jisuanqi/
math	sine-calculator	https://tooldone.com/math/sine-calculator/	https://tooldone.com/zh/shuxue/zhengxian-jisuanqi/
math	singular-values-calculator	https://tooldone.com/math/singular-values-calculator/	https://tooldone.com/zh/shuxue/dan-zhi-jisuanqi/
math	slant-height-calculator	https://tooldone.com/math/slant-height-calculator/	https://tooldone.com/zh/shuxue/xiexian-gaodu-jisuanqi/
math	slope-calculator	https://tooldone.com/math/slope-calculator/	https://tooldone.com/zh/shuxue/xielv-jisuanqi/
math	slope-intercept-form-calculator	https://tooldone.com/math/slope-intercept-form-calculator/	https://tooldone.com/zh/shuxue/xielv-jieju-xingshi-jisuanqi/
math	special-right-triangles-calculator	https://tooldone.com/math/special-right-triangles-calculator/	https://tooldone.com/zh/shuxue/teshu-zhijiao-sanjiaoxing-jisuanqi/
math	sphere-calculator-volume-area-diameter	https://tooldone.com/math/sphere-calculator-volume-area-diameter/	https://tooldone.com/zh/shuxue/qiuti-jisuanqi-tiji-mianji-zhijing/
math	spherical-coordinates-calculator	https://tooldone.com/math/spherical-coordinates-calculator/	https://tooldone.com/zh/shuxue/qiuzuobiao-jisuanqi/
math	spiral-length-calculator	https://tooldone.com/math/spiral-length-calculator/	https://tooldone.com/zh/shuxue/luoxuan-changdu-jisuanqi/
math	square-calculator-area-perimeter-diagonal	https://tooldone.com/math/square-calculator-area-perimeter-diagonal/	https://tooldone.com/zh/shuxue/zhengfangxing-jisuanqi-mianji-zhouchang-duijiaoxian/
math	square-in-a-circle-calculator	https://tooldone.com/math/square-in-a-circle-calculator/	https://tooldone.com/zh/shuxue/yuanzhong-zhengfangxing-jisuanqi/
math	square-of-a-binomial-calculator	https://tooldone.com/math/square-of-a-binomial-calculator/	https://tooldone.com/zh/shuxue/erxiangshi-pingfang-jisuanqi/
math	square-root-calculator	https://tooldone.com/math/square-root-calculator/	https://tooldone.com/zh/shuxue/pingfanggen-jisuanqi/
math	standard-form-calculator	https://tooldone.com/math/standard-form-calculator/	https://tooldone.com/zh/shuxue/biaozhun-xingshi-jisuanqi/
math	standard-form-to-slope-intercept-form-calculator	https://tooldone.com/math/standard-form-to-slope-intercept-form-calculator/	https://tooldone.com/zh/shuxue/biaozhunshi-dao-xiejieshi-jisuanqi/
math	star-shape-calculator	https://tooldone.com/math/star-shape-calculator/	https://tooldone.com/zh/shuxue/xingxing-xingzhuang-jisuanqi/
math	string-girdling-earth-calculator	https://tooldone.com/math/string-girdling-earth-calculator/	https://tooldone.com/zh/shuxue/shengzi-huanrao-diqiu-jisuanqi/
math	subset-calculator	https://tooldone.com/math/subset-calculator/	https://tooldone.com/zh/shuxue/ziji-jisuanqi/
math	substitution-method-calculator	https://tooldone.com/math/substitution-method-calculator/	https://tooldone.com/zh/shuxue/tidai-fangfa-jisuanqi/
math	subtracting-fractions-calculator	https://tooldone.com/math/subtracting-fractions-calculator/	https://tooldone.com/zh/shuxue/fen-shu-jian-fa-jisuanqi/
math	subtraction-calculator	https://tooldone.com/math/subtraction-calculator/	https://tooldone.com/zh/shuxue/jianfa-jisuanqi/
math	sum-and-difference-identities-calculator	https://tooldone.com/math/sum-and-difference-identities-calculator/	https://tooldone.com/zh/shuxue/he-cha-hengdengshi-jisuanqi/
math	sum-of-a-linear-number-sequence-calculator	https://tooldone.com/math/sum-of-a-linear-number-sequence-calculator/	https://tooldone.com/zh/shuxue/xianxing-shuzi-xulie-qiuhe-jisuanqi/
math	sum-of-products-calculator	https://tooldone.com/math/sum-of-products-calculator/	https://tooldone.com/zh/shuxue/chengji-qiuhe-jisuanqi/
math	sum-of-series-calculator	https://tooldone.com/math/sum-of-series-calculator/	https://tooldone.com/zh/shuxue/xulie-qiuhe-jisuanqi/
math	supplementary-angles-calculator	https://tooldone.com/math/supplementary-angles-calculator/	https://tooldone.com/zh/shuxue/xie-jiao-jisuanqi/
math	surface-area-calculator	https://tooldone.com/math/surface-area-calculator/	https://tooldone.com/zh/shuxue/biaomianji-jisuanqi/
math	surface-area-of-a-hemisphere-calculator	https://tooldone.com/math/surface-area-of-a-hemisphere-calculator/	https://tooldone.com/zh/shuxue/banqiu-biaomian-ji-jisuanqi/
math	surface-area-of-a-triangular-prism-calculator	https://tooldone.com/math/surface-area-of-a-triangular-prism-calculator/	https://tooldone.com/zh/shuxue/san-jiao-zhu-ti-mian-ji-ji-suan-qi/
math	surface-area-to-volume-ratio-calculator	https://tooldone.com/math/surface-area-to-volume-ratio-calculator/	https://tooldone.com/zh/shuxue/biaomianji-tiji-bi-jisuanqi/
math	svd-calculator	https://tooldone.com/math/svd-calculator/	https://tooldone.com/zh/shuxue/qiyizhi-fenjie-jisuanqi/
math	synthetic-division-calculator	https://tooldone.com/math/synthetic-division-calculator/	https://tooldone.com/zh/shuxue/hecheng-chufa-jisuanqi/
math	system-of-equations-calculator	https://tooldone.com/math/system-of-equations-calculator/	https://tooldone.com/zh/shuxue/fangchengzu-jisuanqi/
math	tangent-calculator	https://tooldone.com/math/tangent-calculator/	https://tooldone.com/zh/shuxue/zhengqie-jisuanqi-zhengqie/
math	tangent-of-a-circle-calculator	https://tooldone.com/math/tangent-of-a-circle-calculator/	https://tooldone.com/zh/shuxue/yuan-qie-xian-jisuanqi/
math	tensor-product-calculator	https://tooldone.com/math/tensor-product-calculator/	https://tooldone.com/zh/shuxue/zhengliang-ji-ji-suan-qi/
math	terminating-decimals-calculator	https://tooldone.com/math/terminating-decimals-calculator/	https://tooldone.com/zh/shuxue/zhongzhi-xiaoshu-jisuanqi/
math	tetrahedron-volume-calculator	https://tooldone.com/math/tetrahedron-volume-calculator/	https://tooldone.com/zh/shuxue/simiantizhui-tiji-jisuanqi/
math	three-dimensional-distance-calculator	https://tooldone.com/math/three-dimensional-distance-calculator/	https://tooldone.com/zh/shuxue/san-wei-juli-jisuanqi/
math	time-percentage-calculator	https://tooldone.com/math/time-percentage-calculator/	https://tooldone.com/zh/shuxue/shijian-baifenbi-jisuanqi/
math	torus-surface-area-calculator	https://tooldone.com/math/torus-surface-area-calculator/	https://tooldone.com/zh/shuxue/huanxing-biaomianji-jisuanqi/
math	torus-volume-calculator	https://tooldone.com/math/torus-volume-calculator/	https://tooldone.com/zh/shuxue/huanmian-tiji-jisuanqi/
math	trapezoid-calculator	https://tooldone.com/math/trapezoid-calculator/	https://tooldone.com/zh/shuxue/tixing-jisuanqi/
math	triangle-angle-calculator	https://tooldone.com/math/triangle-angle-calculator/	https://tooldone.com/zh/shuxue/sanjiao-jiaodu-jisuanqi/
math	triangle-area-calculator	https://tooldone.com/math/triangle-area-calculator/	https://tooldone.com/zh/shuxue/sanjiao-mianji-jisuanqi/
math	triangle-height-calculator	https://tooldone.com/math/triangle-height-calculator/	https://tooldone.com/zh/shuxue/sanjiao-gaodu-jisuanqi/
math	triangle-inequality-theorem-calculator	https://tooldone.com/math/triangle-inequality-theorem-calculator/	https://tooldone.com/zh/shuxue/sanjiao-buxiangteng-dingli-jisuanqi/
math	triangular-numbers-calculator	https://tooldone.com/math/triangular-numbers-calculator/	https://tooldone.com/zh/shuxue/sanjiao-shu-jisuanqi/
math	triangular-prism-calculator	https://tooldone.com/math/triangular-prism-calculator/	https://tooldone.com/zh/shuxue/sanjiao-zhu-jisuanqi/
math	triangulation-calculator	https://tooldone.com/math/triangulation-calculator/	https://tooldone.com/zh/shuxue/sanjiaoceding-jisuanqi/
math	trig-identities-calculator	https://tooldone.com/math/trig-identities-calculator/	https://tooldone.com/zh/shuxue/sanjiaohanshu-hengshuishi-jisuanqi/
math	trigonometric-functions-calculator	https://tooldone.com/math/trigonometric-functions-calculator/	https://tooldone.com/zh/shuxue/sanjiaohanshu-jisuanqi/
math	trigonometry-calculator	https://tooldone.com/math/trigonometry-calculator/	https://tooldone.com/zh/shuxue/sanjiaoxue-jisuanqi/
math	twos-complement-calculator	https://tooldone.com/math/twos-complement-calculator/	https://tooldone.com/zh/shuxue/er-jin-zhi-bu-ma-jisuanqi/
math	ugly-duckling-theorem-calculator	https://tooldone.com/math/ugly-duckling-theorem-calculator/	https://tooldone.com/zh/shuxue/chou-xiao-ya-ding-li-jisuanqi/
math	union-and-intersection-calculator	https://tooldone.com/math/union-and-intersection-calculator/	https://tooldone.com/zh/shuxue/bingji-he-jiaoji-jisuanqi/
math	unit-circle-calculator	https://tooldone.com/math/unit-circle-calculator/	https://tooldone.com/zh/shuxue/danwei-yuan-jisuanqi/
math	unit-rate-calculator	https://tooldone.com/math/unit-rate-calculator/	https://tooldone.com/zh/shuxue/danwei-feilv-jisuanqi/
math	unit-vector-calculator	https://tooldone.com/math/unit-vector-calculator/	https://tooldone.com/zh/shuxue/danwei-xiangliang-jisuanqi/
math	vector-addition-calculator	https://tooldone.com/math/vector-addition-calculator/	https://tooldone.com/zh/shuxue/xiangliang-jiafa-jisuanqi/
math	vector-calculator	https://tooldone.com/math/vector-calculator/	https://tooldone.com/zh/shuxue/xiangliangjisuanqi/
math	vector-magnitude-calculator	https://tooldone.com/math/vector-magnitude-calculator/	https://tooldone.com/zh/shuxue/xiangliangmochang-jisuanqi/
math	vector-projection-calculator	https://tooldone.com/math/vector-projection-calculator/	https://tooldone.com/zh/shuxue/xiangliang-touying-jisuanqi/
math	vertex-form-calculator	https://tooldone.com/math/vertex-form-calculator/	https://tooldone.com/zh/shuxue/dingdian-xingshi-jisuanqi/
math	volume-calculator	https://tooldone.com/math/volume-calculator/	https://tooldone.com/zh/shuxue/tiji-jisuanqi/
math	volume-of-a-hemisphere-calculator	https://tooldone.com/math/volume-of-a-hemisphere-calculator/	https://tooldone.com/zh/shuxue/banqiu-tiji-jisuanqi/
math	volume-of-a-parallelepiped-calculator	https://tooldone.com/math/volume-of-a-parallelepiped-calculator/	https://tooldone.com/zh/shuxue/pingxingti-tiji-jisuanqi/
math	volume-of-a-trapezoidal-prism-calculator	https://tooldone.com/math/volume-of-a-trapezoidal-prism-calculator/	https://tooldone.com/zh/shuxue/tixing-lengzhu-tiji-jisuanqi/
math	weighted-average-calculator	https://tooldone.com/math/weighted-average-calculator/	https://tooldone.com/zh/shuxue/jiaquan-pingjun-jisuanqi/
math	xor-calculator	https://tooldone.com/math/xor-calculator/	https://tooldone.com/zh/shuxue/yihuo-jisuanqi/
math	y-intercept-calculator	https://tooldone.com/math/y-intercept-calculator/	https://tooldone.com/zh/shuxue/y-jiequ-jisuanqi/
other	16-10-aspect-ratio-calculator	https://tooldone.com/other/16-10-aspect-ratio-calculator/	https://tooldone.com/zh/qita/16-10-bili-jisuanqi/
other	16-9-aspect-ratio-calculator	https://tooldone.com/other/16-9-aspect-ratio-calculator/	https://tooldone.com/zh/qita/16-9-bili-jisuanqi/
other	3d-printing-cost-calculator	https://tooldone.com/other/3d-printing-cost-calculator/	https://tooldone.com/zh/qita/3d-dayin-chengben-jisuanqi/
other	3d-render-calculator	https://tooldone.com/other/3d-render-calculator/	https://tooldone.com/zh/qita/3d-render-jisuanqi/
other	4-3-aspect-ratio-calculator	https://tooldone.com/other/4-3-aspect-ratio-calculator/	https://tooldone.com/zh/qita/4-3-bili-jisuanqi/
other	act-score-calculator	https://tooldone.com/other/act-score-calculator/	https://tooldone.com/zh/qita/act-fenshu-jisuanqi/
other	age-on-other-planets-calculator	https://tooldone.com/other/age-on-other-planets-calculator/	https://tooldone.com/zh/qita/qita-xingqiu-nianling-jisuanqi/
other	amdahls-law-calculator	https://tooldone.com/other/amdahls-law-calculator/	https://tooldone.com/zh/qita/amdahl-dinglu-jisuanqi/
other	angle-of-impact-calculator	https://tooldone.com/other/angle-of-impact-calculator/	https://tooldone.com/zh/qita/chongji-jiaodu-jisuanqi/
other	antipode-calculator	https://tooldone.com/other/antipode-calculator/	https://tooldone.com/zh/qita/duizhidian-jisuanqi/
other	aquarium-calculator	https://tooldone.com/other/aquarium-calculator/	https://tooldone.com/zh/qita/shuizu-xiang-jisuanqi/
other	aquarium-glass-thickness-calculator	https://tooldone.com/other/aquarium-glass-thickness-calculator/	https://tooldone.com/zh/qita/shuizu-xiang-boli-houdu-jisuanqi/
other	aspect-ratio-calculator	https://tooldone.com/other/aspect-ratio-calculator/	https://tooldone.com/zh/qita/changkuanbi-jisuanqi/
other	audio-file-size-calculator	https://tooldone.com/other/audio-file-size-calculator/	https://tooldone.com/zh/qita/yinpin-wenjian-daxiao-jisuanqi/
other	azimuth-calculator	https://tooldone.com/other/azimuth-calculator/	https://tooldone.com/zh/qita/azimut-jisuanqi/
other	bandwidth-calculator	https://tooldone.com/other/bandwidth-calculator/	https://tooldone.com/zh/qita/daikuan-jisuanqi/
other	battery-capacity-calculator	https://tooldone.com/other/battery-capacity-calculator/	https://tooldone.com/zh/qita/dianchi-rongliang-jisuanqi/
other	battery-life-calculator	https://tooldone.com/other/battery-life-calculator/	https://tooldone.com/zh/qita/dianchi-shouming-jisuanqi/
other	battery-size-calculator	https://tooldone.com/other/battery-size-calculator/	https://tooldone.com/zh/qita/dianchi-guige-jisuanqi/
other	baud-rate-calculator	https://tooldone.com/other/baud-rate-calculator/	https://tooldone.com/zh/qita/baud-rate-jisuanqi/
other	blink-free-photo-calculator	https://tooldone.com/other/blink-free-photo-calculator/	https://tooldone.com/zh/qita/wuyan-zhaopian-jisuanqi/
other	bpm-calculator	https://tooldone.com/other/bpm-calculator/	https://tooldone.com/zh/qita/bpm-jisuanqi/
other	cable-impedance-calculator	https://tooldone.com/other/cable-impedance-calculator/	https://tooldone.com/zh/qita/dianlan-kangkang-jisuanqi/
other	timecode-to-frames-calculator	https://tooldone.com/other/timecode-to-frames-calculator/	https://tooldone.com/zh/qita/shijianma-zhuan-huakuang/
other	camera-field-of-view-calculator	https://tooldone.com/other/camera-field-of-view-calculator/	https://tooldone.com/zh/qita/shexiangtou-shijiao-jisuanqi/
other	carat-weight-calculator	https://tooldone.com/other/carat-weight-calculator/	https://tooldone.com/zh/qita/kalat-zhongliang-jisuanqi/
other	cbm-calculator-for-shipping	https://tooldone.com/other/cbm-calculator-for-shipping/	https://tooldone.com/zh/qita/cbm-jisuanqi-yunshu/
other	chmod-calculator	https://tooldone.com/other/chmod-calculator/	https://tooldone.com/zh/qita/chmod-jisuanqi/
other	chord-calculator	https://tooldone.com/other/chord-calculator/	https://tooldone.com/zh/qita/xian-chang-jisuanqi/
other	chord-finder	https://tooldone.com/other/chord-finder/	https://tooldone.com/zh/qita/xian-chang-jisuanqi-xian/
other	chord-inversion-calculator	https://tooldone.com/other/chord-inversion-calculator/	https://tooldone.com/zh/qita/he-xian-zhuan-wei-jisuanqi/
other	chord-progression-generator	https://tooldone.com/other/chord-progression-generator/	https://tooldone.com/zh/qita/hexian-jinxing-shengchengqi/
other	chord-transposer	https://tooldone.com/other/chord-transposer/	https://tooldone.com/zh/qita/hexian-zhuan-diao-qi/
other	christmas-countdown-calculator	https://tooldone.com/other/christmas-countdown-calculator/	https://tooldone.com/zh/qita/shengdan-daojishi-jisuanqi/
other	christmas-tree-calculator	https://tooldone.com/other/christmas-tree-calculator/	https://tooldone.com/zh/qita/shengdanshu-jisuanqi/
other	cidr-calculator	https://tooldone.com/other/cidr-calculator/	https://tooldone.com/zh/qita/cidr-jisuanqi/
other	classroom-spacing-calculator-coronavirus	https://tooldone.com/other/classroom-spacing-calculator-coronavirus/	https://tooldone.com/zh/qita/ketang-jianju-jisuanqi-xinguan/
other	college-gpa-calculator	https://tooldone.com/other/college-gpa-calculator/	https://tooldone.com/zh/qita/daxue-gpa-jisuanqi/
other	contrast-ratio-calculator	https://tooldone.com/other/contrast-ratio-calculator/	https://tooldone.com/zh/qita/duibi-bi-jisuanqi/
other	cost-of-hiring-an-expert-vs-hiring-a-fresher-calculator	https://tooldone.com/other/cost-of-hiring-an-expert-vs-hiring-a-fresher-calculator/	https://tooldone.com/zh/qita/zhaopin-zhuanjia-yu-xinren-chengben-jisuanqi/
other	crop-factor-calculator	https://tooldone.com/other/crop-factor-calculator/	https://tooldone.com/zh/qita/jian-yinzi-jisuanqi/
other	crosstalk-calculator	https://tooldone.com/other/crosstalk-calculator/	https://tooldone.com/zh/qita/xinhao-ganrao-jisuanqi/
other	css-aspect-ratio-calculator	https://tooldone.com/other/css-aspect-ratio-calculator/	https://tooldone.com/zh/qita/css-aspect-ratio-jisuanqi/
other	data-transfer-calculator	https://tooldone.com/other/data-transfer-calculator/	https://tooldone.com/zh/qita/shuju-chuanshu-jisuanqi/
other	dating-theory-calculator	https://tooldone.com/other/dating-theory-calculator/	https://tooldone.com/zh/qita/yuehui-lilun-jisuanqi/
other	day-of-the-week-calculator	https://tooldone.com/other/day-of-the-week-calculator/	https://tooldone.com/zh/qita/xingqi-ji-ri-qi/
other	days-until-fall-calculator	https://tooldone.com/other/days-until-fall-calculator/	https://tooldone.com/zh/qita/dao-qiutian-de-tianshu-jisuanqi/
other	days-until-valentines-day-calculator	https://tooldone.com/other/days-until-valentines-day-calculator/	https://tooldone.com/zh/qita/qingrenjie-daojishi-jisuanqi/
other	delay-and-reverb-calculator	https://tooldone.com/other/delay-and-reverb-calculator/	https://tooldone.com/zh/qita/yanchi-he-huisheng-jisuanqi/
other	depth-of-field-calculator	https://tooldone.com/other/depth-of-field-calculator/	https://tooldone.com/zh/qita/jingdu-jisuanqi/
other	diamond-carat-calculator	https://tooldone.com/other/diamond-carat-calculator/	https://tooldone.com/zh/qita/zuanshi-kalat-jisuanqi/
other	diamond-weight-calculator	https://tooldone.com/other/diamond-weight-calculator/	https://tooldone.com/zh/qita/zuanshi-zhongliang-jisuanqi/
other	dimensional-weight-calculator	https://tooldone.com/other/dimensional-weight-calculator/	https://tooldone.com/zh/qita/tiji-zhongliang-jisuanqi/
other	download-time-calculator	https://tooldone.com/other/download-time-calculator/	https://tooldone.com/zh/qita/xiazai-shijian-jisuanqi/
other	dpmo-calculator	https://tooldone.com/other/dpmo-calculator/	https://tooldone.com/zh/qita/dpmo-jisuanqi/
other	drone-flight-time-calculator	https://tooldone.com/other/drone-flight-time-calculator/	https://tooldone.com/zh/qita/wurenji-feixing-shijian-jisuanqi/
other	drone-motor-calculator	https://tooldone.com/other/drone-motor-calculator/	https://tooldone.com/zh/qita/wurenji-fadongji-jisuanqi/
other	duty-cycle-calculator	https://tooldone.com/other/duty-cycle-calculator/	https://tooldone.com/zh/qita/zhan-kong-bi-jisuanqi/
other	earthquake-calculator	https://tooldone.com/other/earthquake-calculator/	https://tooldone.com/zh/qita/dizhen-jisuanqi/
other	easter-calculator	https://tooldone.com/other/easter-calculator/	https://tooldone.com/zh/qita/fuhuo-jie-riqi-jisuanqi/
other	edpi-calculator	https://tooldone.com/other/edpi-calculator/	https://tooldone.com/zh/qita/edpi-jisuanqi/
other	encounter-calculator-5e	https://tooldone.com/other/encounter-calculator-5e/	https://tooldone.com/zh/qita/zhandou-jisuanqi-5e/
other	engagement-rate-calculator	https://tooldone.com/other/engagement-rate-calculator/	https://tooldone.com/zh/qita/hudonglv-jisuanqi/
other	even-parity-bit-calculator	https://tooldone.com/other/even-parity-bit-calculator/	https://tooldone.com/zh/qita/ou-jiao-yan-wei-ji-suan-qi/
other	exposure-calculator	https://tooldone.com/other/exposure-calculator/	https://tooldone.com/zh/qita/baoguang-jisuanqi/
other	film-calculator	https://tooldone.com/other/film-calculator/	https://tooldone.com/zh/qita/dianying-jisuanqi/
other	final-grade-calculator	https://tooldone.com/other/final-grade-calculator/	https://tooldone.com/zh/qita/qimo-chengji-jisuanqi/
other	flag-calculator-usa	https://tooldone.com/other/flag-calculator-usa/	https://tooldone.com/zh/qita/meiguo-qizhi-jisuanqi/
other	floating-point-calculator	https://tooldone.com/other/floating-point-calculator/	https://tooldone.com/zh/qita/fudianshu-jisuanqi/
other	focal-length-calculator	https://tooldone.com/other/focal-length-calculator/	https://tooldone.com/zh/qita/jiaoju-juli-jisuanqi/
other	frames-to-timecode-calculator	https://tooldone.com/other/frames-to-timecode-calculator/	https://tooldone.com/zh/qita/zhen-shu-dao-shi-ma-ji-suan-qi/
other	freight-class-calculator	https://tooldone.com/other/freight-class-calculator/	https://tooldone.com/zh/qita/huoyun-dengji-jisuanqi/
other	fret-calculator	https://tooldone.com/other/fret-calculator/	https://tooldone.com/zh/qita/pin-wei-jisuanqi/
other	gender-pay-gap-calculator	https://tooldone.com/other/gender-pay-gap-calculator/	https://tooldone.com/zh/qita/xingbie-xinchou-chaju-jisuanqi/
other	gpa-calculator	https://tooldone.com/other/gpa-calculator/	https://tooldone.com/zh/qita/gpa-jisuanqi/
other	gpa-calculator-pakistan	https://tooldone.com/other/gpa-calculator-pakistan/	https://tooldone.com/zh/qita/bajisitan-gpa-jisuanqi/
other	grade-calculator	https://tooldone.com/other/grade-calculator/	https://tooldone.com/zh/qita/chengji-jisuanqi/
other	gsd-calculator-ground-sample-distance	https://tooldone.com/other/gsd-calculator-ground-sample-distance/	https://tooldone.com/zh/qita/gsd-jisuanqi-dimian-yangben-juli/
other	guitar-string-tension-calculator	https://tooldone.com/other/guitar-string-tension-calculator/	https://tooldone.com/zh/qita/jita-xian-zhangli-jisuanqi/
other	gwa-calculator-general-weighted-average	https://tooldone.com/other/gwa-calculator-general-weighted-average/	https://tooldone.com/zh/qita/gwa-jisuanqi-yiban-quanzhong-pingjunshu/
other	hamming-code-calculator	https://tooldone.com/other/hamming-code-calculator/	https://tooldone.com/zh/qita/hamming-ma-jisuanqi/
other	hamming-distance-calculator	https://tooldone.com/other/hamming-distance-calculator/	https://tooldone.com/zh/qita/hamming-juli-jisuanqi/
other	harmonic-series-calculator	https://tooldone.com/other/harmonic-series-calculator/	https://tooldone.com/zh/qita/hexie-jishu-jisuanqi/
other	high-school-gpa-calculator	https://tooldone.com/other/high-school-gpa-calculator/	https://tooldone.com/zh/qita/gaozhong-gpa-jisuanqi/
other	hp-calculator-5e-dungeons-and-dragons	https://tooldone.com/other/hp-calculator-5e-dungeons-and-dragons/	https://tooldone.com/zh/qita/hp-jisuanqi-5e-dungeons-and-dragons/
other	hyperfocal-distance-calculator	https://tooldone.com/other/hyperfocal-distance-calculator/	https://tooldone.com/zh/qita/chaijiao-juli-jisuanqi/
other	ielts-score-calculator	https://tooldone.com/other/ielts-score-calculator/	https://tooldone.com/zh/qita/ielts-chengji-jisuanqi/
other	image-file-size-calculator	https://tooldone.com/other/image-file-size-calculator/	https://tooldone.com/zh/qita/tuxiang-wenjian-daxiao-jisuanqi/
other	image-ratio-calculator	https://tooldone.com/other/image-ratio-calculator/	https://tooldone.com/zh/qita/tuxiang-bili-jisuanqi/
other	impact-factor-calculator	https://tooldone.com/other/impact-factor-calculator/	https://tooldone.com/zh/qita/yingxiang-yinzi-jisuanqi/
other	impedance-matching-calculator	https://tooldone.com/other/impedance-matching-calculator/	https://tooldone.com/zh/qita/zukan-pipei-jisuanqi/
other	impostor-odds-calculator-among-us	https://tooldone.com/other/impostor-odds-calculator-among-us/	https://tooldone.com/zh/qita/neizhe-gailu-jisuanqi-among-us/
other	ip-subnet-calculator	https://tooldone.com/other/ip-subnet-calculator/	https://tooldone.com/zh/qita/ip-ziwang-jisuanqi/
other	kd-calculator-kill-death-ratio	https://tooldone.com/other/kd-calculator-kill-death-ratio/	https://tooldone.com/zh/qita/kd-bili-jisuanqi-sharen-bili/
other	key-signature-calculator	https://tooldone.com/other/key-signature-calculator/	https://tooldone.com/zh/qita/diao-hao-ji-suan-qi/
other	latitude-longitude-distance-calculator	https://tooldone.com/other/latitude-longitude-distance-calculator/	https://tooldone.com/zh/qita/weidu-jingdu-juli-jisuanqi/
other	lm317-calculator	https://tooldone.com/other/lm317-calculator/	https://tooldone.com/zh/qita/lm317-jisuanqi/
other	logic-gate-calculator	https://tooldone.com/other/logic-gate-calculator/	https://tooldone.com/zh/qita/luoji-men-jisuanqi/
other	magnification-of-a-lens-calculator	https://tooldone.com/other/magnification-of-a-lens-calculator/	https://tooldone.com/zh/qita/jing-tou-fang-da-ji-suan-qi/
other	matched-betting-calculator	https://tooldone.com/other/matched-betting-calculator/	https://tooldone.com/zh/qita/matched-betting-jisuanqi/
other	mayan-calendar-converter	https://tooldone.com/other/mayan-calendar-converter/	https://tooldone.com/zh/qita/mayaren-li-fa-zhuanhuanqi/
other	minecraft-circle-generator	https://tooldone.com/other/minecraft-circle-generator/	https://tooldone.com/zh/qita/minecraft-yuanxing-shengchengqi/
other	minecraft-end-portal-finder	https://tooldone.com/other/minecraft-end-portal-finder/	https://tooldone.com/zh/qita/minecraft-mo-zhong-chuan-song-men-zhao-zhe/
other	minecraft-stack-calculator	https://tooldone.com/other/minecraft-stack-calculator/	https://tooldone.com/zh/qita/minecraft-dui-zhan-ji-suan-qi/
other	mm-to-carat-conversion	https://tooldone.com/other/mm-to-carat-conversion/	https://tooldone.com/zh/qita/haomi-zhuan-kala/
other	music-duration-calculator	https://tooldone.com/other/music-duration-calculator/	https://tooldone.com/zh/qita/yinyue-shichang-jisuanqi/
other	music-interval-calculator	https://tooldone.com/other/music-interval-calculator/	https://tooldone.com/zh/qita/yinyue-jianju-jisuanqi/
other	music-scale-calculator	https://tooldone.com/other/music-scale-calculator/	https://tooldone.com/zh/qita/yinyue-yinjie-jisuanqi/
other	music-transposition-calculator	https://tooldone.com/other/music-transposition-calculator/	https://tooldone.com/zh/qita/yinyue-zhuan-diao-jisuanqi/
other	nanowrimo-calculator	https://tooldone.com/other/nanowrimo-calculator/	https://tooldone.com/zh/qita/nanowrimo-jindu-jisuanqi/
other	nether-portal-calculator	https://tooldone.com/other/nether-portal-calculator/	https://tooldone.com/zh/qita/nether-chuan-men-ji-suan-qi/
other	new-year-countdown-calculator	https://tooldone.com/other/new-year-countdown-calculator/	https://tooldone.com/zh/qita/xinnian-daoshu-jisuanqi/
other	new-years-resolutions-calculator	https://tooldone.com/other/new-years-resolutions-calculator/	https://tooldone.com/zh/qita/xinnian-juexin-jisuanqi/
other	note-frequency-calculator	https://tooldone.com/other/note-frequency-calculator/	https://tooldone.com/zh/qita/yinpin-pinlu-jisuanqi/
other	odd-parity-bit-calculator	https://tooldone.com/other/odd-parity-bit-calculator/	https://tooldone.com/zh/qita/ji-shu-qiou-wei-jisuanqi/
other	op-amp-gain-calculator	https://tooldone.com/other/op-amp-gain-calculator/	https://tooldone.com/zh/qita/op-amp-zengyi-jisuanqi/
other	oxygen-tank-duration-calculator	https://tooldone.com/other/oxygen-tank-duration-calculator/	https://tooldone.com/zh/qita/yangqi-guan-chixu-jisuanqi/
other	pallet-calculator	https://tooldone.com/other/pallet-calculator/	https://tooldone.com/zh/qita/tuopan-jisuanqi/
other	parity-bit-calculator	https://tooldone.com/other/parity-bit-calculator/	https://tooldone.com/zh/qita/qiou-wei-jisuanqi/
other	parity-calculator	https://tooldone.com/other/parity-calculator/	https://tooldone.com/zh/qita/qiouou-jiaoyan-jisuanqi/
other	password-entropy-calculator	https://tooldone.com/other/password-entropy-calculator/	https://tooldone.com/zh/qita/mima-entropy-jisuanqi/
other	pay-gap-calculator	https://tooldone.com/other/pay-gap-calculator/	https://tooldone.com/zh/qita/xinchou-chaju-jisuanqi/
other	pcb-impedance-calculator	https://tooldone.com/other/pcb-impedance-calculator/	https://tooldone.com/zh/qita/pcb-impedance-jisuanqi/
other	pcb-trace-current-calculator	https://tooldone.com/other/pcb-trace-current-calculator/	https://tooldone.com/zh/qita/pcb-xianlu-dianliu-jisuanqi/
other	pcb-trace-resistance-calculator	https://tooldone.com/other/pcb-trace-resistance-calculator/	https://tooldone.com/zh/qita/pcb-xianlu-dianzu-jisuanqi/
other	pcb-trace-width-calculator	https://tooldone.com/other/pcb-trace-width-calculator/	https://tooldone.com/zh/qita/pcb-xiankuan-jisuanqi/
other	pert-calculator	https://tooldone.com/other/pert-calculator/	https://tooldone.com/zh/qita/pert-jisuanqi/
other	pi-attenuator-calculator	https://tooldone.com/other/pi-attenuator-calculator/	https://tooldone.com/zh/qita/pi-shuaijianqi-jisuanqi/
other	pixel-aspect-ratio-calculator	https://tooldone.com/other/pixel-aspect-ratio-calculator/	https://tooldone.com/zh/qita/xiang-su-chang-bi-ji-suan-qi/
other	pixels-to-print-size-calculator	https://tooldone.com/other/pixels-to-print-size-calculator/	https://tooldone.com/zh/qita/xiangsu-yinshua-chicun-jisuanqi/
other	pizza-tip-calculator	https://tooldone.com/other/pizza-tip-calculator/	https://tooldone.com/zh/qita/pisa-xiaofei-jisuanqi/
other	point-buy-calculator-5e	https://tooldone.com/other/point-buy-calculator-5e/	https://tooldone.com/zh/qita/dian-shu-goumai-jisuanqi-5e/
other	pokemon-go-candy-calculator	https://tooldone.com/other/pokemon-go-candy-calculator/	https://tooldone.com/zh/qita/jingling-baokemeng-tang-guo-jisuanqi/
other	poker-ev-calculator	https://tooldone.com/other/poker-ev-calculator/	https://tooldone.com/zh/qita/puke-beklenen-jiazhi-jisuanqi/
other	poker-odds-calculator	https://tooldone.com/other/poker-odds-calculator/	https://tooldone.com/zh/qita/puke-gailu-jisuanqi/
other	port-length-calculator	https://tooldone.com/other/port-length-calculator/	https://tooldone.com/zh/qita/duankou-changdu-jisuanqi/
other	portrait-aspect-ratio-calculator	https://tooldone.com/other/portrait-aspect-ratio-calculator/	https://tooldone.com/zh/qita/renxiang-bili-jisuanqi/
other	ppi-calculator-pixels-per-inch	https://tooldone.com/other/ppi-calculator-pixels-per-inch/	https://tooldone.com/zh/qita/ppi-jisuanqi-meiyingcun-pixiangsu/
other	projector-calculator	https://tooldone.com/other/projector-calculator/	https://tooldone.com/zh/qita/touyingji-jisuanqi/
other	propagation-delay-calculator	https://tooldone.com/other/propagation-delay-calculator/	https://tooldone.com/zh/qita/chuanbo-yanchi-jisuanqi/
other	pte-score-calculator	https://tooldone.com/other/pte-score-calculator/	https://tooldone.com/zh/qita/pte-chengji-jisuanqi/
other	pyramid-block-calculator	https://tooldone.com/other/pyramid-block-calculator/	https://tooldone.com/zh/qita/jinzita-kuai-jisuanqi/
other	raid-calculator	https://tooldone.com/other/raid-calculator/	https://tooldone.com/zh/qita/raid-jisuanqi/
other	rain-to-snow-calculator	https://tooldone.com/other/rain-to-snow-calculator/	https://tooldone.com/zh/qita/yu-xue-jisuanqi/
other	rainfall-calculator	https://tooldone.com/other/rainfall-calculator/	https://tooldone.com/zh/qita/jiangshui-jisuanqi/
other	ram-latency-calculator	https://tooldone.com/other/ram-latency-calculator/	https://tooldone.com/zh/qita/ram-yanchi-jisuanqi/
other	recruitment-process-duration-calculator	https://tooldone.com/other/recruitment-process-duration-calculator/	https://tooldone.com/zh/qita/zhaopin-guoji-shijian-jisuanqi/
other	reorder-point-calculator	https://tooldone.com/other/reorder-point-calculator/	https://tooldone.com/zh/qita/chongdingdian-jisuanqi/
other	resolution-scale-calculator	https://tooldone.com/other/resolution-scale-calculator/	https://tooldone.com/zh/qita/fenbianlv-sudu-jisuanqi/
other	rf-unit-converter	https://tooldone.com/other/rf-unit-converter/	https://tooldone.com/zh/qita/rf-danwei-zhuanhuanqi/
other	rounds-per-minute-calculator	https://tooldone.com/other/rounds-per-minute-calculator/	https://tooldone.com/zh/qita/mei-fenzhong-zhuan-shu-jisuanqi/
other	rust-decay-calculator	https://tooldone.com/other/rust-decay-calculator/	https://tooldone.com/zh/qita/xiushi-shuaijian-jisuanqi/
other	salt-dough-calculator	https://tooldone.com/other/salt-dough-calculator/	https://tooldone.com/zh/qita/yan-miantuan-jisuanqi/
other	sandbox-calculator	https://tooldone.com/other/sandbox-calculator/	https://tooldone.com/zh/qita/shuxue-jisuanqi/
other	screen-ratio-calculator	https://tooldone.com/other/screen-ratio-calculator/	https://tooldone.com/zh/qita/pingmu-bili-jisuanqi/
other	screen-size-calculator	https://tooldone.com/other/screen-size-calculator/	https://tooldone.com/zh/qita/pingmu-chicun-jisuanqi/
other	semester-grade-calculator	https://tooldone.com/other/semester-grade-calculator/	https://tooldone.com/zh/qita/xueqi-chengji-jisuanqi/
other	semitone-calculator	https://tooldone.com/other/semitone-calculator/	https://tooldone.com/zh/qita/ban-yin-jisuanqi/
other	shutter-speed-calculator	https://tooldone.com/other/shutter-speed-calculator/	https://tooldone.com/zh/qita/kuaimen-sudu-jisuanqi/
other	snowman-calculator	https://tooldone.com/other/snowman-calculator/	https://tooldone.com/zh/qita/xueren-jisuanqi/
other	speaker-box-calculator	https://tooldone.com/other/speaker-box-calculator/	https://tooldone.com/zh/qita/yinxiang-hezi-jisuanqi/
other	streaming-bitrate-calculator	https://tooldone.com/other/streaming-bitrate-calculator/	https://tooldone.com/zh/qita/streaming-bitrate-jisuanqi/
other	streaming-services-royalties-calculator	https://tooldone.com/other/streaming-services-royalties-calculator/	https://tooldone.com/zh/qita/liuboting-fuwu-banshui-jisuanqi/
other	sunbathing-calculator	https://tooldone.com/other/sunbathing-calculator/	https://tooldone.com/zh/qita/shai-tai-jisuanqi/
other	takt-time-calculator	https://tooldone.com/other/takt-time-calculator/	https://tooldone.com/zh/qita/takte-shi-jian-jisuanqi/
other	test-grade-calculator	https://tooldone.com/other/test-grade-calculator/	https://tooldone.com/zh/qita/ceshi-chengji-jisuanqi/
other	the-witcher-monster-slayer-calculator	https://tooldone.com/other/the-witcher-monster-slayer-calculator/	https://tooldone.com/zh/qita/lieshi-guaiwu-shashou-jisuanqi/
other	time-lapse-calculator	https://tooldone.com/other/time-lapse-calculator/	https://tooldone.com/zh/qita/shijian-jianxi-jisuanqi/
other	timecode-to-frames-calculator	https://tooldone.com/other/timecode-to-frames-calculator/	https://tooldone.com/zh/qita/shijianma-zhuan-huakuang/
other	tip-calculator	https://tooldone.com/other/tip-calculator/	https://tooldone.com/zh/qita/xiaofei-jisuanqi/
other	tip-from-net-price-calculator	https://tooldone.com/other/tip-from-net-price-calculator/	https://tooldone.com/zh/qita/jingjia-xiaofei-jisuanqi/
other	total-harmonic-distortion-calculator	https://tooldone.com/other/total-harmonic-distortion-calculator/	https://tooldone.com/zh/qita/zong-he-xie-bo-shi-zhen-ji-suan-qi/
other	travel-expenses	https://tooldone.com/other/travel-expenses/	https://tooldone.com/zh/qita/lvxing-feiyong/
other	trick-or-treat-calculator	https://tooldone.com/other/trick-or-treat-calculator/	https://tooldone.com/zh/qita/wanlingjie-tangguo-jisuanqi/
other	tv-mounting-height-calculator	https://tooldone.com/other/tv-mounting-height-calculator/	https://tooldone.com/zh/qita/dianshi-mounting-gaodu-jisuanqi/
other	tv-size-calculator	https://tooldone.com/other/tv-size-calculator/	https://tooldone.com/zh/qita/dianshi-chicun-jisuanqi/
other	upload-time-calculator	https://tooldone.com/other/upload-time-calculator/	https://tooldone.com/zh/qita/shangchuan-shijian-jisuanqi/
other	uptime-calculator	https://tooldone.com/other/uptime-calculator/	https://tooldone.com/zh/qita/uptime-jisuanqi/
other	vampire-apocalypse-calculator	https://tooldone.com/other/vampire-apocalypse-calculator/	https://tooldone.com/zh/qita/xixuegui-morijie-jisuanqi/
other	vertical-exaggeration-calculator	https://tooldone.com/other/vertical-exaggeration-calculator/	https://tooldone.com/zh/qita/zhongzhi-kuazhang-jisuanqi/
other	video-file-size-calculator-by-format	https://tooldone.com/other/video-file-size-calculator-by-format/	https://tooldone.com/zh/qita/shipin-wenjian-daxiao-jisuanqi-an-geshi/
other	video-frame-size-calculator	https://tooldone.com/other/video-frame-size-calculator/	https://tooldone.com/zh/qita/shipin-zhen-daxiao-jisuanqi/
other	vocal-range-calculator	https://tooldone.com/other/vocal-range-calculator/	https://tooldone.com/zh/qita/shengyin-yin-yu-jisuanqi/
other	white-christmas-calculator	https://tooldone.com/other/white-christmas-calculator/	https://tooldone.com/zh/qita/bai-se-shengdan-jisuanqi/
other	wind-chill-calculator	https://tooldone.com/other/wind-chill-calculator/	https://tooldone.com/zh/qita/feng-leng-zhi-shu-ji-suan-qi/
other	zombie-invasion-calculator	https://tooldone.com/other/zombie-invasion-calculator/	https://tooldone.com/zh/qita/jiangshi-ruqin-jisuanqi/
physic	555-timer-calculator	https://tooldone.com/physic/555-timer-calculator/	https://tooldone.com/zh/wulixue/555-timer-ji-suan-qi/
physic	absolute-humidity-calculator	https://tooldone.com/physic/absolute-humidity-calculator/	https://tooldone.com/zh/wulixue/jue-dui-shi-du-ji-suan-qi/
physic	ac-wattage-calculator	https://tooldone.com/physic/ac-wattage-calculator/	https://tooldone.com/zh/wulixue/jiao-liu-gong-lu-ji-suan-qi/
physic	acceleration-calculator	https://tooldone.com/physic/acceleration-calculator/	https://tooldone.com/zh/wulixue/jiasudu-jisuanqi/
physic	acceleration-in-the-electric-field-calculator	https://tooldone.com/physic/acceleration-in-the-electric-field-calculator/	https://tooldone.com/zh/wulixue/dian-chang-jia-su-du-ji-suan-qi/
physic	acoustic-impedance-calculator	https://tooldone.com/physic/acoustic-impedance-calculator/	https://tooldone.com/zh/wulixue/sheng-zu-kang-ji-suan-qi/
physic	air-density-calculator	https://tooldone.com/physic/air-density-calculator/	https://tooldone.com/zh/wulixue/kong-qi-mi-du-ji-suan-qi/
physic	air-pressure-at-altitude-calculator	https://tooldone.com/physic/air-pressure-at-altitude-calculator/	https://tooldone.com/zh/wulixue/da-qi-ya-li-gao-du-ji-suan-qi/
physic	alfven-velocity-calculator	https://tooldone.com/physic/alfven-velocity-calculator/	https://tooldone.com/zh/wulixue/aerfuwen-sudu-jisuanqi/
physic	alien-civilization-calculator	https://tooldone.com/physic/alien-civilization-calculator/	https://tooldone.com/zh/wulixue/wai-xing-wen-ming-ji-suan-qi/
physic	angle-of-banking-calculator	https://tooldone.com/physic/angle-of-banking-calculator/	https://tooldone.com/zh/wulixue/qingxie-jiao-jisuanqi/
physic	angle-of-repose-calculator	https://tooldone.com/physic/angle-of-repose-calculator/	https://tooldone.com/zh/wulixue/xiu-xian-jiao-ji-suan-qi/
physic	angle-of-twist-calculator	https://tooldone.com/physic/angle-of-twist-calculator/	https://tooldone.com/zh/wulixue/niu-zhuan-jiao-ji-suan-qi/
physic	angular-acceleration-calculator	https://tooldone.com/physic/angular-acceleration-calculator/	https://tooldone.com/zh/wulixue/jiao-jia-su-du-ji-suan-qi/
physic	angular-displacement-calculator	https://tooldone.com/physic/angular-displacement-calculator/	https://tooldone.com/zh/wulixue/jiao-wei-yi-ji-suan-qi/
physic	angular-frequency-calculator	https://tooldone.com/physic/angular-frequency-calculator/	https://tooldone.com/zh/wulixue/jiaopin-jisuanqi/
physic	angular-momentum-calculator	https://tooldone.com/physic/angular-momentum-calculator/	https://tooldone.com/zh/wulixue/jiaodongliang-jisuanqi/
physic	angular-resolution-calculator	https://tooldone.com/physic/angular-resolution-calculator/	https://tooldone.com/zh/wulixue/jiaodu-fenbianlu-jisuanqi/
physic	angular-velocity-calculator	https://tooldone.com/physic/angular-velocity-calculator/	https://tooldone.com/zh/wulixue/jiaosudu-jisuanqi/
physic	aperture-area-calculator	https://tooldone.com/physic/aperture-area-calculator/	https://tooldone.com/zh/wulixue/aperture-mianji-jisuanqi/
physic	api-gravity-calculator	https://tooldone.com/physic/api-gravity-calculator/	https://tooldone.com/zh/wulixue/api-zhongli-jisuanqi/
physic	archimedes-principle-calculator	https://tooldone.com/physic/archimedes-principle-calculator/	https://tooldone.com/zh/wulixue/a-ji-mi-de-yuan-li-ji-suan-qi/
physic	arrow-speed-calculator	https://tooldone.com/physic/arrow-speed-calculator/	https://tooldone.com/zh/wulixue/jian-su-du-ji-suan-qi/
physic	attenuation-calculator	https://tooldone.com/physic/attenuation-calculator/	https://tooldone.com/zh/wulixue/shuai-jian-ji-suan-qi/
physic	ballistic-coefficient-calculator	https://tooldone.com/physic/ballistic-coefficient-calculator/	https://tooldone.com/zh/wulixue/dandaoxishu-jisuanqi/
physic	barn-pole-paradox	https://tooldone.com/physic/barn-pole-paradox/	https://tooldone.com/zh/wulixue/gu-cang-gan-paradox/
physic	beat-frequency-calculator	https://tooldone.com/physic/beat-frequency-calculator/	https://tooldone.com/zh/wulixue/pai-pin-ji-suan-qi/
physic	belt-length-calculator	https://tooldone.com/physic/belt-length-calculator/	https://tooldone.com/zh/wulixue/daidai-changdu-jisuanqi/
physic	bend-allowance-calculator	https://tooldone.com/physic/bend-allowance-calculator/	https://tooldone.com/zh/wulixue/wan-qu-rong-cha-ji-suan-qi/
physic	bernoulli-equation-calculator	https://tooldone.com/physic/bernoulli-equation-calculator/	https://tooldone.com/zh/wulixue/bo-nu-li-fang-cheng-ji-suan-qi/
physic	binoculars-range-calculator	https://tooldone.com/physic/binoculars-range-calculator/	https://tooldone.com/zh/wulixue/wang-yuan-jing-ce-ju-ji-suan-qi/
physic	biot-number-calculator	https://tooldone.com/physic/biot-number-calculator/	https://tooldone.com/zh/wulixue/bi-te-shu-ji-suan-qi/
physic	black-hole-collision-calculator	https://tooldone.com/physic/black-hole-collision-calculator/	https://tooldone.com/zh/wulixue/hei-dong-peng-zhuang-ji-suan-qi/
physic	black-hole-temperature-calculator	https://tooldone.com/physic/black-hole-temperature-calculator/	https://tooldone.com/zh/wulixue/hei-dong-wen-du-ji-suan-qi/
physic	blackbody-radiation-calculator	https://tooldone.com/physic/blackbody-radiation-calculator/	https://tooldone.com/zh/wulixue/heiti-fushe-jiqi/
physic	blast-radius-calculator	https://tooldone.com/physic/blast-radius-calculator/	https://tooldone.com/zh/wulixue/bao-zha-ban-jing-ji-suan-qi/
physic	bmep-calculator-brake-mean-effective-pressure-calculator	https://tooldone.com/physic/bmep-calculator-brake-mean-effective-pressure-calculator/	https://tooldone.com/zh/wulixue/zhi-dong-ping-jun-you-xiao-ya-li-ji-suan-qi/
physic	bohr-model-calculator	https://tooldone.com/physic/bohr-model-calculator/	https://tooldone.com/zh/wulixue/bo-er-mo-xing-ji-suan-qi/
physic	boltzmann-factor-calculator	https://tooldone.com/physic/boltzmann-factor-calculator/	https://tooldone.com/zh/wulixue/boltzmann-yin-zi-ji-suan-qi/
physic	boost-converter-calculator	https://tooldone.com/physic/boost-converter-calculator/	https://tooldone.com/zh/wulixue/sheng-ya-zhuan-huan-qi-ji-suan-qi/
physic	boyles-law-calculator	https://tooldone.com/physic/boyles-law-calculator/	https://tooldone.com/zh/wulixue/bo-yi-er-ding-lu-ji-suan-qi/
physic	braggs-law-calculator	https://tooldone.com/physic/braggs-law-calculator/	https://tooldone.com/zh/wulixue/bulage-dinglu-yanshe-jisuanqi/
physic	breaker-size-calculator	https://tooldone.com/physic/breaker-size-calculator/	https://tooldone.com/zh/wulixue/duan-lu-qi-gui-ge-ji-suan-qi/
physic	brewsters-angle-calculator	https://tooldone.com/physic/brewsters-angle-calculator/	https://tooldone.com/zh/wulixue/buliushi-jiaodu-jisuanqi/
physic	bridge-rectifier-calculator	https://tooldone.com/physic/bridge-rectifier-calculator/	https://tooldone.com/zh/wulixue/qiao-shi-zheng-liu-ji-suan-qi/
physic	brinell-hardness-number-calculator	https://tooldone.com/physic/brinell-hardness-number-calculator/	https://tooldone.com/zh/wulixue/bu-shi-nai-er-ying-du-shu-ji-suan-qi/
physic	broad-crested-weir-calculator	https://tooldone.com/physic/broad-crested-weir-calculator/	https://tooldone.com/zh/wulixue/kuan-ding-wei-liu-ji-suan-qi/
physic	btu-to-tons-converter	https://tooldone.com/physic/btu-to-tons-converter/	https://tooldone.com/zh/wulixue/btu-dun-zhuan-huan-qi/
physic	buck-converter-calculator	https://tooldone.com/physic/buck-converter-calculator/	https://tooldone.com/zh/wulixue/buck-converter-jisuanqi/
physic	buckling-calculator	https://tooldone.com/physic/buckling-calculator/	https://tooldone.com/zh/wulixue/qu-qu-ji-suan-qi/
physic	bug-rivet-paradox	https://tooldone.com/physic/bug-rivet-paradox/	https://tooldone.com/zh/wulixue/chong-ding-bei-lun/
physic	bulk-modulus-calculator	https://tooldone.com/physic/bulk-modulus-calculator/	https://tooldone.com/zh/wulixue/ti-ji-mo-liang-ji-suan-qi/
physic	bullet-energy-calculator	https://tooldone.com/physic/bullet-energy-calculator/	https://tooldone.com/zh/wulixue/zidan-nengliang-jisuanqi/
physic	buoyancy-calculator	https://tooldone.com/physic/buoyancy-calculator/	https://tooldone.com/zh/wulixue/fu-li-ji-suan-qi/
physic	buoyancy-experiment-calculator	https://tooldone.com/physic/buoyancy-experiment-calculator/	https://tooldone.com/zh/wulixue/fu-li-shi-yan-ji-suan-qi/
physic	calorimetry-calculator	https://tooldone.com/physic/calorimetry-calculator/	https://tooldone.com/zh/wulixue/re-liang-ce-ding-ji-suan-qi/
physic	capacitance-calculator	https://tooldone.com/physic/capacitance-calculator/	https://tooldone.com/zh/wulixue/dian-rong-ji-suan-qi/
physic	capacitive-reactance-calculator	https://tooldone.com/physic/capacitive-reactance-calculator/	https://tooldone.com/zh/wulixue/rong-kang-ji-suan-qi/
physic	capacitive-transformerless-power-supply-calculator	https://tooldone.com/physic/capacitive-transformerless-power-supply-calculator/	https://tooldone.com/zh/wulixue/dian-rong-xing-wu-bian-ya-qi-gong-dian-ji-suan-qi/
physic	capacitor-calculator	https://tooldone.com/physic/capacitor-calculator/	https://tooldone.com/zh/wulixue/dian-rong-ji-suan-qi-dian/
physic	capacitor-charge-time-calculator	https://tooldone.com/physic/capacitor-charge-time-calculator/	https://tooldone.com/zh/wulixue/dian-rong-qi-chong-dian-shi-jian-ji-suan-qi/
physic	capacitor-energy-calculator	https://tooldone.com/physic/capacitor-energy-calculator/	https://tooldone.com/zh/wulixue/dian-rong-qi-neng-liang-ji-suan-qi/
physic	capacitor-size-calculator	https://tooldone.com/physic/capacitor-size-calculator/	https://tooldone.com/zh/wulixue/dianrongqi-chicun-jisuanqi/
physic	capacitors-in-series-calculator	https://tooldone.com/physic/capacitors-in-series-calculator/	https://tooldone.com/zh/wulixue/dian-rong-qi-chuan-lian-ji-suan-qi/
physic	car-center-of-mass-calculator	https://tooldone.com/physic/car-center-of-mass-calculator/	https://tooldone.com/zh/wulixue/qiche-zhiliang-zhongxin-jisuanqi/
physic	car-crash-calculator	https://tooldone.com/physic/car-crash-calculator/	https://tooldone.com/zh/wulixue/cheliang-zhuangji-jisuanqi/
physic	car-jump-distance-calculator	https://tooldone.com/physic/car-jump-distance-calculator/	https://tooldone.com/zh/wulixue/che-tiao-yue-ju-li-ji-suan-qi/
physic	carburetor-cfm-calculator	https://tooldone.com/physic/carburetor-cfm-calculator/	https://tooldone.com/zh/wulixue/hua-you-qi-cfm-ji-suan-qi/
physic	carnot-efficiency-calculator	https://tooldone.com/physic/carnot-efficiency-calculator/	https://tooldone.com/zh/wulixue/ka-nuo-xiao-lu-ji-suan-qi/
physic	centrifugal-force-calculator	https://tooldone.com/physic/centrifugal-force-calculator/	https://tooldone.com/zh/wulixue/lixinli-jisuanqi/
physic	centrifuge-calculator	https://tooldone.com/physic/centrifuge-calculator/	https://tooldone.com/zh/wulixue/li-xin-ji-ji-suan-qi/
physic	centripetal-force-calculator	https://tooldone.com/physic/centripetal-force-calculator/	https://tooldone.com/zh/wulixue/xiangxinli-jisuanqi/
physic	charles-law-calculator	https://tooldone.com/physic/charles-law-calculator/	https://tooldone.com/zh/wulixue/charles-ding-lu-ji-suan-qi/
physic	circular-motion-calculator	https://tooldone.com/physic/circular-motion-calculator/	https://tooldone.com/zh/wulixue/yuanzhou-yundong-jisuanqi/
physic	cloud-base-calculator	https://tooldone.com/physic/cloud-base-calculator/	https://tooldone.com/zh/wulixue/yun-ceng-ji-suan-qi/
physic	coefficient-of-discharge-calculator	https://tooldone.com/physic/coefficient-of-discharge-calculator/	https://tooldone.com/zh/wulixue/xie-liu-xi-shu-ji-suan-qi/
physic	coefficient-of-performance-calculator	https://tooldone.com/physic/coefficient-of-performance-calculator/	https://tooldone.com/zh/wulixue/xingneng-xishu-jisuanqi/
physic	combined-gas-law-calculator	https://tooldone.com/physic/combined-gas-law-calculator/	https://tooldone.com/zh/wulixue/lian-he-qi-ti-ding-lu-ji-suan-qi/
physic	compressibility-factor-calculator	https://tooldone.com/physic/compressibility-factor-calculator/	https://tooldone.com/zh/wulixue/ya-suo-yin-zi-ji-suan-qi/
physic	compton-scattering-calculator	https://tooldone.com/physic/compton-scattering-calculator/	https://tooldone.com/zh/wulixue/kang-pu-dun-san-she-ji-suan-qi/
physic	compton-wavelength-calculator	https://tooldone.com/physic/compton-wavelength-calculator/	https://tooldone.com/zh/wulixue/kang-pu-dun-bo-chang-ji-suan-qi/
physic	conductivity-to-resistivity-calculator	https://tooldone.com/physic/conductivity-to-resistivity-calculator/	https://tooldone.com/zh/wulixue/dian-dao-lu-dian-zu-lu-ji-suan-qi/
physic	conservation-of-momentum-calculator	https://tooldone.com/physic/conservation-of-momentum-calculator/	https://tooldone.com/zh/wulixue/dongliang-shouheng-jisuanqi/
physic	contact-lens-vertex-calculator	https://tooldone.com/physic/contact-lens-vertex-calculator/	https://tooldone.com/zh/wulixue/contact-lens-vertex-jisuanqi/
physic	copper-wire-weight-calculator	https://tooldone.com/physic/copper-wire-weight-calculator/	https://tooldone.com/zh/wulixue/tong-xian-zhong-liang-ji-suan-qi/
physic	coriolis-effect-calculator	https://tooldone.com/physic/coriolis-effect-calculator/	https://tooldone.com/zh/wulixue/ke-li-ao-li-xiao-ying-ji-suan-qi/
physic	coulombs-law-calculator	https://tooldone.com/physic/coulombs-law-calculator/	https://tooldone.com/zh/wulixue/ku-lun-ding-lu-ji-suan-qi/
physic	crawl-ratio-calculator	https://tooldone.com/physic/crawl-ratio-calculator/	https://tooldone.com/zh/wulixue/pa-xing-bi-ji-suan-qi/
physic	critical-damping-calculator	https://tooldone.com/physic/critical-damping-calculator/	https://tooldone.com/zh/wulixue/linjie-zunyi-jisuanqi/
physic	crossover-calculator	https://tooldone.com/physic/crossover-calculator/	https://tooldone.com/zh/wulixue/fen-pin-qi-ji-suan-qi/
physic	curie-constant-calculator	https://tooldone.com/physic/curie-constant-calculator/	https://tooldone.com/zh/wulixue/ju-li-chang-shu-ji-suan-qi/
physic	curies-law-calculator	https://tooldone.com/physic/curies-law-calculator/	https://tooldone.com/zh/wulixue/ju-li-ding-lu-ji-suan-qi/
physic	current-divider-calculator	https://tooldone.com/physic/current-divider-calculator/	https://tooldone.com/zh/wulixue/dian-liu-fen-liu-ji-suan-qi/
physic	cutoff-frequency-calculator	https://tooldone.com/physic/cutoff-frequency-calculator/	https://tooldone.com/zh/wulixue/qie-ge-pin-lu-ji-suan-qi/
physic	cv-flow-calculator	https://tooldone.com/physic/cv-flow-calculator/	https://tooldone.com/zh/wulixue/cv-liu-liang-ji-suan-qi/
physic	cyclotron-frequency-calculator	https://tooldone.com/physic/cyclotron-frequency-calculator/	https://tooldone.com/zh/wulixue/hui-xuan-ji-pin-lu-ji-suan-qi/
physic	damping-ratio-calculator	https://tooldone.com/physic/damping-ratio-calculator/	https://tooldone.com/zh/wulixue/zunibi-jisuanqi/
physic	darcy-weisbach-calculator	https://tooldone.com/physic/darcy-weisbach-calculator/	https://tooldone.com/zh/wulixue/darcy-weisbach-mo-ca-sun-shi-ji-suan-qi/
physic	darcys-law-calculator	https://tooldone.com/physic/darcys-law-calculator/	https://tooldone.com/zh/wulixue/darcy-ding-lu-ji-suan-qi/
physic	db-calculator	https://tooldone.com/physic/db-calculator/	https://tooldone.com/zh/wulixue/fenbei-jisuanqi/
physic	db-gain-calculator	https://tooldone.com/physic/db-gain-calculator/	https://tooldone.com/zh/wulixue/fenbei-zengyi-jisuanqi/
physic	de-broglie-wavelength-calculator	https://tooldone.com/physic/de-broglie-wavelength-calculator/	https://tooldone.com/zh/wulixue/de-broglie-bo-chang-ji-suan-qi/
physic	delta-to-wye-conversion	https://tooldone.com/physic/delta-to-wye-conversion/	https://tooldone.com/zh/wulixue/san-jiao-xing-y-xing-zhuan-huan-ji-suan-qi/
physic	delta-v-calculator	https://tooldone.com/physic/delta-v-calculator/	https://tooldone.com/zh/wulixue/delta-v-ji-suan-qi/
physic	density-altitude-calculator	https://tooldone.com/physic/density-altitude-calculator/	https://tooldone.com/zh/wulixue/mi-du-gao-du-ji-suan-qi/
physic	density-calculator	https://tooldone.com/physic/density-calculator/	https://tooldone.com/zh/wulixue/mi-du-ji-suan-qi/
physic	dew-point-calculator	https://tooldone.com/physic/dew-point-calculator/	https://tooldone.com/zh/wulixue/lu-dian-ji-suan-qi/
physic	differential-pressure-calculator	https://tooldone.com/physic/differential-pressure-calculator/	https://tooldone.com/zh/wulixue/cha-ya-ji-suan-qi/
physic	diffraction-grating-calculator	https://tooldone.com/physic/diffraction-grating-calculator/	https://tooldone.com/zh/wulixue/yanshe-guangzha-jisuanqi/
physic	diopter-calculator	https://tooldone.com/physic/diopter-calculator/	https://tooldone.com/zh/wulixue/diopter-jisuanqi/
physic	dipole-calculator	https://tooldone.com/physic/dipole-calculator/	https://tooldone.com/zh/wulixue/dipole-tianxian-jisuanqi/
physic	dipole-moment-calculator	https://tooldone.com/physic/dipole-moment-calculator/	https://tooldone.com/zh/wulixue/dian-ju-ju-ji-suan-qi/
physic	displacement-calculator	https://tooldone.com/physic/displacement-calculator/	https://tooldone.com/zh/wulixue/weiyi-jisuanqi/
physic	distance-attenuation-calculator	https://tooldone.com/physic/distance-attenuation-calculator/	https://tooldone.com/zh/wulixue/ju-li-shuai-jian-ji-suan-qi/
physic	distance-to-horizon-calculator	https://tooldone.com/physic/distance-to-horizon-calculator/	https://tooldone.com/zh/wulixue/pingxian-juli-jisuanqi/
physic	doppler-effect-calculator	https://tooldone.com/physic/doppler-effect-calculator/	https://tooldone.com/zh/wulixue/duopule-xiaoying-jisuanqi/
physic	drag-equation-calculator	https://tooldone.com/physic/drag-equation-calculator/	https://tooldone.com/zh/wulixue/zuli-fangcheng-jisuanqi/
physic	drake-equation-calculator	https://tooldone.com/physic/drake-equation-calculator/	https://tooldone.com/zh/wulixue/delei-fangcheng-ji-suan-qi/
physic	drift-velocity-calculator	https://tooldone.com/physic/drift-velocity-calculator/	https://tooldone.com/zh/wulixue/piao-yi-su-du-ji-suan-qi/
physic	e-mc2-calculator	https://tooldone.com/physic/e-mc2-calculator/	https://tooldone.com/zh/wulixue/e-mc2-jisuanqi/
physic	earth-curvature-calculator	https://tooldone.com/physic/earth-curvature-calculator/	https://tooldone.com/zh/wulixue/diqiu-wanqu-jisuanqi/
physic	earth-orbit-calculator	https://tooldone.com/physic/earth-orbit-calculator/	https://tooldone.com/zh/wulixue/di-qiu-gui-dao-ji-suan-qi/
physic	effectiveness-ntu-calculator	https://tooldone.com/physic/effectiveness-ntu-calculator/	https://tooldone.com/zh/wulixue/ntu-xiao-lu-ji-suan-qi/
physic	efficiency-calculator	https://tooldone.com/physic/efficiency-calculator/	https://tooldone.com/zh/wulixue/xiao-lu-ji-suan-qi/
physic	eirp-calculator-effective-isotropic-radiated-power	https://tooldone.com/physic/eirp-calculator-effective-isotropic-radiated-power/	https://tooldone.com/zh/wulixue/eirp-jisuanqi-dengxiao-quanxiang-fushe-gonglu/
physic	elastic-constants-calculator	https://tooldone.com/physic/elastic-constants-calculator/	https://tooldone.com/zh/wulixue/tan-xing-chang-shu-ji-suan-qi/
physic	elastic-potential-energy-calculator	https://tooldone.com/physic/elastic-potential-energy-calculator/	https://tooldone.com/zh/wulixue/tanxing-shuneng-jisuanqi/
physic	electric-field-calculator	https://tooldone.com/physic/electric-field-calculator/	https://tooldone.com/zh/wulixue/dian-chang-ji-suan-qi/
physic	electric-motor-torque-calculator	https://tooldone.com/physic/electric-motor-torque-calculator/	https://tooldone.com/zh/wulixue/dian-ji-niu-ju-ji-suan-qi/
physic	electric-potential-calculator	https://tooldone.com/physic/electric-potential-calculator/	https://tooldone.com/zh/wulixue/dian-shi-ji-suan-qi/
physic	electrical-mobility-calculator	https://tooldone.com/physic/electrical-mobility-calculator/	https://tooldone.com/zh/wulixue/dian-zi-qian-yi-lu-ji-suan-qi/
physic	electrical-power-calculator	https://tooldone.com/physic/electrical-power-calculator/	https://tooldone.com/zh/wulixue/dian-gong-lu-ji-suan-qi/
physic	electron-speed-calculator	https://tooldone.com/physic/electron-speed-calculator/	https://tooldone.com/zh/wulixue/dian-zi-su-du-ji-suan-qi/
physic	elongation-calculator	https://tooldone.com/physic/elongation-calculator/	https://tooldone.com/zh/wulixue/shen-chang-ji-suan-qi/
physic	energy-density-of-fields-calculator	https://tooldone.com/physic/energy-density-of-fields-calculator/	https://tooldone.com/zh/wulixue/chang-neng-liang-mi-du-ji-suan-qi/
physic	engine-displacement-calculator	https://tooldone.com/physic/engine-displacement-calculator/	https://tooldone.com/zh/wulixue/fa-dong-ji-pai-liang-ji-suan-qi/
physic	enthalpy-calculator	https://tooldone.com/physic/enthalpy-calculator/	https://tooldone.com/zh/wulixue/han-liang-ji-suan-qi/
physic	escape-velocity-calculator	https://tooldone.com/physic/escape-velocity-calculator/	https://tooldone.com/zh/wulixue/tao-yi-su-du-ji-suan-qi/
physic	evaporation-rate-calculator	https://tooldone.com/physic/evaporation-rate-calculator/	https://tooldone.com/zh/wulixue/zheng-fa-lu-ji-suan-qi/
physic	excess-electrons-calculator	https://tooldone.com/physic/excess-electrons-calculator/	https://tooldone.com/zh/wulixue/guo-liang-dian-zi-ji-suan-qi/
physic	exhaust-diameter-calculator	https://tooldone.com/physic/exhaust-diameter-calculator/	https://tooldone.com/zh/wulixue/paiqi-koujing-jisuanqi/
physic	exoplanet-discovery-calculator	https://tooldone.com/physic/exoplanet-discovery-calculator/	https://tooldone.com/zh/wulixue/wai-xing-xing-fa-xian-ji-suan-qi/
physic	exoplanet-travel-planner-calculator	https://tooldone.com/physic/exoplanet-travel-planner-calculator/	https://tooldone.com/zh/wulixue/wai-xing-qiu-lu-xing-gui-hua-ji-suan-qi/
physic	factor-of-safety-calculator	https://tooldone.com/physic/factor-of-safety-calculator/	https://tooldone.com/zh/wulixue/an-quan-xi-shu-ji-suan-qi/
physic	fan-calculator	https://tooldone.com/physic/fan-calculator/	https://tooldone.com/zh/wulixue/feng-shan-ji-suan-qi/
physic	faradays-law-calculator	https://tooldone.com/physic/faradays-law-calculator/	https://tooldone.com/zh/wulixue/fa-la-di-ding-lu-ji-suan-qi/
physic	fermi-level-calculator	https://tooldone.com/physic/fermi-level-calculator/	https://tooldone.com/zh/wulixue/fei-mi-neng-ji-ji-suan-qi/
physic	flat-vs-round-earth-calculator	https://tooldone.com/physic/flat-vs-round-earth-calculator/	https://tooldone.com/zh/wulixue/ping-di-vs-yuan-di-qiu-ji-suan-qi/
physic	flow-rate-calculator	https://tooldone.com/physic/flow-rate-calculator/	https://tooldone.com/zh/wulixue/liu-liang-ji-suan-qi/
physic	flyback-converter-calculator	https://tooldone.com/physic/flyback-converter-calculator/	https://tooldone.com/zh/wulixue/fanjiu-bianhuanqi-jisuanqi/
physic	flywheel-energy-storage-calculator	https://tooldone.com/physic/flywheel-energy-storage-calculator/	https://tooldone.com/zh/wulixue/feilun-chuneng-jisuanqi/
physic	force-calculator	https://tooldone.com/physic/force-calculator/	https://tooldone.com/zh/wulixue/li-jisuanqi/
physic	forward-converter-calculator	https://tooldone.com/physic/forward-converter-calculator/	https://tooldone.com/zh/wulixue/qian-jin-bian-huan-qi-ji-suan-qi/
physic	free-fall-calculator	https://tooldone.com/physic/free-fall-calculator/	https://tooldone.com/zh/wulixue/ziyou-luoti-jisuanqi/
physic	free-fall-with-air-resistance-calculator	https://tooldone.com/physic/free-fall-with-air-resistance-calculator/	https://tooldone.com/zh/wulixue/jisuanqi-ziyou-luoti-kongqi-zuli/
physic	free-space-path-loss-calculator	https://tooldone.com/physic/free-space-path-loss-calculator/	https://tooldone.com/zh/wulixue/zi-you-kong-jian-lu-jing-sun-shi-ji-suan-qi/
physic	frequency-bandwidth-calculator	https://tooldone.com/physic/frequency-bandwidth-calculator/	https://tooldone.com/zh/wulixue/pin-lu-dai-kuan-ji-suan-qi/
physic	frequency-calculator	https://tooldone.com/physic/frequency-calculator/	https://tooldone.com/zh/wulixue/pinlv-jisuanqi/
physic	frequency-converter	https://tooldone.com/physic/frequency-converter/	https://tooldone.com/zh/wulixue/pinlu-zhuanhuan-qi/
physic	frequency-of-light-calculator	https://tooldone.com/physic/frequency-of-light-calculator/	https://tooldone.com/zh/wulixue/guang-pin-lu-ji-suan-qi/
physic	fresnel-zone-calculator	https://tooldone.com/physic/fresnel-zone-calculator/	https://tooldone.com/zh/wulixue/fresnel-qu-yu-ji-suan-qi/
physic	friction-calculator	https://tooldone.com/physic/friction-calculator/	https://tooldone.com/zh/wulixue/moca-jisuanqi/
physic	friction-factor-calculator	https://tooldone.com/physic/friction-factor-calculator/	https://tooldone.com/zh/wulixue/mo-ca-yin-zi-ji-suan-qi/
physic	friction-loss-calculator	https://tooldone.com/physic/friction-loss-calculator/	https://tooldone.com/zh/wulixue/mo-ca-sun-shi-ji-suan-qi/
physic	froude-number-calculator	https://tooldone.com/physic/froude-number-calculator/	https://tooldone.com/zh/wulixue/froude-shu-ji-suan-qi/
physic	fulcrum-calculator	https://tooldone.com/physic/fulcrum-calculator/	https://tooldone.com/zh/wulixue/zhi-dian-ji-suan-qi/
physic	gausss-law-calculator	https://tooldone.com/physic/gausss-law-calculator/	https://tooldone.com/zh/wulixue/gaosi-ding-lu-ji-suan-qi/
physic	gay-lussacs-law-calculator	https://tooldone.com/physic/gay-lussacs-law-calculator/	https://tooldone.com/zh/wulixue/gay-lussac-ding-lu-ji-suan-qi/
physic	gear-ratio-calculator	https://tooldone.com/physic/gear-ratio-calculator/	https://tooldone.com/zh/wulixue/chi-lun-bi-ji-suan-qi/
physic	generator-power-calculator	https://tooldone.com/physic/generator-power-calculator/	https://tooldone.com/zh/wulixue/fa-dian-ji-gong-lu-ji-suan-qi/
physic	gold-weight-calculator	https://tooldone.com/physic/gold-weight-calculator/	https://tooldone.com/zh/wulixue/jin-shu-zhong-liang-ji-suan-qi/
physic	gravitational-force-calculator	https://tooldone.com/physic/gravitational-force-calculator/	https://tooldone.com/zh/wulixue/zhongli-jisuanqi/
physic	gravitational-time-dilation-calculator	https://tooldone.com/physic/gravitational-time-dilation-calculator/	https://tooldone.com/zh/wulixue/yin-li-shi-jian-yan-chang-ji-suan-qi/
physic	ground-speed-calculator	https://tooldone.com/physic/ground-speed-calculator/	https://tooldone.com/zh/wulixue/dimian-sudu-jisuanqi/
physic	hair-diffraction-calculator	https://tooldone.com/physic/hair-diffraction-calculator/	https://tooldone.com/zh/wulixue/tou-fa-yan-she-ji-suan-qi/
physic	hall-coefficient-calculator	https://tooldone.com/physic/hall-coefficient-calculator/	https://tooldone.com/zh/wulixue/huo-er-xi-shu-ji-suan-qi/
physic	harmonic-wave-equation-calculator	https://tooldone.com/physic/harmonic-wave-equation-calculator/	https://tooldone.com/zh/wulixue/xiebo-fangcheng-jisuanqi/
physic	heat-capacity-calculator	https://tooldone.com/physic/heat-capacity-calculator/	https://tooldone.com/zh/wulixue/re-liang-ji-suan-qi/
physic	heat-index-calculator	https://tooldone.com/physic/heat-index-calculator/	https://tooldone.com/zh/wulixue/re-zhi-shu-ji-suan-qi/
physic	heat-transfer-calculator	https://tooldone.com/physic/heat-transfer-calculator/	https://tooldone.com/zh/wulixue/re-chuan-di-ji-suan-qi/
physic	heat-transfer-coefficient-calculator	https://tooldone.com/physic/heat-transfer-coefficient-calculator/	https://tooldone.com/zh/wulixue/chuan-re-xi-shu-ji-suan-qi/
physic	heisenbergs-uncertainty-principle-calculator	https://tooldone.com/physic/heisenbergs-uncertainty-principle-calculator/	https://tooldone.com/zh/wulixue/heisenberg-bu-queding-xing-yuan-li-ji-suan-qi/
physic	helical-coil-calculator	https://tooldone.com/physic/helical-coil-calculator/	https://tooldone.com/zh/wulixue/luo-xian-quan-ji-suan-qi/
physic	helmholtz-resonator-calculator	https://tooldone.com/physic/helmholtz-resonator-calculator/	https://tooldone.com/zh/wulixue/helmholtz-gongzhenqi-jisuanqi/
physic	high-pass-filter-calculator	https://tooldone.com/physic/high-pass-filter-calculator/	https://tooldone.com/zh/wulixue/gao-tong-lu-bo-qi-ji-suan-qi/
physic	hohmann-transfer-calculator	https://tooldone.com/physic/hohmann-transfer-calculator/	https://tooldone.com/zh/wulixue/huoman-zhuan-yi-ji-suan-qi/
physic	hookes-law-calculator	https://tooldone.com/physic/hookes-law-calculator/	https://tooldone.com/zh/wulixue/huke-dinglu-jisuanqi/
physic	hoop-stress-calculator	https://tooldone.com/physic/hoop-stress-calculator/	https://tooldone.com/zh/wulixue/huan-xiang-ying-li-ji-suan-qi/
physic	horizontal-projectile-motion-calculator	https://tooldone.com/physic/horizontal-projectile-motion-calculator/	https://tooldone.com/zh/wulixue/shuiping-paoti-yundong-jisuanqi/
physic	hp-to-amps-calculator	https://tooldone.com/physic/hp-to-amps-calculator/	https://tooldone.com/zh/wulixue/ma-li-zhuan-huan-an-pei-ji-suan-qi/
physic	hubble-law-distance-calculator	https://tooldone.com/physic/hubble-law-distance-calculator/	https://tooldone.com/zh/wulixue/habo-er-ding-lu-ju-li-ji-suan-qi/
physic	hydraulic-conductivity-calculator	https://tooldone.com/physic/hydraulic-conductivity-calculator/	https://tooldone.com/zh/wulixue/shui-li-xue-dao-dian-lu-ji-suan-qi/
physic	hydraulic-gradient-calculator	https://tooldone.com/physic/hydraulic-gradient-calculator/	https://tooldone.com/zh/wulixue/shui-li-po-du-ji-suan-qi/
physic	hydraulic-jump-calculator	https://tooldone.com/physic/hydraulic-jump-calculator/	https://tooldone.com/zh/wulixue/shui-li-tiao-yue-ji-suan-qi/
physic	hydraulic-pressure-calculator	https://tooldone.com/physic/hydraulic-pressure-calculator/	https://tooldone.com/zh/wulixue/ye-ya-basinc-hesaplayici/
physic	hydraulic-radius-calculator	https://tooldone.com/physic/hydraulic-radius-calculator/	https://tooldone.com/zh/wulixue/shui-li-ban-jing-ji-suan-qi/
physic	hydrogen-energy-levels-calculator	https://tooldone.com/physic/hydrogen-energy-levels-calculator/	https://tooldone.com/zh/wulixue/qing-qi-neng-liang-ji-suan-qi/
physic	hydrostatic-pressure-calculator	https://tooldone.com/physic/hydrostatic-pressure-calculator/	https://tooldone.com/zh/wulixue/shui-ya-ji-suan-qi/
physic	ideal-gas-density-calculator	https://tooldone.com/physic/ideal-gas-density-calculator/	https://tooldone.com/zh/wulixue/li-xiang-qi-ti-mi-du-ji-suan-qi/
physic	ideal-gas-law-calculator	https://tooldone.com/physic/ideal-gas-law-calculator/	https://tooldone.com/zh/wulixue/li-xiang-qi-ti-fang-cheng-ji-suan-qi/
physic	ideal-transformer-calculator	https://tooldone.com/physic/ideal-transformer-calculator/	https://tooldone.com/zh/wulixue/li-xiang-bian-ya-qi-ji-suan-qi/
physic	immersed-weight-calculator	https://tooldone.com/physic/immersed-weight-calculator/	https://tooldone.com/zh/wulixue/jin-mo-zhong-liang-ji-suan-qi/
physic	impact-energy-calculator	https://tooldone.com/physic/impact-energy-calculator/	https://tooldone.com/zh/wulixue/chongji-nengliang-jisuanqi/
physic	impact-test-calculator	https://tooldone.com/physic/impact-test-calculator/	https://tooldone.com/zh/wulixue/chong-ji-shi-yan-ji-suan-qi/
physic	impulse-and-momentum-calculator	https://tooldone.com/physic/impulse-and-momentum-calculator/	https://tooldone.com/zh/wulixue/chongliang-he-dongliang-jisuanqi/
physic	inclined-plane-calculator	https://tooldone.com/physic/inclined-plane-calculator/	https://tooldone.com/zh/wulixue/xiepo-jisuanqi/
physic	index-of-refraction-calculator	https://tooldone.com/physic/index-of-refraction-calculator/	https://tooldone.com/zh/wulixue/zheshelu-jisuanqi/
physic	inductive-reactance-calculator	https://tooldone.com/physic/inductive-reactance-calculator/	https://tooldone.com/zh/wulixue/gan-kang-ji-suan-qi/
physic	inductor-energy-storage-calculator	https://tooldone.com/physic/inductor-energy-storage-calculator/	https://tooldone.com/zh/wulixue/dian-gan-neng-liang-chu-cun-ji-suan-qi/
physic	inductors-in-parallel-calculator	https://tooldone.com/physic/inductors-in-parallel-calculator/	https://tooldone.com/zh/wulixue/bing-lian-dian-gan-ji-suan-qi/
physic	inductors-in-series-calculator	https://tooldone.com/physic/inductors-in-series-calculator/	https://tooldone.com/zh/wulixue/dian-gan-qi-chuan-lian-ji-suan-qi/
physic	insertion-loss-calculator	https://tooldone.com/physic/insertion-loss-calculator/	https://tooldone.com/zh/wulixue/cha-ru-sun-hao-ji-suan-qi/
physic	internal-resistance-calculator	https://tooldone.com/physic/internal-resistance-calculator/	https://tooldone.com/zh/wulixue/nei-zu-ji-suan-qi/
physic	intrinsic-carrier-concentration-calculator	https://tooldone.com/physic/intrinsic-carrier-concentration-calculator/	https://tooldone.com/zh/wulixue/ben-zheng-dai-liu-nong-du-ji-suan-qi/
physic	inverse-square-law-calculator	https://tooldone.com/physic/inverse-square-law-calculator/	https://tooldone.com/zh/wulixue/fan-bi-ping-fang-lu-ji-suan-qi/
physic	inverting-buck-boost-converter-calculator	https://tooldone.com/physic/inverting-buck-boost-converter-calculator/	https://tooldone.com/zh/wulixue/inverting-buck-boost-converter-jisuanqi/
physic	isentropic-flow-calculator	https://tooldone.com/physic/isentropic-flow-calculator/	https://tooldone.com/zh/wulixue/deng-shang-liu-ji-suan-qi/
physic	j-pole-antenna-calculator	https://tooldone.com/physic/j-pole-antenna-calculator/	https://tooldone.com/zh/wulixue/j-pole-tian-xian-ji-suan-qi/
physic	joule-heating-calculator	https://tooldone.com/physic/joule-heating-calculator/	https://tooldone.com/zh/wulixue/jiao-er-fa-re-ji-suan-qi/
physic	keplers-third-law-calculator	https://tooldone.com/physic/keplers-third-law-calculator/	https://tooldone.com/zh/wulixue/kepler-di-san-ding-lu-ji-suan-qi/
physic	kinematic-viscosity-of-air-calculator	https://tooldone.com/physic/kinematic-viscosity-of-air-calculator/	https://tooldone.com/zh/wulixue/kong-qi-yun-dong-nian-du-ji-suan-qi/
physic	kinetic-energy-calculator	https://tooldone.com/physic/kinetic-energy-calculator/	https://tooldone.com/zh/wulixue/dong-neng-ji-suan-qi/
physic	kinetic-energy-of-a-pendulum-calculator	https://tooldone.com/physic/kinetic-energy-of-a-pendulum-calculator/	https://tooldone.com/zh/wulixue/zhong-bai-dong-neng-ji-suan-qi/
physic	knudsen-number-calculator	https://tooldone.com/physic/knudsen-number-calculator/	https://tooldone.com/zh/wulixue/knu-de-sen-shu-ji-suan-qi/
physic	kva-calculator	https://tooldone.com/physic/kva-calculator/	https://tooldone.com/zh/wulixue/kva-ji-suan-qi/
physic	laser-beam-divergence-calculator	https://tooldone.com/physic/laser-beam-divergence-calculator/	https://tooldone.com/zh/wulixue/jiguang-shu-fasan-jisuanqi/
physic	laser-beam-expander-calculator	https://tooldone.com/physic/laser-beam-expander-calculator/	https://tooldone.com/zh/wulixue/jiguang-shuguang-kuoda-qi-jisuanqi/
physic	laser-beam-spot-size-calculator	https://tooldone.com/physic/laser-beam-spot-size-calculator/	https://tooldone.com/zh/wulixue/jiguang-guangban-daxiao-jisuanqi/
physic	laser-brightness-calculator	https://tooldone.com/physic/laser-brightness-calculator/	https://tooldone.com/zh/wulixue/jiguang-liangdu-jisuanqi/
physic	laser-linewidth-and-bandwidth-calculator	https://tooldone.com/physic/laser-linewidth-and-bandwidth-calculator/	https://tooldone.com/zh/wulixue/jiguang-xian-kuan-he-dai-kuan-jisuanqi/
physic	latent-heat-calculator	https://tooldone.com/physic/latent-heat-calculator/	https://tooldone.com/zh/wulixue/qian-re-ji-suan-qi/
physic	led-resistor-calculator	https://tooldone.com/physic/led-resistor-calculator/	https://tooldone.com/zh/wulixue/led-dian-zu-ji-suan-qi/
physic	length-contraction-calculator	https://tooldone.com/physic/length-contraction-calculator/	https://tooldone.com/zh/wulixue/chang-du-shou-suo-ji-suan-qi/
physic	lens-maker-equation-calculator	https://tooldone.com/physic/lens-maker-equation-calculator/	https://tooldone.com/zh/wulixue/toujing-zhizaoshang-fangcheng-jisuanqi/
physic	lever-calculator	https://tooldone.com/physic/lever-calculator/	https://tooldone.com/zh/wulixue/gang-gan-ji-suan-qi/
physic	lift-coefficient-calculator	https://tooldone.com/physic/lift-coefficient-calculator/	https://tooldone.com/zh/wulixue/sheng-li-xi-shu-ji-suan-qi/
physic	light-year-calculator	https://tooldone.com/physic/light-year-calculator/	https://tooldone.com/zh/wulixue/guang-nian-ji-suan-qi/
physic	lightning-distance-calculator	https://tooldone.com/physic/lightning-distance-calculator/	https://tooldone.com/zh/wulixue/lei-dian-ju-li-ji-suan-qi/
physic	linear-actuator-force-calculator	https://tooldone.com/physic/linear-actuator-force-calculator/	https://tooldone.com/zh/wulixue/xianxing-zhidongqi-li-ji-suan-qi/
physic	lmtd-calculator-log-mean-temperature-difference	https://tooldone.com/physic/lmtd-calculator-log-mean-temperature-difference/	https://tooldone.com/zh/wulixue/dui-shu-ping-jun-wen-cha-ji-suan-qi/
physic	lorentz-force-calculator	https://tooldone.com/physic/lorentz-force-calculator/	https://tooldone.com/zh/wulixue/luo-lun-ci-li-ji-suan-qi/
physic	low-pass-filter-calculator	https://tooldone.com/physic/low-pass-filter-calculator/	https://tooldone.com/zh/wulixue/di-tong-lu-bo-qi-ji-suan-qi/
physic	lumen-calculator-lumen-to-lux-to-candela	https://tooldone.com/physic/lumen-calculator-lumen-to-lux-to-candela/	https://tooldone.com/zh/wulixue/lumen-lux-kandela-zhuanhuanqi/
physic	luminosity-calculator	https://tooldone.com/physic/luminosity-calculator/	https://tooldone.com/zh/wulixue/guang-du-ji-suan-qi/
physic	lux-to-foot-candles-converter	https://tooldone.com/physic/lux-to-foot-candles-converter/	https://tooldone.com/zh/wulixue/lesi-dao-yingchi-zhuguang-zhuanhuanqi/
physic	mach-number-calculator	https://tooldone.com/physic/mach-number-calculator/	https://tooldone.com/zh/wulixue/ma-he-shu-ji-suan-qi/
physic	magnetic-declination-calculator	https://tooldone.com/physic/magnetic-declination-calculator/	https://tooldone.com/zh/wulixue/ci-pian-jiao-ji-suan-qi/
physic	magnetic-dipole-moment-calculator	https://tooldone.com/physic/magnetic-dipole-moment-calculator/	https://tooldone.com/zh/wulixue/ci-ji-ju-moment-ji-suan-qi/
physic	magnetic-field-of-a-straight-current-carrying-wire-calculator	https://tooldone.com/physic/magnetic-field-of-a-straight-current-carrying-wire-calculator/	https://tooldone.com/zh/wulixue/zhi-xian-dao-xian-ci-chang-ji-suan-qi/
physic	magnetic-force-between-current-carrying-wires-calculator	https://tooldone.com/physic/magnetic-force-between-current-carrying-wires-calculator/	https://tooldone.com/zh/wulixue/dian-liu-xian-jian-ci-li-ji-suan-qi/
physic	magnetic-force-on-a-current-carrying-wire-calculator	https://tooldone.com/physic/magnetic-force-on-a-current-carrying-wire-calculator/	https://tooldone.com/zh/wulixue/dao-xian-shang-ci-li-ji-suan-qi/
physic	magnetic-moment-calculator	https://tooldone.com/physic/magnetic-moment-calculator/	https://tooldone.com/zh/wulixue/ci-ju-ji-suan-qi/
physic	magnetic-permeability-calculator	https://tooldone.com/physic/magnetic-permeability-calculator/	https://tooldone.com/zh/wulixue/ci-tong-lu-ji-suan-qi/
physic	magnitude-of-acceleration-calculator	https://tooldone.com/physic/magnitude-of-acceleration-calculator/	https://tooldone.com/zh/wulixue/jiasudu-daxiao-jisuanqi/
physic	magnus-force-calculator	https://tooldone.com/physic/magnus-force-calculator/	https://tooldone.com/zh/wulixue/magnus-li-jisuanqi/
physic	malus-law-calculator	https://tooldone.com/physic/malus-law-calculator/	https://tooldone.com/zh/wulixue/malusi-dinglu-jisuanqi/
physic	manometer-calculator	https://tooldone.com/physic/manometer-calculator/	https://tooldone.com/zh/wulixue/ya-li-ji-suan-qi/
physic	mass-moment-of-inertia-calculator	https://tooldone.com/physic/mass-moment-of-inertia-calculator/	https://tooldone.com/zh/wulixue/zhi-liang-guan-xing-ju-ji-suan-qi/
physic	maximum-height-calculator-projectile-motion	https://tooldone.com/physic/maximum-height-calculator-projectile-motion/	https://tooldone.com/zh/wulixue/pao-ti-yun-dong-zui-da-gao-du-ji-suan-qi/
physic	mean-free-path-calculator	https://tooldone.com/physic/mean-free-path-calculator/	https://tooldone.com/zh/wulixue/ping-jun-zi-you-cheng-ji-suan-qi/
physic	mechanical-advantage-calculator	https://tooldone.com/physic/mechanical-advantage-calculator/	https://tooldone.com/zh/wulixue/ji-xie-you-shi-ji-suan-qi/
physic	mirror-equation-calculator	https://tooldone.com/physic/mirror-equation-calculator/	https://tooldone.com/zh/wulixue/jingzi-fangchengshi-jisuanqi/
physic	mixed-air-calculator	https://tooldone.com/physic/mixed-air-calculator/	https://tooldone.com/zh/wulixue/hun-he-kong-qi-ji-suan-qi/
physic	mixed-air-temperature-calculator	https://tooldone.com/physic/mixed-air-temperature-calculator/	https://tooldone.com/zh/wulixue/hun-he-kong-qi-wen-du-ji-suan-qi/
physic	mixing-ratio-of-air-calculator	https://tooldone.com/physic/mixing-ratio-of-air-calculator/	https://tooldone.com/zh/wulixue/kong-qi-hun-he-bi-ji-suan-qi/
physic	modulation-calculator	https://tooldone.com/physic/modulation-calculator/	https://tooldone.com/zh/wulixue/tiao-zhi-ji-suan-qi/
physic	mohrs-circle-calculator	https://tooldone.com/physic/mohrs-circle-calculator/	https://tooldone.com/zh/wulixue/mohr-yuan-ji-suan-qi/
physic	moisture-content-calculator	https://tooldone.com/physic/moisture-content-calculator/	https://tooldone.com/zh/wulixue/shui-fen-han-liang-ji-suan-qi/
physic	momentum-calculator	https://tooldone.com/physic/momentum-calculator/	https://tooldone.com/zh/wulixue/dongliang-jisuanqi/
physic	mosfet-calculator	https://tooldone.com/physic/mosfet-calculator/	https://tooldone.com/zh/wulixue/mosfet-ji-suan-qi/
physic	mosfet-threshold-voltage-calculator	https://tooldone.com/physic/mosfet-threshold-voltage-calculator/	https://tooldone.com/zh/wulixue/mosfet-yu-zhi-dian-ya-ji-suan-qi/
physic	muzzle-velocity-calculator	https://tooldone.com/physic/muzzle-velocity-calculator/	https://tooldone.com/zh/wulixue/qiangkou-sudu-jisuanqi/
physic	natural-frequency-calculator	https://tooldone.com/physic/natural-frequency-calculator/	https://tooldone.com/zh/wulixue/zi-ran-pin-lu-ji-suan-qi/
physic	net-force-calculator	https://tooldone.com/physic/net-force-calculator/	https://tooldone.com/zh/wulixue/jing-li-ji-suan-qi/
physic	newtons-law-of-cooling-calculator	https://tooldone.com/physic/newtons-law-of-cooling-calculator/	https://tooldone.com/zh/wulixue/niu-dun-leng-que-ding-lu-ji-suan-qi/
physic	newtons-second-law-calculator	https://tooldone.com/physic/newtons-second-law-calculator/	https://tooldone.com/zh/wulixue/niudun-dier-dinglu-jisuanqi/
physic	newtons-third-law-calculator	https://tooldone.com/physic/newtons-third-law-calculator/	https://tooldone.com/zh/wulixue/niudun-disan-dinglu-jisuanqi/
physic	noise-figure-calculator	https://tooldone.com/physic/noise-figure-calculator/	https://tooldone.com/zh/wulixue/zao-sheng-shu-ji-suan-qi/
physic	normal-force-calculator	https://tooldone.com/physic/normal-force-calculator/	https://tooldone.com/zh/wulixue/fa-xiang-li-ji-suan-qi/
physic	npsh-calculator-net-positive-suction-head	https://tooldone.com/physic/npsh-calculator-net-positive-suction-head/	https://tooldone.com/zh/wulixue/npsh-ji-suan-qi-jing-zheng-ya-xi-gao-du/
physic	number-density-calculator	https://tooldone.com/physic/number-density-calculator/	https://tooldone.com/zh/wulixue/shu-liang-mi-du-ji-suan-qi/
physic	nusselt-number-calculator	https://tooldone.com/physic/nusselt-number-calculator/	https://tooldone.com/zh/wulixue/nu-sai-te-shu-ji-suan-qi/
physic	oblique-shock-calculator	https://tooldone.com/physic/oblique-shock-calculator/	https://tooldone.com/zh/wulixue/xie-zhen-bo-ji-suan-qi/
physic	ohms-law-calculator	https://tooldone.com/physic/ohms-law-calculator/	https://tooldone.com/zh/wulixue/oumu-ding-lu-ji-suan-qi/
physic	olbers-paradox	https://tooldone.com/physic/olbers-paradox/	https://tooldone.com/zh/wulixue/ao-er-bo-si-bei-lun/
physic	open-channel-flow-calculator	https://tooldone.com/physic/open-channel-flow-calculator/	https://tooldone.com/zh/wulixue/kai-fang-qu-dao-liu-liang-ji-suan-qi/
physic	optical-density-calculator	https://tooldone.com/physic/optical-density-calculator/	https://tooldone.com/zh/wulixue/guangmidu-jisuanqi/
physic	orbital-period-calculator	https://tooldone.com/physic/orbital-period-calculator/	https://tooldone.com/zh/wulixue/gong-zhuan-zhou-qi-ji-suan-qi/
physic	orbital-velocity-calculator	https://tooldone.com/physic/orbital-velocity-calculator/	https://tooldone.com/zh/wulixue/gui-dao-su-du-ji-suan-qi/
physic	orifice-flow-calculator	https://tooldone.com/physic/orifice-flow-calculator/	https://tooldone.com/zh/wulixue/kong-ban-liu-liang-ji-suan-qi/
physic	parallax-calculator	https://tooldone.com/physic/parallax-calculator/	https://tooldone.com/zh/wulixue/shi-cha-ji-suan-qi/
physic	parallel-capacitor-calculator	https://tooldone.com/physic/parallel-capacitor-calculator/	https://tooldone.com/zh/wulixue/bing-lian-dian-rong-qi-ji-suan-qi/
physic	parallel-resistor-calculator	https://tooldone.com/physic/parallel-resistor-calculator/	https://tooldone.com/zh/wulixue/bing-lian-dian-zu-ji-suan-qi/
physic	particles-velocity-calculator	https://tooldone.com/physic/particles-velocity-calculator/	https://tooldone.com/zh/wulixue/lizi-su-du-ji-suan-qi/
physic	photoelectric-effect-calculator	https://tooldone.com/physic/photoelectric-effect-calculator/	https://tooldone.com/zh/wulixue/guang-dian-xiao-ying-ji-suan-qi/
physic	photon-detection-efficiency-calculator-sipm	https://tooldone.com/physic/photon-detection-efficiency-calculator-sipm/	https://tooldone.com/zh/wulixue/foton-jian-ce-xiao-lu-ji-suan-qi-sipm/
physic	photon-energy-calculator	https://tooldone.com/physic/photon-energy-calculator/	https://tooldone.com/zh/wulixue/guang-zi-neng-liang-ji-suan-qi/
physic	physical-pendulum-calculator	https://tooldone.com/physic/physical-pendulum-calculator/	https://tooldone.com/zh/wulixue/wuli-baizhong-jisuanqi/
physic	pipe-flow-calculator	https://tooldone.com/physic/pipe-flow-calculator/	https://tooldone.com/zh/wulixue/guan-dao-liu-liang-ji-suan-qi/
physic	piston-force-calculator	https://tooldone.com/physic/piston-force-calculator/	https://tooldone.com/zh/wulixue/huo-sai-li-ji-suan-qi/
physic	piston-speed-calculator	https://tooldone.com/physic/piston-speed-calculator/	https://tooldone.com/zh/wulixue/huosai-su-du-ji-suan-qi/
physic	pneumatic-cylinder-force-calculator	https://tooldone.com/physic/pneumatic-cylinder-force-calculator/	https://tooldone.com/zh/wulixue/qi-dong-gang-tong-li-ji-suan-qi/
physic	poise-stokes-converter	https://tooldone.com/physic/poise-stokes-converter/	https://tooldone.com/zh/wulixue/poise-stokes-zhuan-huan-qi/
physic	poiseuilles-law-calculator	https://tooldone.com/physic/poiseuilles-law-calculator/	https://tooldone.com/zh/wulixue/poiseuille-ding-lu-ji-suan-qi/
physic	poissons-ratio-calculator	https://tooldone.com/physic/poissons-ratio-calculator/	https://tooldone.com/zh/wulixue/poisson-bi-lu-ji-suan-qi/
physic	polar-moment-of-inertia-calculator	https://tooldone.com/physic/polar-moment-of-inertia-calculator/	https://tooldone.com/zh/wulixue/jixing-guanxingju-jisuanqi/
physic	porosity-and-permeability-calculator	https://tooldone.com/physic/porosity-and-permeability-calculator/	https://tooldone.com/zh/wulixue/kong-xi-du-he-tou-xing-ji-suan-qi/
physic	potential-energy-calculator	https://tooldone.com/physic/potential-energy-calculator/	https://tooldone.com/zh/wulixue/shi-neng-jisuanqi/
physic	pounds-per-minute-calculator	https://tooldone.com/physic/pounds-per-minute-calculator/	https://tooldone.com/zh/wulixue/mei-fen-zhong-ying-bang-ji-suan-qi/
physic	power-dissipation-calculator	https://tooldone.com/physic/power-dissipation-calculator/	https://tooldone.com/zh/wulixue/gong-lu-xiao-san-ji-suan-qi/
physic	power-factor-calculator	https://tooldone.com/physic/power-factor-calculator/	https://tooldone.com/zh/wulixue/gong-lu-yin-shu-ji-suan-qi/
physic	power-to-weight-ratio-calculator	https://tooldone.com/physic/power-to-weight-ratio-calculator/	https://tooldone.com/zh/wulixue/gonglu-zhongliang-bi-jisuanqi/
physic	prandtl-meyer-expansion-calculator	https://tooldone.com/physic/prandtl-meyer-expansion-calculator/	https://tooldone.com/zh/wulixue/prandtl-meyer-kuo-zhang-ji-suan-qi/
physic	prandtl-number-calculator	https://tooldone.com/physic/prandtl-number-calculator/	https://tooldone.com/zh/wulixue/prandtl-shu-ji-suan-qi/
physic	pressure-calculator	https://tooldone.com/physic/pressure-calculator/	https://tooldone.com/zh/wulixue/ya-li-ji-suan-qi-ya/
physic	principal-stress-calculator	https://tooldone.com/physic/principal-stress-calculator/	https://tooldone.com/zh/wulixue/zhu-yao-ying-li-ji-suan-qi/
physic	projectile-motion-calculator	https://tooldone.com/physic/projectile-motion-calculator/	https://tooldone.com/zh/wulixue/paowuxian-yundong-jisuanqi/
physic	projectile-motion-experiment-calculator	https://tooldone.com/physic/projectile-motion-experiment-calculator/	https://tooldone.com/zh/wulixue/pao-dan-yun-dong-shi-yan-ji-suan-qi/
physic	projectile-range-calculator	https://tooldone.com/physic/projectile-range-calculator/	https://tooldone.com/zh/wulixue/paodan-shecheng-jisuanqi/
physic	prop-pitch-calculator	https://tooldone.com/physic/prop-pitch-calculator/	https://tooldone.com/zh/wulixue/luo-xuan-ju-ji-suan-qi/
physic	prop-slip-calculator	https://tooldone.com/physic/prop-slip-calculator/	https://tooldone.com/zh/wulixue/luo-xuan-ji-hua-ji-suan-qi/
physic	psychrometric-calculator	https://tooldone.com/physic/psychrometric-calculator/	https://tooldone.com/zh/wulixue/xinli-celiang-jisuanqi/
physic	pulley-calculator	https://tooldone.com/physic/pulley-calculator/	https://tooldone.com/zh/wulixue/hua-lun-ji-suan-qi/
physic	pump-horsepower-calculator	https://tooldone.com/physic/pump-horsepower-calculator/	https://tooldone.com/zh/wulixue/beng-ma-li-ji-suan-qi/
physic	quantum-number-calculator	https://tooldone.com/physic/quantum-number-calculator/	https://tooldone.com/zh/wulixue/liang-zi-shu-ji-suan-qi/
physic	quarter-mile-calculator	https://tooldone.com/physic/quarter-mile-calculator/	https://tooldone.com/zh/wulixue/sifenzhiyi-yingli-jisuanqi/
physic	radar-horizon-calculator	https://tooldone.com/physic/radar-horizon-calculator/	https://tooldone.com/zh/wulixue/leida-dipingxian-jisuanqi/
physic	radiation-pressure-calculator	https://tooldone.com/physic/radiation-pressure-calculator/	https://tooldone.com/zh/wulixue/fu-she-ya-li-ji-suan-qi/
physic	rc-circuit-calculator	https://tooldone.com/physic/rc-circuit-calculator/	https://tooldone.com/zh/wulixue/rc-dian-lu-ji-suan-qi/
physic	reaction-time-calculator	https://tooldone.com/physic/reaction-time-calculator/	https://tooldone.com/zh/wulixue/fan-ying-shi-jian-ji-suan-qi/
physic	recoil-energy-calculator	https://tooldone.com/physic/recoil-energy-calculator/	https://tooldone.com/zh/wulixue/fandong-nengliang-jisuanqi/
physic	redshift-calculator	https://tooldone.com/physic/redshift-calculator/	https://tooldone.com/zh/wulixue/hong-yi-ji-suan-qi/
physic	reduced-mass-calculator	https://tooldone.com/physic/reduced-mass-calculator/	https://tooldone.com/zh/wulixue/yuehua-zhiliang-jisuanqi/
physic	refrigerant-capillary-tube-calculator	https://tooldone.com/physic/refrigerant-capillary-tube-calculator/	https://tooldone.com/zh/wulixue/zhi-leng-ji-mao-xi-guan-ji-suan-qi/
physic	relative-humidity-calculator	https://tooldone.com/physic/relative-humidity-calculator/	https://tooldone.com/zh/wulixue/xiang-dui-shi-du-ji-suan-qi/
physic	relativistic-kinetic-energy-calculator	https://tooldone.com/physic/relativistic-kinetic-energy-calculator/	https://tooldone.com/zh/wulixue/xiang-dui-lun-dong-neng-ji-suan-qi/
physic	resistor-color-code-calculator	https://tooldone.com/physic/resistor-color-code-calculator/	https://tooldone.com/zh/wulixue/dian-zu-yan-se-dai-ma-ji-suan-qi/
physic	resistor-noise-calculator	https://tooldone.com/physic/resistor-noise-calculator/	https://tooldone.com/zh/wulixue/dian-zu-zao-sheng-ji-suan-qi/
physic	resistor-wattage-calculator	https://tooldone.com/physic/resistor-wattage-calculator/	https://tooldone.com/zh/wulixue/dian-zu-gong-lu-ji-suan-qi/
physic	resonant-frequency-calculator	https://tooldone.com/physic/resonant-frequency-calculator/	https://tooldone.com/zh/wulixue/gong-zhen-pin-lu-ji-suan-qi/
physic	resultant-velocity-calculator	https://tooldone.com/physic/resultant-velocity-calculator/	https://tooldone.com/zh/wulixue/he-cheng-su-du-ji-suan-qi/
physic	reverberation-time-calculator	https://tooldone.com/physic/reverberation-time-calculator/	https://tooldone.com/zh/wulixue/hunxiang-shijian-jisuanqi/
physic	reynolds-number-calculator	https://tooldone.com/physic/reynolds-number-calculator/	https://tooldone.com/zh/wulixue/reynolds-shu-ji-suan-qi/
physic	rlc-circuit-calculator	https://tooldone.com/physic/rlc-circuit-calculator/	https://tooldone.com/zh/wulixue/rlc-dian-lu-ji-suan-qi/
physic	rlc-impedance-calculator	https://tooldone.com/physic/rlc-impedance-calculator/	https://tooldone.com/zh/wulixue/rlc-kang-kang-ji-suan-qi/
physic	rms-voltage-calculator	https://tooldone.com/physic/rms-voltage-calculator/	https://tooldone.com/zh/wulixue/rms-dian-ya-ji-suan-qi/
physic	rocket-equation-calculator	https://tooldone.com/physic/rocket-equation-calculator/	https://tooldone.com/zh/wulixue/huo-jian-fang-cheng-ji-suan-qi/
physic	rocket-thrust-calculator	https://tooldone.com/physic/rocket-thrust-calculator/	https://tooldone.com/zh/wulixue/huojian-tuili-jisuanqi/
physic	rockwell-hardness-conversion-calculator	https://tooldone.com/physic/rockwell-hardness-conversion-calculator/	https://tooldone.com/zh/wulixue/luoke-wei-ying-du-zhuan-huan-ji-suan-qi/
physic	rolling-resistance-calculator	https://tooldone.com/physic/rolling-resistance-calculator/	https://tooldone.com/zh/wulixue/gundong-zuli-jisuanqi/
physic	root-mean-square-velocity-calculator	https://tooldone.com/physic/root-mean-square-velocity-calculator/	https://tooldone.com/zh/wulixue/jun-fang-gen-su-du-ji-suan-qi/
physic	rotational-kinetic-energy-calculator	https://tooldone.com/physic/rotational-kinetic-energy-calculator/	https://tooldone.com/zh/wulixue/xuanzhuan-dongneng-jisuanqi/
physic	rotational-stiffness-calculator	https://tooldone.com/physic/rotational-stiffness-calculator/	https://tooldone.com/zh/wulixue/xuan-zhuan-gang-du-ji-suan-qi/
physic	rydberg-equation-calculator	https://tooldone.com/physic/rydberg-equation-calculator/	https://tooldone.com/zh/wulixue/rydberg-fang-cheng-ji-suan-qi/
physic	scfm-calculator-standard-cubic-feet-per-minute	https://tooldone.com/physic/scfm-calculator-standard-cubic-feet-per-minute/	https://tooldone.com/zh/wulixue/scfm-jisuanqi-biaozhun-liufang-yingchi-meifenzhong/
physic	schwarzschild-radius-calculator	https://tooldone.com/physic/schwarzschild-radius-calculator/	https://tooldone.com/zh/wulixue/shi-wa-er-shi-ban-jing-ji-suan-qi/
physic	section-modulus-calculator	https://tooldone.com/physic/section-modulus-calculator/	https://tooldone.com/zh/wulixue/jie-mian-mo-liang-ji-suan-qi/
physic	sensible-heat-calculator	https://tooldone.com/physic/sensible-heat-calculator/	https://tooldone.com/zh/wulixue/xian-re-liang-ji-suan-qi/
physic	series-resistor-calculator	https://tooldone.com/physic/series-resistor-calculator/	https://tooldone.com/zh/wulixue/chuan-lian-dian-zu-ji-suan-qi/
physic	shaft-size-calculator	https://tooldone.com/physic/shaft-size-calculator/	https://tooldone.com/zh/wulixue/zhou-chi-cun-ji-suan-qi/
physic	shear-modulus-calculator	https://tooldone.com/physic/shear-modulus-calculator/	https://tooldone.com/zh/wulixue/jian-qie-mo-liang-ji-suan-qi/
physic	shear-strain-calculator	https://tooldone.com/physic/shear-strain-calculator/	https://tooldone.com/zh/wulixue/jian-qie-ying-bian-ji-suan-qi/
physic	shear-stress-calculator	https://tooldone.com/physic/shear-stress-calculator/	https://tooldone.com/zh/wulixue/jian-ying-li-ji-suan-qi/
physic	shear-wave-velocity-calculator	https://tooldone.com/physic/shear-wave-velocity-calculator/	https://tooldone.com/zh/wulixue/jian-bo-su-du-ji-suan-qi/
physic	shockley-diode-calculator	https://tooldone.com/physic/shockley-diode-calculator/	https://tooldone.com/zh/wulixue/shockley-er-ji-guan-ji-suan-qi/
physic	signal-to-noise-ratio-calculator	https://tooldone.com/physic/signal-to-noise-ratio-calculator/	https://tooldone.com/zh/wulixue/xinhao-zaosheng-bi-jisuanqi/
physic	simple-harmonic-motion-calculator	https://tooldone.com/physic/simple-harmonic-motion-calculator/	https://tooldone.com/zh/wulixue/jian-xie-yun-dong-ji-suan-qi/
physic	simple-pendulum-calculator	https://tooldone.com/physic/simple-pendulum-calculator/	https://tooldone.com/zh/wulixue/jiandan-baidong-jisuanqi/
physic	skin-depth-calculator	https://tooldone.com/physic/skin-depth-calculator/	https://tooldone.com/zh/wulixue/skin-shen-du-ji-suan-qi/
physic	sled-ride-calculator	https://tooldone.com/physic/sled-ride-calculator/	https://tooldone.com/zh/wulixue/xueqiao-huaxing-jisuanqi/
physic	slenderness-ratio-calculator	https://tooldone.com/physic/slenderness-ratio-calculator/	https://tooldone.com/zh/wulixue/xi-chang-bi-ji-suan-qi/
physic	smartphone-projector-calculator	https://tooldone.com/physic/smartphone-projector-calculator/	https://tooldone.com/zh/wulixue/shou-ji-tou-ying-ji-ji-suan-qi/
physic	snells-law-calculator	https://tooldone.com/physic/snells-law-calculator/	https://tooldone.com/zh/wulixue/sinier-dinglu-jisuanqi/
physic	solenoid-inductance-calculator	https://tooldone.com/physic/solenoid-inductance-calculator/	https://tooldone.com/zh/wulixue/luo-xian-guan-dian-gan-ji-suan-qi/
physic	solenoid-magnetic-field-calculator	https://tooldone.com/physic/solenoid-magnetic-field-calculator/	https://tooldone.com/zh/wulixue/luo-xian-guan-ci-chang-ji-suan-qi/
physic	sound-absorption-coefficient-calculator	https://tooldone.com/physic/sound-absorption-coefficient-calculator/	https://tooldone.com/zh/wulixue/shengxi-shouxi-xishu-jisuanqi/
physic	sound-wavelength-calculator	https://tooldone.com/physic/sound-wavelength-calculator/	https://tooldone.com/zh/wulixue/shengyin-bochang-jisuanqi/
physic	space-travel-calculator	https://tooldone.com/physic/space-travel-calculator/	https://tooldone.com/zh/wulixue/tai-kong-lu-xing-ji-suan-qi/
physic	specific-gas-constant-calculator	https://tooldone.com/physic/specific-gas-constant-calculator/	https://tooldone.com/zh/wulixue/bi-ding-qi-ti-chang-shu-ji-suan-qi/
physic	specific-gravity-calculator	https://tooldone.com/physic/specific-gravity-calculator/	https://tooldone.com/zh/wulixue/bi-zhong-ji-suan-qi/
physic	specific-heat-calculator	https://tooldone.com/physic/specific-heat-calculator/	https://tooldone.com/zh/wulixue/bi-re-ji-suan-qi/
physic	specific-impulse-calculator	https://tooldone.com/physic/specific-impulse-calculator/	https://tooldone.com/zh/wulixue/bi-chong-liang-ji-suan-qi/
physic	speed-of-light-calculator	https://tooldone.com/physic/speed-of-light-calculator/	https://tooldone.com/zh/wulixue/guangsu-jisuanqi/
physic	speed-of-sound-calculator	https://tooldone.com/physic/speed-of-sound-calculator/	https://tooldone.com/zh/wulixue/shengsu-jisuanqi/
physic	speed-of-sound-in-solids-calculator	https://tooldone.com/physic/speed-of-sound-in-solids-calculator/	https://tooldone.com/zh/wulixue/gu-ti-zhong-sheng-su-ji-suan-qi/
physic	speeds-and-feeds-calculator	https://tooldone.com/physic/speeds-and-feeds-calculator/	https://tooldone.com/zh/wulixue/sudu-he-jinji-jisuanqi/
physic	spherical-capacitor-calculator	https://tooldone.com/physic/spherical-capacitor-calculator/	https://tooldone.com/zh/wulixue/qiu-xing-dian-rong-qi-ji-suan-qi/
physic	spring-calculator	https://tooldone.com/physic/spring-calculator/	https://tooldone.com/zh/wulixue/tanhuang-jisuanqi/
physic	spring-rate-calculator	https://tooldone.com/physic/spring-rate-calculator/	https://tooldone.com/zh/wulixue/tan-huang-xing-shu-ji-suan-qi/
physic	stefan-boltzmann-law-calculator	https://tooldone.com/physic/stefan-boltzmann-law-calculator/	https://tooldone.com/zh/wulixue/stefan-boltzmann-ding-lu-ji-suan-qi/
physic	stiffness-matrix-calculator	https://tooldone.com/physic/stiffness-matrix-calculator/	https://tooldone.com/zh/wulixue/gang-du-ju-zhen-ji-suan-qi/
physic	stokes-law-calculator	https://tooldone.com/physic/stokes-law-calculator/	https://tooldone.com/zh/wulixue/stokes-ding-lu-ji-suan-qi/
physic	stopping-distance-calculator	https://tooldone.com/physic/stopping-distance-calculator/	https://tooldone.com/zh/wulixue/zhidong-juli-jisuanqi/
physic	stress-calculator	https://tooldone.com/physic/stress-calculator/	https://tooldone.com/zh/wulixue/ying-li-ji-suan-qi/
physic	stress-concentration-factor-calculator	https://tooldone.com/physic/stress-concentration-factor-calculator/	https://tooldone.com/zh/wulixue/ying-li-ji-zhong-yin-zi-ji-suan-qi/
physic	sun-angle-calculator	https://tooldone.com/physic/sun-angle-calculator/	https://tooldone.com/zh/wulixue/tai-yang-jiao-du-ji-suan-qi/
physic	sunrise-sunset-calculator	https://tooldone.com/physic/sunrise-sunset-calculator/	https://tooldone.com/zh/wulixue/ri-chu-ri-luo-ji-suan-qi/
physic	surface-tension-calculator	https://tooldone.com/physic/surface-tension-calculator/	https://tooldone.com/zh/wulixue/biao-mian-zhang-li-ji-suan-qi/
physic	suvat-calculator	https://tooldone.com/physic/suvat-calculator/	https://tooldone.com/zh/wulixue/suvat-jisuanqi/
physic	synodic-period-calculator	https://tooldone.com/physic/synodic-period-calculator/	https://tooldone.com/zh/wulixue/hui-he-zhou-qi-ji-suan-qi/
physic	telescope-field-of-view-calculator	https://tooldone.com/physic/telescope-field-of-view-calculator/	https://tooldone.com/zh/wulixue/wangyuanjing-shiye-jisuanqi/
physic	telescope-magnification-calculator	https://tooldone.com/physic/telescope-magnification-calculator/	https://tooldone.com/zh/wulixue/wangyuanjing-fangda-jisuanqi/
physic	temperature-at-altitude-calculator	https://tooldone.com/physic/temperature-at-altitude-calculator/	https://tooldone.com/zh/wulixue/wen-du-gao-du-ji-suan-qi/
physic	tension-calculator	https://tooldone.com/physic/tension-calculator/	https://tooldone.com/zh/wulixue/zhangli-jisuanqi/
physic	terminal-velocity-calculator	https://tooldone.com/physic/terminal-velocity-calculator/	https://tooldone.com/zh/wulixue/zhongduan-sudu-jisuanqi/
physic	thermal-conductivity-calculator	https://tooldone.com/physic/thermal-conductivity-calculator/	https://tooldone.com/zh/wulixue/re-liu-dao-re-ji-suan-qi/
physic	thermal-diffusivity-calculator	https://tooldone.com/physic/thermal-diffusivity-calculator/	https://tooldone.com/zh/wulixue/re-kuosanlv-ji-suan-qi/
physic	thermal-efficiency-calculator	https://tooldone.com/physic/thermal-efficiency-calculator/	https://tooldone.com/zh/wulixue/re-xiao-lu-ji-suan-qi/
physic	thermal-energy-calculator	https://tooldone.com/physic/thermal-energy-calculator/	https://tooldone.com/zh/wulixue/re-neng-ji-suan-qi/
physic	thermal-equilibrium-calculator	https://tooldone.com/physic/thermal-equilibrium-calculator/	https://tooldone.com/zh/wulixue/re-liang-ping-heng-ji-suan-qi/
physic	thermal-expansion-calculator	https://tooldone.com/physic/thermal-expansion-calculator/	https://tooldone.com/zh/wulixue/re-zhan-zhang-ji-suan-qi/
physic	thermal-resistance-calculator	https://tooldone.com/physic/thermal-resistance-calculator/	https://tooldone.com/zh/wulixue/re-zu-ji-suan-qi/
physic	thermal-stress-calculator	https://tooldone.com/physic/thermal-stress-calculator/	https://tooldone.com/zh/wulixue/re-li-ying-li-ji-suan-qi/
physic	thin-film-optical-coating-calculator	https://tooldone.com/physic/thin-film-optical-coating-calculator/	https://tooldone.com/zh/wulixue/bo-mo-guangxue-tu-ceng-ji-suan-qi/
physic	thin-lens-equation-calculator	https://tooldone.com/physic/thin-lens-equation-calculator/	https://tooldone.com/zh/wulixue/baomoshexiangfangcheng-jisuanqi/
physic	three-phase-calculator	https://tooldone.com/physic/three-phase-calculator/	https://tooldone.com/zh/wulixue/san-xiang-gong-lu-ji-suan-qi/
physic	thrust-to-weight-ratio-calculator	https://tooldone.com/physic/thrust-to-weight-ratio-calculator/	https://tooldone.com/zh/wulixue/tui-li-bi-zhong-ji-suan-qi/
physic	time-dilation-calculator	https://tooldone.com/physic/time-dilation-calculator/	https://tooldone.com/zh/wulixue/shi-jian-yan-chang-ji-suan-qi/
physic	time-of-flight-calculator-projectile-motion	https://tooldone.com/physic/time-of-flight-calculator-projectile-motion/	https://tooldone.com/zh/wulixue/paoti-feixing-shijian-jisuanqi/
physic	tnt-equivalent-calculator	https://tooldone.com/physic/tnt-equivalent-calculator/	https://tooldone.com/zh/wulixue/tnt-dangliang-jisuanqi/
physic	torque-calculator	https://tooldone.com/physic/torque-calculator/	https://tooldone.com/zh/wulixue/niu-ju-ji-suan-qi/
physic	torsion-spring-calculator	https://tooldone.com/physic/torsion-spring-calculator/	https://tooldone.com/zh/wulixue/niu-zhen-tan-huang-ji-suan-qi/
physic	torsional-constant-calculator	https://tooldone.com/physic/torsional-constant-calculator/	https://tooldone.com/zh/wulixue/niu-ju-chang-shu-ji-suan-qi/
physic	torsional-stiffness-calculator	https://tooldone.com/physic/torsional-stiffness-calculator/	https://tooldone.com/zh/wulixue/niu-zhuan-gang-du-ji-suan-qi/
physic	trajectory-calculator	https://tooldone.com/physic/trajectory-calculator/	https://tooldone.com/zh/wulixue/guiji-jisuanqi/
physic	transformer-sizing-calculator	https://tooldone.com/physic/transformer-sizing-calculator/	https://tooldone.com/zh/wulixue/bian-ya-qi-gui-ge-ji-suan-qi/
physic	transistor-biasing-calculator	https://tooldone.com/physic/transistor-biasing-calculator/	https://tooldone.com/zh/wulixue/jing-ti-guan-pian-zhi-ji-suan-qi/
physic	transmission-calculator	https://tooldone.com/physic/transmission-calculator/	https://tooldone.com/zh/wulixue/chuanbo-jisuanqi/
physic	true-airspeed-calculator	https://tooldone.com/physic/true-airspeed-calculator/	https://tooldone.com/zh/wulixue/zhenshi-kongsu-jisuanqi/
physic	true-strain-calculator	https://tooldone.com/physic/true-strain-calculator/	https://tooldone.com/zh/wulixue/zhen-shi-bian-xing-ji-suan-qi/
physic	twist-rate-calculator	https://tooldone.com/physic/twist-rate-calculator/	https://tooldone.com/zh/wulixue/xuan-zhuan-lu-ji-suan-qi/
physic	ufo-travel-calculator	https://tooldone.com/physic/ufo-travel-calculator/	https://tooldone.com/zh/wulixue/ufo-lu-xing-ji-suan-qi/
physic	universe-expansion-calculator	https://tooldone.com/physic/universe-expansion-calculator/	https://tooldone.com/zh/wulixue/yu-zhou-peng-zhang-ji-suan-qi/
physic	van-der-waals-equation-calculator	https://tooldone.com/physic/van-der-waals-equation-calculator/	https://tooldone.com/zh/wulixue/fan-de-wa-er-fang-cheng-ji-suan-qi/
physic	velocity-addition-calculator	https://tooldone.com/physic/velocity-addition-calculator/	https://tooldone.com/zh/wulixue/su-du-xiang-jia-ji-suan-qi/
physic	velocity-calculator	https://tooldone.com/physic/velocity-calculator/	https://tooldone.com/zh/wulixue/sudu-jisuanqi/
physic	vickers-hardness-number-calculator	https://tooldone.com/physic/vickers-hardness-number-calculator/	https://tooldone.com/zh/wulixue/weikesi-yingdu-shuzi-jisuanqi/
physic	virtual-temperature-calculator	https://tooldone.com/physic/virtual-temperature-calculator/	https://tooldone.com/zh/wulixue/xu-ni-wen-du-ji-suan-qi/
physic	volt-to-electron-volt-calculator	https://tooldone.com/physic/volt-to-electron-volt-calculator/	https://tooldone.com/zh/wulixue/fute-dianzi-fute-jisuanqi/
physic	voltage-divider-calculator	https://tooldone.com/physic/voltage-divider-calculator/	https://tooldone.com/zh/wulixue/dian-ya-fen-ya-ji-suan-qi/
physic	voltage-drop-calculator	https://tooldone.com/physic/voltage-drop-calculator/	https://tooldone.com/zh/wulixue/dian-ya-jiang-ya-ji-suan-qi/
physic	voltage-regulation-calculator	https://tooldone.com/physic/voltage-regulation-calculator/	https://tooldone.com/zh/wulixue/dian-ya-tiao-jie-ji-suan-qi/
physic	volume-to-mass-calculator	https://tooldone.com/physic/volume-to-mass-calculator/	https://tooldone.com/zh/wulixue/ti-ji-zhong-liang-ji-suan-qi/
physic	von-mises-stress-calculator	https://tooldone.com/physic/von-mises-stress-calculator/	https://tooldone.com/zh/wulixue/von-mises-ying-li-ji-suan-qi/
physic	vswr-calculator-voltage-standing-wave-ratio-calculator	https://tooldone.com/physic/vswr-calculator-voltage-standing-wave-ratio-calculator/	https://tooldone.com/zh/wulixue/vswr-ji-suan-qi-dian-ya-zhi-bo-bi/
physic	warp-speed-calculator	https://tooldone.com/physic/warp-speed-calculator/	https://tooldone.com/zh/wulixue/quxing-su-du-ji-suan-qi/
physic	water-density-calculator	https://tooldone.com/physic/water-density-calculator/	https://tooldone.com/zh/wulixue/shui-mi-du-ji-suan-qi/
physic	water-heating-calculator	https://tooldone.com/physic/water-heating-calculator/	https://tooldone.com/zh/wulixue/shui-jia-re-ji-suan-qi/
physic	water-viscosity-calculator	https://tooldone.com/physic/water-viscosity-calculator/	https://tooldone.com/zh/wulixue/shui-nian-du-ji-suan-qi/
physic	watt-calculator	https://tooldone.com/physic/watt-calculator/	https://tooldone.com/zh/wulixue/wa-te-ji-suan-qi/
physic	watt-converter	https://tooldone.com/physic/watt-converter/	https://tooldone.com/zh/wulixue/wate-zhuanhuanqi/
physic	watt-hour-calculator	https://tooldone.com/physic/watt-hour-calculator/	https://tooldone.com/zh/wulixue/wa-te-xiao-shi-ji-suan-qi/
physic	watts-to-amps-calculator	https://tooldone.com/physic/watts-to-amps-calculator/	https://tooldone.com/zh/wulixue/wate-dao-anpei-jisuanqi/
physic	watts-to-heat-calculator	https://tooldone.com/physic/watts-to-heat-calculator/	https://tooldone.com/zh/wulixue/wate-zhuanhuan-reliang-jisuanqi/
physic	watts-to-lux-calculator	https://tooldone.com/physic/watts-to-lux-calculator/	https://tooldone.com/zh/wulixue/wate-dao-lux-jisuanqi/
physic	wavelength-calculator	https://tooldone.com/physic/wavelength-calculator/	https://tooldone.com/zh/wulixue/bolang-chang-jisuanqi/
physic	weight-on-other-planets-calculator	https://tooldone.com/physic/weight-on-other-planets-calculator/	https://tooldone.com/zh/wulixue/qita-xingxing-shang-de-zhongliang-jisuanqi/
physic	wet-bulb-calculator	https://tooldone.com/physic/wet-bulb-calculator/	https://tooldone.com/zh/wulixue/shi-qiu-wen-du-ji-suan-qi/
physic	wheatstone-bridge-calculator	https://tooldone.com/physic/wheatstone-bridge-calculator/	https://tooldone.com/zh/wulixue/huisitong-qiao-jisuanqi/
physic	wiens-law-calculator	https://tooldone.com/physic/wiens-law-calculator/	https://tooldone.com/zh/wulixue/weien-dinglu-jisuanqi/
physic	wind-correction-angle-calculator	https://tooldone.com/physic/wind-correction-angle-calculator/	https://tooldone.com/zh/wulixue/feng-pian-jiao-ji-suan-qi/
physic	wind-load-calculator	https://tooldone.com/physic/wind-load-calculator/	https://tooldone.com/zh/wulixue/feng-he-zai-ji-suan-qi/
physic	wing-loading-calculator	https://tooldone.com/physic/wing-loading-calculator/	https://tooldone.com/zh/wulixue/ji-yi-fu-he-ji-suan-qi/
physic	wire-gauge-calculator	https://tooldone.com/physic/wire-gauge-calculator/	https://tooldone.com/zh/wulixue/xian-gui-ji-suan-qi/
physic	wire-resistance-calculator	https://tooldone.com/physic/wire-resistance-calculator/	https://tooldone.com/zh/wulixue/dian-xian-dian-zu-ji-suan-qi/
physic	wire-size-calculator	https://tooldone.com/physic/wire-size-calculator/	https://tooldone.com/zh/wulixue/dian-xian-gui-ge-ji-suan-qi/
physic	work-and-power-calculator	https://tooldone.com/physic/work-and-power-calculator/	https://tooldone.com/zh/wulixue/gongzuo-he-gonglv-jisuanqi/
physic	work-calculator	https://tooldone.com/physic/work-calculator/	https://tooldone.com/zh/wulixue/gongzuo-jisuanqi/
physic	y-plus-calculator	https://tooldone.com/physic/y-plus-calculator/	https://tooldone.com/zh/wulixue/y-plus-ji-suan-qi/
physic	youngs-modulus-calculator	https://tooldone.com/physic/youngs-modulus-calculator/	https://tooldone.com/zh/wulixue/yang-shi-mo-liang-ji-suan-qi/
statistic	5-number-summary-calculator	https://tooldone.com/statistic/5-number-summary-calculator/	https://tooldone.com/zh/tongji/5-shu-zi-zhai-yao-ji-suan-qi/
statistic	ab-test-calculator	https://tooldone.com/statistic/ab-test-calculator/	https://tooldone.com/zh/tongji/ab-ce-shi-ji-suan-qi/
statistic	absolute-uncertainty-calculator	https://tooldone.com/statistic/absolute-uncertainty-calculator/	https://tooldone.com/zh/tongji/juedui-buquedingxing-jisuanqi/
statistic	accuracy-calculator	https://tooldone.com/statistic/accuracy-calculator/	https://tooldone.com/zh/tongji/zhunquelu-jisuanqi/
statistic	anova-calculator	https://tooldone.com/statistic/anova-calculator/	https://tooldone.com/zh/tongji/fangcha-fenxi-jisuanqi/
statistic	anova-two-way-calculator	https://tooldone.com/statistic/anova-two-way-calculator/	https://tooldone.com/zh/tongji/shuangxiang-fangcha-fenxi-jisuanqi/
statistic	average-rating-calculator	https://tooldone.com/statistic/average-rating-calculator/	https://tooldone.com/zh/tongji/ping-jun-ping-fen-ji-suan-qi/
statistic	bayes-theorem-calculator	https://tooldone.com/statistic/bayes-theorem-calculator/	https://tooldone.com/zh/tongji/beiyesi-dingli-jisuanqi/
statistic	benfords-law-calculator	https://tooldone.com/statistic/benfords-law-calculator/	https://tooldone.com/zh/tongji/benfude-dinglv-jisuanqi/
statistic	bertrands-box-paradox	https://tooldone.com/statistic/bertrands-box-paradox/	https://tooldone.com/zh/tongji/bo-lan-de-xiang-zi-mi-lun/
statistic	bertrands-paradox	https://tooldone.com/statistic/bertrands-paradox/	https://tooldone.com/zh/tongji/beite-lan-xiangzi-pilun/
statistic	beta-distribution-calculator	https://tooldone.com/statistic/beta-distribution-calculator/	https://tooldone.com/zh/tongji/bei-ta-fen-bu-ji-suan-qi/
statistic	binomial-distribution-calculator	https://tooldone.com/statistic/binomial-distribution-calculator/	https://tooldone.com/zh/tongji/er-xiang-fen-bu-ji-suan-qi/
statistic	birthday-paradox-calculator	https://tooldone.com/statistic/birthday-paradox-calculator/	https://tooldone.com/zh/tongji/shengri-beilun-jisuanqi/
statistic	bonferroni-correction-calculator	https://tooldone.com/statistic/bonferroni-correction-calculator/	https://tooldone.com/zh/tongji/bangfeiluoni-jiaozheng-jisuanqi/
statistic	box-plot-calculator	https://tooldone.com/statistic/box-plot-calculator/	https://tooldone.com/zh/tongji/xiangxing-tu-jisuanqi/
statistic	boy-or-girl-paradox	https://tooldone.com/statistic/boy-or-girl-paradox/	https://tooldone.com/zh/tongji/nan-nv-bei-lun/
statistic	central-limit-theorem-calculator	https://tooldone.com/statistic/central-limit-theorem-calculator/	https://tooldone.com/zh/tongji/zhongxin-jixian-dingli-jisuanqi/
statistic	chebyshevs-theorem-calculator	https://tooldone.com/statistic/chebyshevs-theorem-calculator/	https://tooldone.com/zh/tongji/chebyshev-dingli-jisuanqi/
statistic	chi-square-calculator	https://tooldone.com/statistic/chi-square-calculator/	https://tooldone.com/zh/tongji/ka-fang-jian-yan-ji-suan-qi/
statistic	chi-square-goodness-of-fit-calculator	https://tooldone.com/statistic/chi-square-goodness-of-fit-calculator/	https://tooldone.com/zh/tongji/ka-fang-ni-he-you-du-jian-yan-ji-suan-qi/
statistic	class-width-calculator	https://tooldone.com/statistic/class-width-calculator/	https://tooldone.com/zh/tongji/zu-kuan-jisuanqi/
statistic	coefficient-of-determination-calculator-r-squared	https://tooldone.com/statistic/coefficient-of-determination-calculator-r-squared/	https://tooldone.com/zh/tongji/jueding-xishu-r-pingfang-jisuanqi/
statistic	coefficient-of-variation-calculator	https://tooldone.com/statistic/coefficient-of-variation-calculator/	https://tooldone.com/zh/tongji/bianyi-xishu-jisuanqi/
statistic	cohens-d-calculator	https://tooldone.com/statistic/cohens-d-calculator/	https://tooldone.com/zh/tongji/keen-d-zhi-jisuanqi/
statistic	coin-flip-probability-calculator	https://tooldone.com/statistic/coin-flip-probability-calculator/	https://tooldone.com/zh/tongji/yingbi-toss-gailu-jisuanqi/
statistic	coin-flipper	https://tooldone.com/statistic/coin-flipper/	https://tooldone.com/zh/tongji/yingbi-touzhi-qi/
statistic	coin-toss-streak-calculator	https://tooldone.com/statistic/coin-toss-streak-calculator/	https://tooldone.com/zh/tongji/ying-bi-tou-zhi-lian-xu-jisuanqi/
statistic	combination-calculator	https://tooldone.com/statistic/combination-calculator/	https://tooldone.com/zh/tongji/zuhe-jisuanqi/
statistic	conditional-probability-calculator	https://tooldone.com/statistic/conditional-probability-calculator/	https://tooldone.com/zh/tongji/tiaojian-gailv-jisuanqi/
statistic	confidence-interval-calculator	https://tooldone.com/statistic/confidence-interval-calculator/	https://tooldone.com/zh/tongji/zhixin-qujian-jisuanqi/
statistic	confusion-matrix-calculator	https://tooldone.com/statistic/confusion-matrix-calculator/	https://tooldone.com/zh/tongji/hunxiao-juzhen-jisuanqi/
statistic	constant-of-proportionality-calculator	https://tooldone.com/statistic/constant-of-proportionality-calculator/	https://tooldone.com/zh/tongji/bili-changshu-jisuanqi/
statistic	continuity-correction-calculator	https://tooldone.com/statistic/continuity-correction-calculator/	https://tooldone.com/zh/tongji/lianxuxing-xiaozheng-jisuanqi/
statistic	correlation-coefficient-calculator	https://tooldone.com/statistic/correlation-coefficient-calculator/	https://tooldone.com/zh/tongji/xiangguan-xishu-jisuanqi/
statistic	correlation-coefficient-calculator-matthews	https://tooldone.com/statistic/correlation-coefficient-calculator-matthews/	https://tooldone.com/zh/tongji/ma-xiu-xiang-guan-xi-shu-ji-suan-qi/
statistic	covariance-calculator	https://tooldone.com/statistic/covariance-calculator/	https://tooldone.com/zh/tongji/xiefangcha-jisuanqi/
statistic	critical-value-calculator	https://tooldone.com/statistic/critical-value-calculator/	https://tooldone.com/zh/tongji/lin-jie-zhi-ji-suan-qi/
statistic	cubic-regression-calculator	https://tooldone.com/statistic/cubic-regression-calculator/	https://tooldone.com/zh/tongji/lifang-huigui-jisuanqi/
statistic	decile-calculator	https://tooldone.com/statistic/decile-calculator/	https://tooldone.com/zh/tongji/shifenweishu-jisuanqi/
statistic	degrees-of-freedom-calculator	https://tooldone.com/statistic/degrees-of-freedom-calculator/	https://tooldone.com/zh/tongji/ziyoudu-jisuanqi/
statistic	descriptive-statistics-calculator	https://tooldone.com/statistic/descriptive-statistics-calculator/	https://tooldone.com/zh/tongji/miaoshu-tongji-jisuanqi/
statistic	dice-average-calculator	https://tooldone.com/statistic/dice-average-calculator/	https://tooldone.com/zh/tongji/touzi-pingjun-jisuanqi/
statistic	dice-probability-calculator	https://tooldone.com/statistic/dice-probability-calculator/	https://tooldone.com/zh/tongji/shaizi-gailv-jisuanqi/
statistic	dice-roller-calculator	https://tooldone.com/statistic/dice-roller-calculator/	https://tooldone.com/zh/tongji/touzzi-gundong-jisuanqi/
statistic	dispersion-calculator	https://tooldone.com/statistic/dispersion-calculator/	https://tooldone.com/zh/tongji/li-san-du-ji-suan-qi/
statistic	dot-plot-calculator	https://tooldone.com/statistic/dot-plot-calculator/	https://tooldone.com/zh/tongji/dian-tu-ji-suan-qi/
statistic	empirical-rule-calculator	https://tooldone.com/statistic/empirical-rule-calculator/	https://tooldone.com/zh/tongji/jingyan-fazheng-jisuanqi/
statistic	error-propagation-calculator	https://tooldone.com/statistic/error-propagation-calculator/	https://tooldone.com/zh/tongji/wucha-chuanbo-jisuanqi/
statistic	expected-value-calculator	https://tooldone.com/statistic/expected-value-calculator/	https://tooldone.com/zh/tongji/qiwang-zhi-jisuanqi/
statistic	exponential-distribution-calculator	https://tooldone.com/statistic/exponential-distribution-calculator/	https://tooldone.com/zh/tongji/zhishu-fenbu-jisuanqi/
statistic	exponential-growth-prediction-calculator	https://tooldone.com/statistic/exponential-growth-prediction-calculator/	https://tooldone.com/zh/tongji/zhishu-zengzhang-yuce-jisuanqi/
statistic	exponential-regression-calculator	https://tooldone.com/statistic/exponential-regression-calculator/	https://tooldone.com/zh/tongji/zhishu-huigui-jisuanqi/
statistic	f-statistic-calculator	https://tooldone.com/statistic/f-statistic-calculator/	https://tooldone.com/zh/tongji/f-tongji-jisuanqi/
statistic	f-test-for-equality-of-two-variances-calculator	https://tooldone.com/statistic/f-test-for-equality-of-two-variances-calculator/	https://tooldone.com/zh/tongji/liang-fangcha-xiangdeng-de-f-jianyan-jisuanqi/
statistic	false-positive-paradox-calculator	https://tooldone.com/statistic/false-positive-paradox-calculator/	https://tooldone.com/zh/tongji/jia-yang-xing-bei-lun-ji-suan-qi/
statistic	fishers-exact-test-calculator	https://tooldone.com/statistic/fishers-exact-test-calculator/	https://tooldone.com/zh/tongji/feixue-jingque-jianyan-jisuanqi/
statistic	frequency-distribution-calculator	https://tooldone.com/statistic/frequency-distribution-calculator/	https://tooldone.com/zh/tongji/pinlv-fenbu-jisuanqi/
statistic	frequency-polygon-calculator	https://tooldone.com/statistic/frequency-polygon-calculator/	https://tooldone.com/zh/tongji/pinlv-duobianxing-jisuanqi/
statistic	geometric-distribution-calculator	https://tooldone.com/statistic/geometric-distribution-calculator/	https://tooldone.com/zh/tongji/jihe-fenbu-jisuanqi/
statistic	grouped-data-standard-deviation-calculator	https://tooldone.com/statistic/grouped-data-standard-deviation-calculator/	https://tooldone.com/zh/tongji/fenzu-shuju-biaozhuncha-jisuanqi/
statistic	histogram-calculator	https://tooldone.com/statistic/histogram-calculator/	https://tooldone.com/zh/tongji/zhifangtu-jisuanqi/
statistic	hypergeometric-distribution-calculator	https://tooldone.com/statistic/hypergeometric-distribution-calculator/	https://tooldone.com/zh/tongji/chao-ji-he-fen-bu-ji-suan-qi/
statistic	hypothesis-testing-calculator	https://tooldone.com/statistic/hypothesis-testing-calculator/	https://tooldone.com/zh/tongji/jia-she-jian-yan-ji-suan-qi/
statistic	implied-probability-calculator	https://tooldone.com/statistic/implied-probability-calculator/	https://tooldone.com/zh/tongji/yinhan-gailv-jisuanqi/
statistic	index-of-qualitative-variation-calculator	https://tooldone.com/statistic/index-of-qualitative-variation-calculator/	https://tooldone.com/zh/tongji/dingxing-bianyi-zhishu-jisuanqi/
statistic	inverse-normal-distribution-calculator	https://tooldone.com/statistic/inverse-normal-distribution-calculator/	https://tooldone.com/zh/tongji/fanxiang-zhengtai-fenbu-jisuanqi/
statistic	iqr-calculator-interquartile-range	https://tooldone.com/statistic/iqr-calculator-interquartile-range/	https://tooldone.com/zh/tongji/si-fen-wei-ju-ji-suan-qi/
statistic	kruskal-wallis-h-test-calculator	https://tooldone.com/statistic/kruskal-wallis-h-test-calculator/	https://tooldone.com/zh/tongji/kruskal-wallis-h-jianyan-jisuanqi/
statistic	least-to-greatest-calculator	https://tooldone.com/statistic/least-to-greatest-calculator/	https://tooldone.com/zh/tongji/cong-xiao-dao-da-ji-suan-qi/
statistic	linear-regression-calculator	https://tooldone.com/statistic/linear-regression-calculator/	https://tooldone.com/zh/tongji/xianxing-huigui-jisuanqi/
statistic	log-rank-test-calculator	https://tooldone.com/statistic/log-rank-test-calculator/	https://tooldone.com/zh/tongji/dui-shu-chi-jian-yan-ji-suan-qi/
statistic	lognormal-distribution-calculator	https://tooldone.com/statistic/lognormal-distribution-calculator/	https://tooldone.com/zh/tongji/dui-shu-zheng-tai-fen-bu-ji-suan-qi/
statistic	lottery-calculator	https://tooldone.com/statistic/lottery-calculator/	https://tooldone.com/zh/tongji/caipiao-jisuanqi/
statistic	mann-whitney-u-test-calculator	https://tooldone.com/statistic/mann-whitney-u-test-calculator/	https://tooldone.com/zh/tongji/man-hui-te-ni-u-jian-yan-ji-suan-qi/
statistic	margin-of-error-calculator	https://tooldone.com/statistic/margin-of-error-calculator/	https://tooldone.com/zh/tongji/wucha-fanwei-jisuanqi/
statistic	mcnemars-chi-squared-test-calculator	https://tooldone.com/statistic/mcnemars-chi-squared-test-calculator/	https://tooldone.com/zh/tongji/maikenemaer-kafang-jianyan-jisuanqi/
statistic	mcnemars-test-calculator	https://tooldone.com/statistic/mcnemars-test-calculator/	https://tooldone.com/zh/tongji/maike-neima-jianyan-jisuanqi/
statistic	mean-absolute-deviation-calculator	https://tooldone.com/statistic/mean-absolute-deviation-calculator/	https://tooldone.com/zh/tongji/pingjun-juedui-piancha-jisuanqi/
statistic	mean-median-mode-calculator	https://tooldone.com/statistic/mean-median-mode-calculator/	https://tooldone.com/zh/tongji/junjun-zhongwei-zhongshu-jisuanqi/
statistic	median-absolute-deviation-calculator	https://tooldone.com/statistic/median-absolute-deviation-calculator/	https://tooldone.com/zh/tongji/zhong-wei-shu-jue-dui-pian-cha-ji-suan-qi/
statistic	median-calculator	https://tooldone.com/statistic/median-calculator/	https://tooldone.com/zh/tongji/zhongweishu-jisuanqi/
statistic	midrange-calculator	https://tooldone.com/statistic/midrange-calculator/	https://tooldone.com/zh/tongji/zhongwei-shu-jisuanqi/
statistic	minimum-and-maximum-calculator	https://tooldone.com/statistic/minimum-and-maximum-calculator/	https://tooldone.com/zh/tongji/zui-xiao-zhi-he-zui-da-zhi-ji-suan-qi/
statistic	mode-calculator	https://tooldone.com/statistic/mode-calculator/	https://tooldone.com/zh/tongji/zhongshu-jisuanqi/
statistic	monty-hall-problem-calculator	https://tooldone.com/statistic/monty-hall-problem-calculator/	https://tooldone.com/zh/tongji/mengti-haer-wenti-moniqi/
statistic	mse-calculator	https://tooldone.com/statistic/mse-calculator/	https://tooldone.com/zh/tongji/junfang-wucha-jisuanqi/
statistic	multiple-linear-regression-calculator	https://tooldone.com/statistic/multiple-linear-regression-calculator/	https://tooldone.com/zh/tongji/duoyuan-xianxing-huigui-jisuanqi/
statistic	negative-binomial-distribution-calculator	https://tooldone.com/statistic/negative-binomial-distribution-calculator/	https://tooldone.com/zh/tongji/fu-er-xiang-fen-bu-ji-suan-qi/
statistic	normal-approximation-calculator	https://tooldone.com/statistic/normal-approximation-calculator/	https://tooldone.com/zh/tongji/zhengtai-jinsi-jisuanqi/
statistic	normal-distribution-calculator	https://tooldone.com/statistic/normal-distribution-calculator/	https://tooldone.com/zh/tongji/zhengtai-fenbu-jisuanqi/
statistic	normal-probability-calculator-for-sampling-distributions	https://tooldone.com/statistic/normal-probability-calculator-for-sampling-distributions/	https://tooldone.com/zh/tongji/chouyang-fenbu-zhengtai-gailv-jisuanqi/
statistic	odds-calculator	https://tooldone.com/statistic/odds-calculator/	https://tooldone.com/zh/tongji/peilu-jisuanqi/
statistic	odds-ratio-calculator	https://tooldone.com/statistic/odds-ratio-calculator/	https://tooldone.com/zh/tongji/qi-yu-bi-shu-ji-suan-qi/
statistic	outlier-calculator	https://tooldone.com/statistic/outlier-calculator/	https://tooldone.com/zh/tongji/liqun-zhi-jisuanqi/
statistic	p-hat-calculator	https://tooldone.com/statistic/p-hat-calculator/	https://tooldone.com/zh/tongji/p-mao-jisuanqi/
statistic	p-value-calculator	https://tooldone.com/statistic/p-value-calculator/	https://tooldone.com/zh/tongji/p-zhi-jisuanqi/
statistic	paired-samples-t-test-calculator	https://tooldone.com/statistic/paired-samples-t-test-calculator/	https://tooldone.com/zh/tongji/peidui-yangben-t-jianyan-jisuanqi/
statistic	parrondos-paradox-calculator	https://tooldone.com/statistic/parrondos-paradox-calculator/	https://tooldone.com/zh/tongji/palongduo-peilun-jisuanqi/
statistic	partial-correlation-calculator	https://tooldone.com/statistic/partial-correlation-calculator/	https://tooldone.com/zh/tongji/pian-xiang-guan-ji-suan-qi/
statistic	password-combination-calculator	https://tooldone.com/statistic/password-combination-calculator/	https://tooldone.com/zh/tongji/mima-zuhe-jisuanqi/
statistic	pearson-correlation-calculator	https://tooldone.com/statistic/pearson-correlation-calculator/	https://tooldone.com/zh/tongji/pixun-xiangguan-xisu-jisuanqi/
statistic	percentile-calculator	https://tooldone.com/statistic/percentile-calculator/	https://tooldone.com/zh/tongji/baifenweishu-jisuanqi/
statistic	percentile-rank-calculator	https://tooldone.com/statistic/percentile-rank-calculator/	https://tooldone.com/zh/tongji/bai-fen-wei-deng-ji-ji-suan-qi/
statistic	permutation-calculator	https://tooldone.com/statistic/permutation-calculator/	https://tooldone.com/zh/tongji/pailie-jisuanqi/
statistic	pie-chart-calculator	https://tooldone.com/statistic/pie-chart-calculator/	https://tooldone.com/zh/tongji/bingtu-jisuanqi/
statistic	point-biserial-correlation-calculator	https://tooldone.com/statistic/point-biserial-correlation-calculator/	https://tooldone.com/zh/tongji/dian-er-xilie-xiangguan-jisuanqi/
statistic	point-estimate-calculator	https://tooldone.com/statistic/point-estimate-calculator/	https://tooldone.com/zh/tongji/diangu-jisuanqi/
statistic	poisson-distribution-calculator	https://tooldone.com/statistic/poisson-distribution-calculator/	https://tooldone.com/zh/tongji/bosong-fenbu-jisuanqi/
statistic	polynomial-regression-calculator	https://tooldone.com/statistic/polynomial-regression-calculator/	https://tooldone.com/zh/tongji/duoxiangshi-huigui-jisuanqi/
statistic	pooled-standard-deviation-calculator	https://tooldone.com/statistic/pooled-standard-deviation-calculator/	https://tooldone.com/zh/tongji/hebing-biaozhuncha-jisuanqi/
statistic	population-variance-calculator	https://tooldone.com/statistic/population-variance-calculator/	https://tooldone.com/zh/tongji/zhong-qun-fang-cha-ji-suan-qi/
statistic	post-test-probability-calculator	https://tooldone.com/statistic/post-test-probability-calculator/	https://tooldone.com/zh/tongji/ceshi-hou-gailv-jisuanqi/
statistic	power-analysis-calculator	https://tooldone.com/statistic/power-analysis-calculator/	https://tooldone.com/zh/tongji/gonglu-fenxi-jisuanqi/
statistic	probability-calculator	https://tooldone.com/statistic/probability-calculator/	https://tooldone.com/zh/tongji/gailv-jisuanqi/
statistic	probability-of-3-events-calculator	https://tooldone.com/statistic/probability-of-3-events-calculator/	https://tooldone.com/zh/tongji/san-ge-shi-jian-de-gai-lu-ji-suan-qi/
statistic	process-capability-index-calculator	https://tooldone.com/statistic/process-capability-index-calculator/	https://tooldone.com/zh/tongji/gongcheng-nengli-zhishu-jisuanqi/
statistic	propensity-score-matching-calculator	https://tooldone.com/statistic/propensity-score-matching-calculator/	https://tooldone.com/zh/tongji/qingxiang-defen-pipei-jisuanqi/
statistic	quadratic-regression-calculator	https://tooldone.com/statistic/quadratic-regression-calculator/	https://tooldone.com/zh/tongji/er-ci-hui-gui-ji-suan-qi/
statistic	quartile-calculator	https://tooldone.com/statistic/quartile-calculator/	https://tooldone.com/zh/tongji/sifen-wei-shu-ji-suan-qi/
statistic	random-number-generator	https://tooldone.com/statistic/random-number-generator/	https://tooldone.com/zh/tongji/suiji-shu-shengchengqi/
statistic	range-calculator	https://tooldone.com/statistic/range-calculator/	https://tooldone.com/zh/tongji/fanwei-jisuanqi/
statistic	raw-score-calculator	https://tooldone.com/statistic/raw-score-calculator/	https://tooldone.com/zh/tongji/yuan-shu-ping-fen-ji-suan-qi/
statistic	rayleigh-distribution-calculator	https://tooldone.com/statistic/rayleigh-distribution-calculator/	https://tooldone.com/zh/tongji/ruili-fenbu-jisuanqi/
statistic	relative-error-calculator	https://tooldone.com/statistic/relative-error-calculator/	https://tooldone.com/zh/tongji/xiangdui-wucha-jisuanqi/
statistic	relative-frequency-calculator	https://tooldone.com/statistic/relative-frequency-calculator/	https://tooldone.com/zh/tongji/xiangdui-pinlv-jisuanqi/
statistic	relative-risk-calculator	https://tooldone.com/statistic/relative-risk-calculator/	https://tooldone.com/zh/tongji/xiangdui-fengxian-jisuanqi/
statistic	relative-risk-reduction-calculator	https://tooldone.com/statistic/relative-risk-reduction-calculator/	https://tooldone.com/zh/tongji/xiangdui-fengxian-jiangdi-jisuanqi/
statistic	relative-standard-deviation-calculator	https://tooldone.com/statistic/relative-standard-deviation-calculator/	https://tooldone.com/zh/tongji/xiangdui-biaozhun-chai-jisuanqi/
statistic	repeated-measures-anova-calculator	https://tooldone.com/statistic/repeated-measures-anova-calculator/	https://tooldone.com/zh/tongji/chongfu-celiang-fangcha-fenxi-jisuanqi/
statistic	residual-calculator	https://tooldone.com/statistic/residual-calculator/	https://tooldone.com/zh/tongji/can-cha-ji-suan-qi/
statistic	risk-calculator	https://tooldone.com/statistic/risk-calculator/	https://tooldone.com/zh/tongji/fengxian-jisuanqi/
statistic	roc-curve-calculator	https://tooldone.com/statistic/roc-curve-calculator/	https://tooldone.com/zh/tongji/roc-quxian-jisuanqi/
statistic	roulette-payout-calculator	https://tooldone.com/statistic/roulette-payout-calculator/	https://tooldone.com/zh/tongji/lunpan-zhichu-jisuanqi/
statistic	rse-calculator-relative-standard-error	https://tooldone.com/statistic/rse-calculator-relative-standard-error/	https://tooldone.com/zh/tongji/xiangdui-biaozhun-wucha-jisuanqi/
statistic	sample-size-calculator	https://tooldone.com/statistic/sample-size-calculator/	https://tooldone.com/zh/tongji/yangben-daxiao-jisuanqi/
statistic	sampling-distribution-of-the-sample-proportion-calculator	https://tooldone.com/statistic/sampling-distribution-of-the-sample-proportion-calculator/	https://tooldone.com/zh/tongji/yangben-bili-chouyang-fenbu-jisuanqi/
statistic	sampling-error-calculator	https://tooldone.com/statistic/sampling-error-calculator/	https://tooldone.com/zh/tongji/chouyang-wucha-jisuanqi/
statistic	sensitivity-and-specificity-calculator	https://tooldone.com/statistic/sensitivity-and-specificity-calculator/	https://tooldone.com/zh/tongji/lingmindu-he-teyixing-jisuanqi/
statistic	shannon-entropy-calculator	https://tooldone.com/statistic/shannon-entropy-calculator/	https://tooldone.com/zh/tongji/xiang-nong-shang-ji-suan-qi/
statistic	sign-test-calculator	https://tooldone.com/statistic/sign-test-calculator/	https://tooldone.com/zh/tongji/sign-test-calculator-zh/
statistic	simpsons-diversity-index-calculator	https://tooldone.com/statistic/simpsons-diversity-index-calculator/	https://tooldone.com/zh/tongji/xinpusen-duoyangxing-zhishu-jisuanqi/
statistic	skewness-calculator	https://tooldone.com/statistic/skewness-calculator/	https://tooldone.com/zh/tongji/pian-tai-jisuan-qi/
statistic	smp-x-distribution-calculator	https://tooldone.com/statistic/smp-x-distribution-calculator/	https://tooldone.com/zh/tongji/yangben-junzhi-fenbu-jisuanqi/
statistic	spearmans-correlation-calculator	https://tooldone.com/statistic/spearmans-correlation-calculator/	https://tooldone.com/zh/tongji/sipierman-xiangguan-jisuanqi/
statistic	standard-deviation-calculator	https://tooldone.com/statistic/standard-deviation-calculator/	https://tooldone.com/zh/tongji/biaozhun-cha-jisuanqi/
statistic	standard-deviation-index-calculator	https://tooldone.com/statistic/standard-deviation-index-calculator/	https://tooldone.com/zh/tongji/biaozhun-piancha-jisuanqi/
statistic	standard-deviation-of-sample-mean-calculator	https://tooldone.com/statistic/standard-deviation-of-sample-mean-calculator/	https://tooldone.com/zh/tongji/yangben-junzhi-de-biaozhun-cha-jisuan-qi/
statistic	standard-error-calculator	https://tooldone.com/statistic/standard-error-calculator/	https://tooldone.com/zh/tongji/biaozhun-cuowu-jisuanqi/
statistic	stem-and-leaf-plot-calculator	https://tooldone.com/statistic/stem-and-leaf-plot-calculator/	https://tooldone.com/zh/tongji/jing-ye-tu-ji-suan-qi/
statistic	sum-of-squares-calculator	https://tooldone.com/statistic/sum-of-squares-calculator/	https://tooldone.com/zh/tongji/pingfang-he-jisuanqi/
statistic	survival-analysis-calculator	https://tooldone.com/statistic/survival-analysis-calculator/	https://tooldone.com/zh/tongji/shengcun-fenxi-jisuanqi/
statistic	t-statistic-calculator	https://tooldone.com/statistic/t-statistic-calculator/	https://tooldone.com/zh/tongji/t-tongji-jisuanqi/
statistic	t-test-calculator	https://tooldone.com/statistic/t-test-calculator/	https://tooldone.com/zh/tongji/t-jianyan-jisuanqi/
statistic	tukey-hsd-calculator	https://tooldone.com/statistic/tukey-hsd-calculator/	https://tooldone.com/zh/tongji/duqi-jianyan-jisuanqi/
statistic	two-envelopes-paradox-calculator	https://tooldone.com/statistic/two-envelopes-paradox-calculator/	https://tooldone.com/zh/tongji/shuang-xin-feng-bei-lun-ji-suan-qi/
statistic	uniform-distribution-calculator	https://tooldone.com/statistic/uniform-distribution-calculator/	https://tooldone.com/zh/tongji/jun-yun-fen-bu-ji-suan-qi/
statistic	upper-and-lower-fence-calculator	https://tooldone.com/statistic/upper-and-lower-fence-calculator/	https://tooldone.com/zh/tongji/shang-xia-weilan-jisuanqi/
statistic	upper-control-limit-calculator	https://tooldone.com/statistic/upper-control-limit-calculator/	https://tooldone.com/zh/tongji/shangxian-kongzhi-jisuanqi/
statistic	variance-calculator	https://tooldone.com/statistic/variance-calculator/	https://tooldone.com/zh/tongji/fangcha-jisuanqi/
statistic	venn-diagram-calculator	https://tooldone.com/statistic/venn-diagram-calculator/	https://tooldone.com/zh/tongji/weien-tu-jisuanqi/
statistic	wald-test-calculator	https://tooldone.com/statistic/wald-test-calculator/	https://tooldone.com/zh/tongji/wa-er-de-jian-yan-ji-suan-qi/
statistic	weibull-distribution-calculator	https://tooldone.com/statistic/weibull-distribution-calculator/	https://tooldone.com/zh/tongji/weibull-fenbu-jisuanqi/
statistic	weighted-mean-calculator	https://tooldone.com/statistic/weighted-mean-calculator/	https://tooldone.com/zh/tongji/jiaquan-pingjun-jisuanqi/
statistic	wilcoxon-rank-sum-test-calculator	https://tooldone.com/statistic/wilcoxon-rank-sum-test-calculator/	https://tooldone.com/zh/tongji/wei-er-ke-ke-sen-zhi-he-jian-yan-ji-suan-qi/
statistic	wilcoxon-signed-rank-test-calculator	https://tooldone.com/statistic/wilcoxon-signed-rank-test-calculator/	https://tooldone.com/zh/tongji/weierkesen-fuhao-chihe-jianyan-jisuanqi/
statistic	yates-correction-for-continuity-calculator	https://tooldone.com/statistic/yates-correction-for-continuity-calculator/	https://tooldone.com/zh/tongji/yei-ci-kang-zhi-lian-xu-ji-suan-qi/
statistic	z-score-calculator	https://tooldone.com/statistic/z-score-calculator/	https://tooldone.com/zh/tongji/z-fenshu-jisuanqi/
statistic	z-test-calculator	https://tooldone.com/statistic/z-test-calculator/	https://tooldone.com/zh/tongji/z-jianyan-jisuanqi/
